check_id,batch_id,check_datetime,stage,firmness_kg_cm2,sugar_brix,defect_pct
CHK-000001,BAT-000001,2024-08-06 13:15:00,harvest,7.32,13.3,3.4
CHK-000002,BAT-000001,2024-09-11 13:50:24,pre_dispatch,7.57,15.6,1.3
CHK-000003,BAT-000001,2024-09-12 22:09:24,arrival,6.53,16.2,17.1
CHK-000004,BAT-000002,2024-09-03 15:45:00,harvest,7.11,11.7,0.9
CHK-000005,BAT-000002,2024-11-26 16:53:24,pre_dispatch,7.1,14.9,3.1
CHK-000006,BAT-000002,2024-11-28 10:42:00,arrival,5.58,12.2,10.7
CHK-000007,BAT-000003,2024-08-19 12:15:00,harvest,7.4,12.1,1.8
CHK-000008,BAT-000003,2024-11-29 12:30:00,pre_dispatch,6.83,15.0,4.5
CHK-000009,BAT-000003,2024-12-01 00:15:00,arrival,5.52,12.5,17.5
CHK-000010,BAT-000004,2024-08-23 07:00:00,harvest,7.06,11.3,3.1
CHK-000011,BAT-000004,2024-09-11 07:41:24,pre_dispatch,6.83,15.2,4.6
CHK-000012,BAT-000004,2024-09-11 19:20:00,arrival,5.66,12.0,6.1
CHK-000013,BAT-000005,2024-10-20 07:00:00,harvest,7.88,12.3,0.8
CHK-000014,BAT-000005,2025-02-22 09:53:24,pre_dispatch,5.29,14.3,4.0
CHK-000015,BAT-000005,2025-02-22 21:33:48,arrival,6.14,11.7,14.4
CHK-000016,BAT-000006,2024-09-25 12:15:00,harvest,8.05,12.1,1.3
CHK-000017,BAT-000006,2025-01-25 14:33:36,pre_dispatch,5.57,16.9,8.3
CHK-000018,BAT-000006,2025-01-25 22:58:36,arrival,6.24,14.8,7.6
CHK-000019,BAT-000007,2024-09-06 08:30:00,harvest,8.4,16.1,1.8
CHK-000020,BAT-000007,2025-01-04 08:33:00,pre_dispatch,6.94,11.6,8.1
CHK-000021,BAT-000007,2025-01-04 17:14:48,arrival,7.09,16.5,8.6
CHK-000022,BAT-000008,2024-10-03 15:45:00,harvest,7.46,12.1,3.9
CHK-000023,BAT-000008,2024-12-07 18:38:24,pre_dispatch,6.04,15.5,8.2
CHK-000024,BAT-000008,2024-12-08 13:18:24,arrival,4.3,15.7,2.8
CHK-000025,BAT-000009,2024-07-01 08:45:00,harvest,7.48,13.1,1.9
CHK-000026,BAT-000009,2024-07-14 10:22:12,pre_dispatch,7.68,16.5,5.5
CHK-000027,BAT-000009,2024-07-15 06:25:48,arrival,4.73,14.3,9.0
CHK-000028,BAT-000010,2024-09-02 14:00:00,harvest,6.77,14.1,1.3
CHK-000029,BAT-000010,2024-09-29 16:22:48,pre_dispatch,7.03,16.5,1.2
CHK-000030,BAT-000010,2024-09-30 10:17:24,arrival,5.67,12.8,16.9
CHK-000031,BAT-000011,2024-09-09 10:45:00,harvest,8.41,14.7,0.8
CHK-000032,BAT-000011,2024-09-26 11:50:24,pre_dispatch,6.42,13.8,2.9
CHK-000033,BAT-000011,2024-09-26 19:51:36,arrival,5.74,13.6,16.1
CHK-000034,BAT-000012,2024-08-25 09:30:00,harvest,7.16,15.0,1.5
CHK-000035,BAT-000012,2024-12-07 12:32:24,pre_dispatch,6.31,11.9,6.0
CHK-000036,BAT-000012,2024-12-08 07:58:48,arrival,4.77,16.7,8.2
CHK-000037,BAT-000013,2024-09-19 12:00:00,harvest,6.86,13.0,1.6
CHK-000038,BAT-000013,2025-01-16 15:36:36,pre_dispatch,6.43,11.9,5.2
CHK-000039,BAT-000013,2025-01-17 12:18:12,arrival,5.8,14.5,17.7
CHK-000040,BAT-000014,2024-08-18 13:00:00,harvest,8.19,15.2,0.6
CHK-000041,BAT-000014,2024-10-12 16:24:36,pre_dispatch,6.37,13.5,3.4
CHK-000042,BAT-000014,2024-10-14 11:41:24,arrival,4.56,16.4,9.8
CHK-000043,BAT-000015,2024-08-14 08:15:00,harvest,7.37,12.2,3.4
CHK-000044,BAT-000015,2024-09-06 11:30:00,pre_dispatch,5.42,15.2,5.1
CHK-000045,BAT-000015,2024-09-08 00:25:12,arrival,6.83,15.2,16.0
CHK-000046,BAT-000016,2024-10-09 13:00:00,harvest,7.8,13.9,0.7
CHK-000047,BAT-000016,2024-11-11 15:10:48,pre_dispatch,7.73,15.1,8.1
CHK-000048,BAT-000016,2024-11-13 09:12:36,arrival,5.29,14.3,15.0
CHK-000049,BAT-000017,2024-08-27 12:15:00,harvest,8.31,16.2,3.0
CHK-000050,BAT-000017,2024-11-01 15:05:24,pre_dispatch,5.39,15.9,7.6
CHK-000051,BAT-000017,2024-11-03 09:18:48,arrival,4.33,12.5,13.6
CHK-000052,BAT-000018,2024-09-22 11:15:00,harvest,7.41,14.6,3.0
CHK-000053,BAT-000018,2024-12-17 14:04:12,pre_dispatch,6.12,16.8,3.3
CHK-000054,BAT-000018,2024-12-18 12:09:24,arrival,4.46,16.6,13.8
CHK-000055,BAT-000019,2024-10-06 07:00:00,harvest,7.25,15.9,0.5
CHK-000056,BAT-000019,2024-11-08 07:37:12,pre_dispatch,5.83,16.2,6.2
CHK-000057,BAT-000019,2024-11-08 17:50:48,arrival,5.29,13.3,6.9
CHK-000058,BAT-000020,2024-09-17 15:15:00,harvest,8.38,13.0,3.3
CHK-000059,BAT-000020,2025-02-11 17:00:00,pre_dispatch,6.77,16.6,2.0
CHK-000060,BAT-000020,2025-02-12 04:57:00,arrival,6.02,16.0,13.0
CHK-000061,BAT-000021,2024-09-03 11:15:00,harvest,7.93,16.0,2.8
CHK-000062,BAT-000021,2024-12-17 14:26:24,pre_dispatch,6.98,14.1,3.7
CHK-000063,BAT-000021,2024-12-19 01:37:00,arrival,5.91,12.4,15.4
CHK-000064,BAT-000022,2024-10-05 12:00:00,harvest,8.22,14.0,2.6
CHK-000065,BAT-000022,2024-10-28 13:52:48,pre_dispatch,5.55,16.7,8.1
CHK-000066,BAT-000022,2024-10-29 09:34:12,arrival,5.73,13.3,7.3
CHK-000067,BAT-000023,2024-10-23 08:00:00,harvest,6.87,11.7,1.5
CHK-000068,BAT-000023,2024-12-18 08:43:48,pre_dispatch,6.21,14.5,6.5
CHK-000069,BAT-000023,2024-12-19 01:48:36,arrival,5.05,12.9,15.2
CHK-000070,BAT-000024,2024-05-20 13:45:00,harvest,6.92,14.0,2.3
CHK-000071,BAT-000024,2024-05-28 14:21:36,pre_dispatch,7.3,13.5,4.8
CHK-000072,BAT-000024,2024-05-29 22:57:36,arrival,4.97,17.1,8.7
CHK-000073,BAT-000025,2024-10-20 15:30:00,harvest,7.66,13.6,0.7
CHK-000074,BAT-000025,2025-02-23 17:52:48,pre_dispatch,7.52,14.6,5.9
CHK-000075,BAT-000025,2025-02-24 07:00:48,arrival,4.74,15.6,2.0
CHK-000076,BAT-000026,2024-09-08 15:45:00,harvest,8.24,15.8,1.8
CHK-000077,BAT-000026,2024-09-18 16:09:00,pre_dispatch,5.02,13.9,1.8
CHK-000078,BAT-000026,2024-09-19 23:38:36,arrival,5.61,16.4,8.8
CHK-000079,BAT-000027,2024-10-08 10:30:00,harvest,8.14,13.0,3.9
CHK-000080,BAT-000027,2024-10-28 12:37:48,pre_dispatch,6.49,15.9,3.5
CHK-000081,BAT-000027,2024-10-29 07:03:48,arrival,5.63,15.7,10.3
CHK-000082,BAT-000028,2024-06-02 15:15:00,harvest,7.45,12.3,0.7
CHK-000083,BAT-000028,2024-06-05 17:45:36,pre_dispatch,6.45,15.1,7.8
CHK-000084,BAT-000028,2024-06-06 03:21:12,arrival,6.48,14.0,15.0
CHK-000085,BAT-000029,2024-09-04 09:30:00,harvest,8.02,16.3,1.4
CHK-000086,BAT-000029,2024-12-31 09:41:24,pre_dispatch,7.43,15.8,7.2
CHK-000087,BAT-000029,2025-01-01 18:16:48,arrival,6.62,15.9,15.9
CHK-000088,BAT-000030,2024-10-18 13:45:00,harvest,7.71,16.0,2.6
CHK-000089,BAT-000030,2025-01-23 13:39:00,pre_dispatch,7.11,14.8,5.3
CHK-000090,BAT-000030,2025-01-24 11:31:00,arrival,4.19,12.7,5.0
CHK-000091,BAT-000031,2024-10-01 15:30:00,harvest,8.47,13.5,3.2
CHK-000092,BAT-000031,2024-12-06 17:57:00,pre_dispatch,7.75,15.9,3.6
CHK-000093,BAT-000031,2024-12-07 12:45:12,arrival,6.79,14.5,7.9
CHK-000094,BAT-000032,2024-10-03 09:15:00,harvest,7.57,11.7,1.4
CHK-000095,BAT-000032,2024-11-14 09:06:36,pre_dispatch,5.38,13.1,8.4
CHK-000096,BAT-000032,2024-11-14 19:04:12,arrival,4.42,14.6,5.4
CHK-000097,BAT-000033,2024-10-25 07:30:00,harvest,7.83,14.7,0.9
CHK-000098,BAT-000033,2025-01-02 10:06:36,pre_dispatch,5.81,16.7,4.4
CHK-000099,BAT-000033,2025-01-03 05:34:24,arrival,6.14,16.2,13.2
CHK-000100,BAT-000034,2024-08-11 09:15:00,harvest,6.66,11.6,1.2
CHK-000101,BAT-000034,2024-08-30 13:00:00,pre_dispatch,6.08,15.7,5.0
CHK-000102,BAT-000034,2024-08-30 20:07:48,arrival,5.71,16.7,2.8
CHK-000103,BAT-000035,2024-09-06 12:30:00,harvest,6.52,12.2,2.1
CHK-000104,BAT-000035,2025-01-14 15:23:24,pre_dispatch,6.01,13.9,8.4
CHK-000105,BAT-000035,2025-01-15 00:44:48,arrival,7.14,12.9,17.2
CHK-000106,BAT-000036,2024-09-27 08:45:00,harvest,7.7,16.0,0.7
CHK-000107,BAT-000036,2024-10-18 09:19:48,pre_dispatch,6.18,14.2,5.0
CHK-000108,BAT-000036,2024-10-19 04:48:36,arrival,6.32,13.0,9.6
CHK-000109,BAT-000037,2024-07-20 09:45:00,harvest,8.49,13.7,2.7
CHK-000110,BAT-000037,2024-08-07 13:00:36,pre_dispatch,7.01,15.1,5.8
CHK-000111,BAT-000037,2024-08-09 08:46:00,arrival,7.06,15.1,1.5
CHK-000112,BAT-000038,2024-10-02 09:30:00,harvest,6.61,15.2,1.9
CHK-000113,BAT-000038,2025-02-13 12:10:12,pre_dispatch,6.35,15.8,6.6
CHK-000114,BAT-000038,2025-02-14 01:26:12,arrival,5.46,14.0,17.3
CHK-000115,BAT-000039,2024-09-30 09:30:00,harvest,8.19,16.2,1.3
CHK-000116,BAT-000039,2024-12-04 12:57:36,pre_dispatch,5.94,14.6,8.4
CHK-000117,BAT-000039,2024-12-05 20:27:36,arrival,6.62,15.9,4.5
CHK-000118,BAT-000040,2024-06-10 10:30:00,harvest,7.06,14.9,2.9
CHK-000119,BAT-000040,2024-06-15 10:09:36,pre_dispatch,6.03,16.7,5.9
CHK-000120,BAT-000040,2024-06-16 04:40:12,arrival,5.22,13.1,14.4
CHK-000121,BAT-000041,2024-07-02 10:00:00,harvest,7.87,15.9,3.8
CHK-000122,BAT-000041,2024-07-15 13:06:36,pre_dispatch,5.29,14.8,3.5
CHK-000123,BAT-000041,2024-07-15 22:52:48,arrival,6.25,12.0,18.0
CHK-000124,BAT-000042,2024-08-22 08:15:00,harvest,8.17,11.0,3.4
CHK-000125,BAT-000042,2024-09-05 09:34:48,pre_dispatch,6.61,12.7,6.9
CHK-000126,BAT-000042,2024-09-06 17:45:36,arrival,4.82,12.2,13.7
CHK-000127,BAT-000043,2024-08-10 14:45:00,harvest,7.24,13.9,2.7
CHK-000128,BAT-000043,2024-09-07 17:16:12,pre_dispatch,5.53,14.1,7.0
CHK-000129,BAT-000043,2024-09-09 11:07:24,arrival,4.09,13.2,4.9
CHK-000130,BAT-000044,2024-08-01 15:00:00,harvest,7.08,12.0,2.9
CHK-000131,BAT-000044,2024-08-11 17:54:00,pre_dispatch,5.77,13.6,7.7
CHK-000132,BAT-000044,2024-08-12 02:31:00,arrival,5.39,16.8,12.4
CHK-000133,BAT-000045,2024-10-10 11:45:00,harvest,8.03,15.2,2.2
CHK-000134,BAT-000045,2024-11-02 14:59:24,pre_dispatch,6.54,12.4,2.6
CHK-000135,BAT-000045,2024-11-04 08:30:24,arrival,6.68,16.7,3.3
CHK-000136,BAT-000046,2024-08-26 12:00:00,harvest,8.48,11.6,0.6
CHK-000137,BAT-000046,2024-09-15 11:57:36,pre_dispatch,5.14,16.7,5.0
CHK-000138,BAT-000046,2024-09-16 20:37:00,arrival,7.11,13.4,15.7
CHK-000139,BAT-000047,2024-08-16 13:45:00,harvest,6.84,15.6,3.4
CHK-000140,BAT-000047,2024-09-12 15:21:36,pre_dispatch,6.37,12.4,2.6
CHK-000141,BAT-000047,2024-09-13 01:39:00,arrival,5.93,11.5,13.1
CHK-000142,BAT-000048,2024-09-01 08:00:00,harvest,6.91,14.9,0.6
CHK-000143,BAT-000048,2024-11-11 08:47:24,pre_dispatch,5.73,14.7,1.1
CHK-000144,BAT-000048,2024-11-12 02:24:00,arrival,6.49,13.7,3.1
CHK-000145,BAT-000049,2024-06-25 10:45:00,harvest,7.95,11.3,1.8
CHK-000146,BAT-000049,2024-07-08 12:18:00,pre_dispatch,7.8,16.6,3.0
CHK-000147,BAT-000049,2024-07-08 21:41:36,arrival,6.28,13.5,4.3
CHK-000148,BAT-000050,2024-08-27 14:45:00,harvest,8.08,11.6,0.7
CHK-000149,BAT-000050,2024-11-26 15:31:48,pre_dispatch,5.15,13.6,2.1
CHK-000150,BAT-000050,2024-11-28 09:45:24,arrival,6.9,15.6,11.3
CHK-000151,BAT-000051,2024-10-17 15:00:00,harvest,6.8,16.0,2.7
CHK-000152,BAT-000051,2025-03-19 16:33:36,pre_dispatch,6.69,16.2,1.2
CHK-000153,BAT-000051,2025-03-20 11:13:12,arrival,4.8,15.0,2.1
CHK-000154,BAT-000052,2024-09-26 14:45:00,harvest,7.23,16.2,2.5
CHK-000155,BAT-000052,2024-12-26 14:15:36,pre_dispatch,5.8,13.5,7.3
CHK-000156,BAT-000052,2024-12-27 01:36:48,arrival,7.11,13.5,2.4
CHK-000157,BAT-000053,2024-09-14 14:15:00,harvest,8.18,13.2,1.8
CHK-000158,BAT-000053,2024-10-04 16:39:00,pre_dispatch,5.49,13.2,6.0
CHK-000159,BAT-000053,2024-10-06 11:22:12,arrival,6.82,14.3,1.9
CHK-000160,BAT-000054,2024-09-16 10:30:00,harvest,6.67,15.5,3.5
CHK-000161,BAT-000054,2024-10-01 13:27:36,pre_dispatch,5.93,13.9,2.2
CHK-000162,BAT-000054,2024-10-03 02:10:00,arrival,5.72,12.6,13.7
CHK-000163,BAT-000055,2024-10-07 07:45:00,harvest,7.07,16.4,2.8
CHK-000164,BAT-000055,2024-11-27 07:46:12,pre_dispatch,5.9,16.6,4.0
CHK-000165,BAT-000055,2024-11-28 06:18:12,arrival,7.16,12.7,9.5
CHK-000166,BAT-000056,2024-09-28 10:45:00,harvest,8.22,12.0,2.7
CHK-000167,BAT-000056,2024-10-07 13:37:12,pre_dispatch,6.94,12.0,8.1
CHK-000168,BAT-000056,2024-10-07 22:14:48,arrival,4.13,16.1,2.7
CHK-000169,BAT-000057,2024-09-18 10:15:00,harvest,7.61,12.4,0.5
CHK-000170,BAT-000057,2024-11-27 11:16:12,pre_dispatch,7.21,15.0,3.0
CHK-000171,BAT-000057,2024-11-28 09:34:48,arrival,7.14,11.8,11.0
CHK-000172,BAT-000058,2024-09-05 10:15:00,harvest,8.04,13.8,1.7
CHK-000173,BAT-000058,2024-11-09 11:46:12,pre_dispatch,5.99,15.4,4.2
CHK-000174,BAT-000058,2024-11-10 05:07:36,arrival,5.53,13.4,4.3
CHK-000175,BAT-000059,2024-08-21 14:00:00,harvest,7.65,15.5,3.1
CHK-000176,BAT-000059,2024-12-17 17:20:24,pre_dispatch,7.52,14.0,6.8
CHK-000177,BAT-000059,2024-12-19 11:32:00,arrival,4.62,15.7,15.2
CHK-000178,BAT-000060,2024-08-26 13:00:00,harvest,7.23,15.9,2.7
CHK-000179,BAT-000060,2024-10-25 14:09:00,pre_dispatch,5.34,16.6,6.2
CHK-000180,BAT-000060,2024-10-26 03:19:48,arrival,6.63,16.9,13.0
CHK-000181,BAT-000061,2024-09-09 14:30:00,harvest,7.74,11.9,1.1
CHK-000182,BAT-000061,2024-11-14 14:48:00,pre_dispatch,5.6,15.8,7.8
CHK-000183,BAT-000061,2024-11-14 22:17:00,arrival,5.61,16.6,15.0
CHK-000184,BAT-000062,2024-10-24 10:00:00,harvest,7.84,12.6,2.5
CHK-000185,BAT-000062,2024-12-28 11:14:24,pre_dispatch,6.34,15.4,7.0
CHK-000186,BAT-000062,2024-12-29 23:57:00,arrival,4.74,14.3,9.3
CHK-000187,BAT-000063,2024-09-24 14:00:00,harvest,8.16,14.5,1.8
CHK-000188,BAT-000063,2025-01-12 17:24:36,pre_dispatch,6.6,15.4,1.7
CHK-000189,BAT-000063,2025-01-13 11:23:24,arrival,6.19,16.7,10.6
CHK-000190,BAT-000064,2024-09-02 08:15:00,harvest,6.68,11.8,1.6
CHK-000191,BAT-000064,2024-11-03 10:12:36,pre_dispatch,7.79,13.2,3.7
CHK-000192,BAT-000064,2024-11-04 18:16:12,arrival,5.01,16.6,15.1
CHK-000193,BAT-000065,2024-08-23 13:30:00,harvest,8.3,16.1,3.9
CHK-000194,BAT-000065,2024-12-14 14:30:36,pre_dispatch,5.28,13.7,3.7
CHK-000195,BAT-000065,2024-12-15 22:59:24,arrival,6.78,11.6,17.6
CHK-000196,BAT-000066,2024-08-27 07:45:00,harvest,6.97,15.3,3.0
CHK-000197,BAT-000066,2025-01-19 09:25:48,pre_dispatch,7.51,14.8,6.0
CHK-000198,BAT-000066,2025-01-20 20:45:36,arrival,4.12,14.2,12.0
CHK-000199,BAT-000067,2024-10-03 13:15:00,harvest,8.41,13.3,1.0
CHK-000200,BAT-000067,2025-01-18 15:48:36,pre_dispatch,7.24,12.3,4.6
CHK-000201,BAT-000067,2025-01-19 01:36:48,arrival,4.86,16.6,9.8
CHK-000202,BAT-000068,2024-10-17 14:00:00,harvest,7.96,14.1,2.8
CHK-000203,BAT-000068,2025-01-29 16:24:36,pre_dispatch,5.17,14.3,5.8
CHK-000204,BAT-000068,2025-01-31 03:15:36,arrival,5.29,13.4,17.3
CHK-000205,BAT-000069,2024-08-25 15:15:00,harvest,6.78,16.2,2.8
CHK-000206,BAT-000069,2024-11-13 14:54:00,pre_dispatch,6.94,16.5,5.8
CHK-000207,BAT-000069,2024-11-14 09:36:36,arrival,4.74,16.0,9.6
CHK-000208,BAT-000070,2024-09-05 07:00:00,harvest,7.28,12.5,2.1
CHK-000209,BAT-000070,2024-11-18 08:40:48,pre_dispatch,6.61,12.8,6.8
CHK-000210,BAT-000070,2024-11-19 20:23:24,arrival,6.77,16.9,9.8
CHK-000211,BAT-000071,2024-09-24 14:30:00,harvest,8.11,15.2,1.6
CHK-000212,BAT-000071,2025-02-01 15:40:48,pre_dispatch,7.55,17.0,7.6
CHK-000213,BAT-000071,2025-02-02 01:04:12,arrival,6.85,13.7,3.8
CHK-000214,BAT-000072,2024-09-23 14:00:00,harvest,6.87,15.3,2.6
CHK-000215,BAT-000072,2024-10-10 16:54:36,pre_dispatch,7.62,13.3,1.2
CHK-000216,BAT-000072,2024-10-12 05:05:00,arrival,4.36,15.2,3.0
CHK-000217,BAT-000073,2024-08-05 08:45:00,harvest,8.45,11.4,1.7
CHK-000218,BAT-000073,2024-08-18 12:17:24,pre_dispatch,5.58,15.5,5.5
CHK-000219,BAT-000073,2024-08-18 23:51:00,arrival,4.93,15.6,12.8
CHK-000220,BAT-000074,2024-05-22 08:30:00,harvest,6.74,14.3,0.8
CHK-000221,BAT-000074,2024-05-28 08:01:12,pre_dispatch,5.62,15.2,7.6
CHK-000222,BAT-000074,2024-05-29 15:48:00,arrival,7.16,13.0,16.7
CHK-000223,BAT-000075,2024-09-26 11:15:00,harvest,7.67,13.7,2.9
CHK-000224,BAT-000075,2024-10-31 12:15:36,pre_dispatch,6.86,11.7,1.9
CHK-000225,BAT-000075,2024-10-31 23:42:12,arrival,4.7,14.1,6.9
CHK-000226,BAT-000076,2024-08-06 08:00:00,harvest,7.46,14.3,3.9
CHK-000227,BAT-000076,2024-08-28 09:48:36,pre_dispatch,6.32,15.4,4.6
CHK-000228,BAT-000076,2024-08-29 05:36:00,arrival,6.49,16.2,3.8
CHK-000229,BAT-000077,2024-05-26 11:45:00,harvest,6.75,13.6,0.7
CHK-000230,BAT-000077,2024-05-30 14:25:48,pre_dispatch,6.99,11.8,6.2
CHK-000231,BAT-000077,2024-06-01 05:37:36,arrival,7.16,13.9,11.0
CHK-000232,BAT-000078,2024-09-30 07:15:00,harvest,7.37,15.7,1.1
CHK-000233,BAT-000078,2024-10-31 08:04:12,pre_dispatch,7.68,13.1,4.3
CHK-000234,BAT-000078,2024-11-01 05:11:12,arrival,5.8,16.1,3.3
CHK-000235,BAT-000079,2024-08-28 13:30:00,harvest,8.18,15.0,2.8
CHK-000236,BAT-000079,2024-12-30 15:08:24,pre_dispatch,6.1,13.2,4.1
CHK-000237,BAT-000079,2024-12-30 23:52:12,arrival,4.69,16.1,9.2
CHK-000238,BAT-000080,2024-09-17 11:45:00,harvest,8.32,15.7,1.5
CHK-000239,BAT-000080,2025-01-02 15:16:12,pre_dispatch,6.31,12.1,3.3
CHK-000240,BAT-000080,2025-01-02 23:32:00,arrival,6.58,15.3,13.5
CHK-000241,BAT-000081,2024-10-10 14:00:00,harvest,7.7,14.6,2.1
CHK-000242,BAT-000081,2025-02-13 15:30:36,pre_dispatch,5.28,11.6,1.3
CHK-000243,BAT-000081,2025-02-14 08:49:48,arrival,6.58,13.5,7.7
CHK-000244,BAT-000082,2024-09-29 14:00:00,harvest,7.27,15.0,0.7
CHK-000245,BAT-000082,2025-01-14 16:16:12,pre_dispatch,6.23,14.2,5.6
CHK-000246,BAT-000082,2025-01-16 11:26:48,arrival,5.88,13.4,17.4
CHK-000247,BAT-000083,2024-08-16 08:45:00,harvest,6.51,12.5,2.2
CHK-000248,BAT-000083,2024-09-15 11:15:00,pre_dispatch,6.95,15.2,4.4
CHK-000249,BAT-000083,2024-09-17 04:54:24,arrival,4.85,15.9,4.9
CHK-000250,BAT-000084,2024-07-07 15:45:00,harvest,8.33,13.1,0.6
CHK-000251,BAT-000084,2024-07-17 15:43:12,pre_dispatch,7.3,15.2,8.2
CHK-000252,BAT-000084,2024-07-18 04:11:36,arrival,6.4,16.7,14.7
CHK-000253,BAT-000085,2024-10-04 14:00:00,harvest,8.23,12.9,3.2
CHK-000254,BAT-000085,2024-10-28 14:00:36,pre_dispatch,5.8,14.7,7.2
CHK-000255,BAT-000085,2024-10-29 08:55:36,arrival,4.89,14.0,16.2
CHK-000256,BAT-000086,2024-07-15 11:45:00,harvest,6.6,13.5,1.2
CHK-000257,BAT-000086,2024-07-28 13:46:48,pre_dispatch,6.38,15.2,6.4
CHK-000258,BAT-000086,2024-07-29 00:56:48,arrival,7.03,12.8,4.4
CHK-000259,BAT-000087,2024-07-01 13:30:00,harvest,8.22,13.1,1.0
CHK-000260,BAT-000087,2024-07-21 15:19:48,pre_dispatch,6.43,13.8,4.9
CHK-000261,BAT-000087,2024-07-21 23:37:48,arrival,5.68,13.7,12.0
CHK-000262,BAT-000088,2024-09-05 15:00:00,harvest,7.1,14.2,1.1
CHK-000263,BAT-000088,2024-09-22 16:34:48,pre_dispatch,5.86,12.3,8.4
CHK-000264,BAT-000088,2024-09-23 10:27:24,arrival,4.82,13.4,5.4
CHK-000265,BAT-000089,2024-10-02 11:30:00,harvest,6.68,11.7,2.4
CHK-000266,BAT-000089,2025-01-14 13:41:24,pre_dispatch,6.65,12.2,1.2
CHK-000267,BAT-000089,2025-01-15 00:39:48,arrival,6.1,14.6,4.3
CHK-000268,BAT-000090,2024-09-11 10:15:00,harvest,7.85,15.4,2.2
CHK-000269,BAT-000090,2024-12-12 11:31:48,pre_dispatch,5.58,16.7,6.8
CHK-000270,BAT-000090,2024-12-13 05:42:36,arrival,4.51,15.6,14.0
CHK-000271,BAT-000091,2024-10-09 11:30:00,harvest,8.45,11.2,1.8
CHK-000272,BAT-000091,2024-10-29 13:59:24,pre_dispatch,6.82,11.9,8.0
CHK-000273,BAT-000091,2024-10-31 08:54:48,arrival,4.55,16.6,6.7
CHK-000274,BAT-000092,2024-06-19 09:45:00,harvest,6.65,11.9,1.6
CHK-000275,BAT-000092,2024-06-22 09:23:24,pre_dispatch,6.57,13.0,4.5
CHK-000276,BAT-000092,2024-06-23 22:45:12,arrival,5.35,13.9,13.7
CHK-000277,BAT-000093,2024-09-21 12:15:00,harvest,8.29,12.0,2.2
CHK-000278,BAT-000093,2024-10-02 15:01:12,pre_dispatch,6.38,16.4,7.5
CHK-000279,BAT-000093,2024-10-03 09:22:36,arrival,6.93,16.3,13.0
CHK-000280,BAT-000094,2024-09-26 07:45:00,harvest,7.37,16.1,3.3
CHK-000281,BAT-000094,2024-12-17 07:48:36,pre_dispatch,5.36,12.3,1.4
CHK-000282,BAT-000094,2024-12-18 01:48:48,arrival,4.05,15.1,11.0
CHK-000283,BAT-000095,2024-10-16 07:45:00,harvest,7.67,12.1,0.6
CHK-000284,BAT-000095,2025-01-30 07:57:36,pre_dispatch,5.44,16.0,3.1
CHK-000285,BAT-000095,2025-01-30 16:45:36,arrival,4.45,12.3,17.2
CHK-000286,BAT-000096,2024-09-07 08:45:00,harvest,8.47,13.7,0.7
CHK-000287,BAT-000096,2025-01-25 09:10:48,pre_dispatch,5.41,15.6,4.0
CHK-000288,BAT-000096,2025-01-25 18:37:12,arrival,6.84,14.8,16.8
CHK-000289,BAT-000097,2024-06-14 15:30:00,harvest,7.69,15.5,0.8
CHK-000290,BAT-000097,2024-06-19 15:46:48,pre_dispatch,5.13,12.5,7.4
CHK-000291,BAT-000097,2024-06-21 07:37:36,arrival,6.29,15.1,14.2
CHK-000292,BAT-000098,2024-07-28 14:00:00,harvest,7.95,12.9,0.6
CHK-000293,BAT-000098,2024-08-12 15:07:48,pre_dispatch,5.47,14.9,5.1
CHK-000294,BAT-000098,2024-08-13 23:57:00,arrival,4.83,15.9,8.5
CHK-000295,BAT-000099,2024-08-25 08:00:00,harvest,7.13,16.3,1.9
CHK-000296,BAT-000099,2024-09-27 08:02:24,pre_dispatch,6.36,16.6,4.8
CHK-000297,BAT-000099,2024-09-27 21:01:48,arrival,6.99,12.9,5.2
CHK-000298,BAT-000100,2024-09-28 09:15:00,harvest,8.16,12.6,1.8
CHK-000299,BAT-000100,2024-12-07 12:13:12,pre_dispatch,7.38,12.0,1.7
CHK-000300,BAT-000100,2024-12-09 07:15:00,arrival,6.01,14.4,2.9
CHK-000301,BAT-000101,2024-09-18 12:30:00,harvest,7.34,14.9,2.6
CHK-000302,BAT-000101,2024-11-25 13:57:00,pre_dispatch,5.26,14.6,2.8
CHK-000303,BAT-000101,2024-11-25 22:13:00,arrival,4.37,16.7,11.4
CHK-000304,BAT-000102,2024-08-22 07:45:00,harvest,7.65,14.8,0.7
CHK-000305,BAT-000102,2024-10-09 09:20:24,pre_dispatch,6.08,12.8,7.4
CHK-000306,BAT-000102,2024-10-10 17:23:12,arrival,6.13,13.2,7.0
CHK-000307,BAT-000103,2024-09-12 11:15:00,harvest,7.69,14.2,3.5
CHK-000308,BAT-000103,2024-11-30 11:28:12,pre_dispatch,7.75,11.5,2.4
CHK-000309,BAT-000103,2024-11-30 19:01:00,arrival,4.76,14.6,14.3
CHK-000310,BAT-000104,2024-09-15 09:30:00,harvest,7.39,13.8,3.9
CHK-000311,BAT-000104,2024-11-20 12:49:12,pre_dispatch,5.27,12.6,1.9
CHK-000312,BAT-000104,2024-11-22 06:25:12,arrival,4.21,17.0,13.5
CHK-000313,BAT-000105,2024-09-28 07:15:00,harvest,8.35,15.0,3.6
CHK-000314,BAT-000105,2024-10-29 09:54:36,pre_dispatch,6.54,13.5,2.8
CHK-000315,BAT-000105,2024-10-30 05:38:24,arrival,4.81,12.1,5.9
CHK-000316,BAT-000106,2024-09-08 07:45:00,harvest,7.92,11.8,3.0
CHK-000317,BAT-000106,2024-10-11 10:01:48,pre_dispatch,5.32,14.2,3.4
CHK-000318,BAT-000106,2024-10-12 05:48:00,arrival,4.84,14.0,14.9
CHK-000319,BAT-000107,2024-08-19 13:00:00,harvest,8.26,16.3,2.9
CHK-000320,BAT-000107,2024-08-31 15:33:36,pre_dispatch,5.8,14.6,2.2
CHK-000321,BAT-000107,2024-08-31 23:55:36,arrival,6.92,13.9,16.0
CHK-000322,BAT-000108,2024-09-15 14:00:00,harvest,8.35,12.4,1.6
CHK-000323,BAT-000108,2024-11-21 16:33:00,pre_dispatch,6.15,13.6,3.9
CHK-000324,BAT-000108,2024-11-22 06:27:00,arrival,6.69,15.0,13.6
CHK-000325,BAT-000109,2024-08-18 10:45:00,harvest,6.63,13.4,2.7
CHK-000326,BAT-000109,2024-09-09 11:12:36,pre_dispatch,7.63,14.9,3.9
CHK-000327,BAT-000109,2024-09-10 05:32:12,arrival,5.49,15.2,13.6
CHK-000328,BAT-000110,2024-08-11 11:15:00,harvest,8.22,12.0,3.8
CHK-000329,BAT-000110,2024-09-05 14:31:12,pre_dispatch,5.6,14.5,5.7
CHK-000330,BAT-000110,2024-09-06 08:09:36,arrival,6.14,15.4,14.1
CHK-000331,BAT-000111,2024-08-16 11:15:00,harvest,6.54,15.5,2.9
CHK-000332,BAT-000111,2024-10-12 10:54:00,pre_dispatch,5.32,15.8,8.4
CHK-000333,BAT-000111,2024-10-13 23:47:12,arrival,4.43,17.2,4.2
CHK-000334,BAT-000112,2024-10-12 15:15:00,harvest,8.14,12.2,1.4
CHK-000335,BAT-000112,2024-12-04 17:54:00,pre_dispatch,5.42,14.8,3.5
CHK-000336,BAT-000112,2024-12-06 02:50:36,arrival,4.1,11.9,12.8
CHK-000337,BAT-000113,2024-09-02 12:00:00,harvest,8.22,15.9,3.6
CHK-000338,BAT-000113,2024-12-08 13:25:48,pre_dispatch,5.29,15.2,1.5
CHK-000339,BAT-000113,2024-12-09 21:49:00,arrival,6.68,16.8,12.2
CHK-000340,BAT-000114,2024-08-20 15:15:00,harvest,8.44,14.5,3.3
CHK-000341,BAT-000114,2025-02-10 18:57:36,pre_dispatch,6.42,14.9,2.3
CHK-000342,BAT-000114,2025-02-11 14:15:24,arrival,6.86,14.0,10.1
CHK-000343,BAT-000115,2024-08-16 15:45:00,harvest,7.83,14.3,1.4
CHK-000344,BAT-000115,2024-12-16 15:18:36,pre_dispatch,6.72,15.2,7.4
CHK-000345,BAT-000115,2024-12-16 23:28:48,arrival,5.83,15.4,15.6
CHK-000346,BAT-000116,2024-09-18 11:45:00,harvest,7.86,14.8,1.0
CHK-000347,BAT-000116,2024-11-03 15:16:48,pre_dispatch,5.48,16.8,4.9
CHK-000348,BAT-000116,2024-11-05 03:46:12,arrival,7.1,15.8,8.8
CHK-000349,BAT-000117,2024-10-23 07:45:00,harvest,6.79,16.2,1.8
CHK-000350,BAT-000117,2025-03-25 08:59:24,pre_dispatch,5.3,14.8,3.6
CHK-000351,BAT-000117,2025-03-26 20:27:48,arrival,4.32,16.0,15.4
CHK-000352,BAT-000118,2024-05-25 11:45:00,harvest,7.8,13.7,3.2
CHK-000353,BAT-000118,2024-05-31 15:30:36,pre_dispatch,7.66,12.5,5.6
CHK-000354,BAT-000118,2024-06-02 04:13:36,arrival,6.46,16.8,11.2
CHK-000355,BAT-000119,2024-07-11 09:30:00,harvest,7.4,13.8,3.2
CHK-000356,BAT-000119,2024-07-25 09:05:24,pre_dispatch,6.49,16.5,1.4
CHK-000357,BAT-000119,2024-07-26 22:29:36,arrival,6.94,11.6,7.4
CHK-000358,BAT-000120,2024-10-07 13:30:00,harvest,7.52,12.7,0.9
CHK-000359,BAT-000120,2025-03-17 13:57:00,pre_dispatch,6.3,15.0,5.7
CHK-000360,BAT-000120,2025-03-17 22:31:12,arrival,6.48,14.0,13.1
CHK-000361,BAT-000121,2024-09-19 09:15:00,harvest,7.04,14.3,2.0
CHK-000362,BAT-000121,2024-11-04 09:12:00,pre_dispatch,6.47,15.0,3.8
CHK-000363,BAT-000121,2024-11-04 18:09:36,arrival,4.12,17.1,13.8
CHK-000364,BAT-000122,2024-10-15 14:45:00,harvest,6.91,14.7,1.4
CHK-000365,BAT-000122,2024-11-15 16:33:00,pre_dispatch,5.19,12.7,8.3
CHK-000366,BAT-000122,2024-11-17 05:18:48,arrival,5.4,12.7,1.7
CHK-000367,BAT-000123,2024-10-14 15:45:00,harvest,7.55,12.1,1.3
CHK-000368,BAT-000123,2024-12-28 18:55:12,pre_dispatch,6.56,13.6,8.0
CHK-000369,BAT-000123,2024-12-29 03:48:12,arrival,5.63,14.4,17.7
CHK-000370,BAT-000124,2024-06-06 09:45:00,harvest,6.85,16.1,2.9
CHK-000371,BAT-000124,2024-06-12 12:28:48,pre_dispatch,6.69,12.5,6.5
CHK-000372,BAT-000124,2024-06-12 23:36:36,arrival,7.08,14.9,5.4
CHK-000373,BAT-000125,2024-10-18 14:45:00,harvest,8.27,12.6,2.9
CHK-000374,BAT-000125,2024-12-07 14:51:36,pre_dispatch,5.42,11.6,6.0
CHK-000375,BAT-000125,2024-12-08 22:10:12,arrival,4.65,13.9,5.1
CHK-000376,BAT-000126,2024-08-21 15:15:00,harvest,8.45,14.7,1.3
CHK-000377,BAT-000126,2024-09-14 18:33:36,pre_dispatch,7.47,15.2,2.4
CHK-000378,BAT-000126,2024-09-16 13:49:00,arrival,4.66,14.7,5.1
CHK-000379,BAT-000127,2024-09-12 14:45:00,harvest,7.92,12.0,3.2
CHK-000380,BAT-000127,2024-12-08 16:17:24,pre_dispatch,5.03,14.3,6.5
CHK-000381,BAT-000127,2024-12-09 12:24:36,arrival,6.88,14.5,14.9
CHK-000382,BAT-000128,2024-08-27 15:45:00,harvest,7.41,14.6,2.4
CHK-000383,BAT-000128,2024-11-24 18:45:36,pre_dispatch,6.64,12.7,1.6
CHK-000384,BAT-000128,2024-11-26 03:00:36,arrival,5.98,13.2,14.7
CHK-000385,BAT-000129,2024-08-05 11:15:00,harvest,8.17,12.2,1.0
CHK-000386,BAT-000129,2024-08-28 13:15:36,pre_dispatch,5.14,13.2,4.4
CHK-000387,BAT-000129,2024-08-29 21:51:24,arrival,6.5,16.1,5.6
CHK-000388,BAT-000130,2024-09-09 15:15:00,harvest,8.27,15.6,3.8
CHK-000389,BAT-000130,2024-10-25 15:27:36,pre_dispatch,5.07,14.5,7.7
CHK-000390,BAT-000130,2024-10-27 00:25:48,arrival,5.86,15.2,6.6
CHK-000391,BAT-000131,2024-07-20 12:00:00,harvest,8.08,13.1,1.5
CHK-000392,BAT-000131,2024-07-25 13:25:48,pre_dispatch,7.78,12.1,6.1
CHK-000393,BAT-000131,2024-07-25 23:22:48,arrival,5.78,15.1,2.8
CHK-000394,BAT-000132,2024-09-28 14:00:00,harvest,7.33,15.2,1.7
CHK-000395,BAT-000132,2024-11-11 16:54:36,pre_dispatch,5.11,11.7,3.4
CHK-000396,BAT-000132,2024-11-13 11:57:12,arrival,4.5,14.8,12.8
CHK-000397,BAT-000133,2024-09-15 08:45:00,harvest,7.89,11.3,2.2
CHK-000398,BAT-000133,2024-10-05 10:46:48,pre_dispatch,7.22,16.1,3.9
CHK-000399,BAT-000133,2024-10-07 07:04:24,arrival,4.99,14.7,3.1
CHK-000400,BAT-000134,2024-07-09 11:00:00,harvest,8.09,14.7,3.3
CHK-000401,BAT-000134,2024-07-23 10:31:12,pre_dispatch,5.21,15.4,3.9
CHK-000402,BAT-000134,2024-07-23 20:19:00,arrival,7.19,12.3,13.4
CHK-000403,BAT-000135,2024-09-21 13:30:00,harvest,6.94,14.7,2.4
CHK-000404,BAT-000135,2025-01-27 14:56:24,pre_dispatch,6.46,16.3,4.6
CHK-000405,BAT-000135,2025-01-28 02:27:36,arrival,5.57,16.5,7.1
CHK-000406,BAT-000136,2024-09-04 14:45:00,harvest,8.23,15.2,1.1
CHK-000407,BAT-000136,2024-10-04 14:48:36,pre_dispatch,6.92,16.5,1.6
CHK-000408,BAT-000136,2024-10-04 22:57:48,arrival,5.21,14.2,3.5
CHK-000409,BAT-000137,2024-10-02 12:45:00,harvest,7.63,14.4,3.9
CHK-000410,BAT-000137,2024-12-29 15:12:36,pre_dispatch,6.41,16.2,5.3
CHK-000411,BAT-000137,2024-12-30 03:40:12,arrival,4.39,16.0,2.1
CHK-000412,BAT-000138,2024-07-30 08:15:00,harvest,8.12,12.5,3.4
CHK-000413,BAT-000138,2024-08-05 09:27:36,pre_dispatch,5.19,11.9,1.5
CHK-000414,BAT-000138,2024-08-06 16:54:12,arrival,5.9,12.6,11.2
CHK-000415,BAT-000139,2024-09-12 12:30:00,harvest,8.11,14.9,3.5
CHK-000416,BAT-000139,2024-12-01 16:21:00,pre_dispatch,5.38,15.3,1.2
CHK-000417,BAT-000139,2024-12-02 00:08:48,arrival,5.01,14.9,8.9
CHK-000418,BAT-000140,2024-08-09 07:45:00,harvest,7.54,15.4,1.5
CHK-000419,BAT-000140,2024-09-01 07:36:00,pre_dispatch,6.09,13.5,3.3
CHK-000420,BAT-000140,2024-09-02 19:41:00,arrival,6.87,14.1,4.8
CHK-000421,BAT-000141,2024-10-08 10:30:00,harvest,6.78,12.7,3.3
CHK-000422,BAT-000141,2025-01-28 11:20:24,pre_dispatch,5.31,15.4,5.0
CHK-000423,BAT-000141,2025-01-28 18:52:24,arrival,4.11,11.5,11.8
CHK-000424,BAT-000142,2024-10-09 14:00:00,harvest,6.5,14.1,2.5
CHK-000425,BAT-000142,2024-10-30 14:53:24,pre_dispatch,7.7,15.3,1.1
CHK-000426,BAT-000142,2024-10-31 02:53:24,arrival,5.93,12.0,8.7
CHK-000427,BAT-000143,2024-10-09 13:30:00,harvest,7.17,12.0,1.1
CHK-000428,BAT-000143,2024-11-03 17:17:24,pre_dispatch,7.07,15.2,6.6
CHK-000429,BAT-000143,2024-11-05 01:52:48,arrival,6.77,11.6,16.7
CHK-000430,BAT-000144,2024-07-26 15:45:00,harvest,7.59,12.8,0.5
CHK-000431,BAT-000144,2024-08-09 19:08:24,pre_dispatch,7.06,12.7,6.7
CHK-000432,BAT-000144,2024-08-10 13:33:36,arrival,6.43,16.9,14.8
CHK-000433,BAT-000145,2024-09-25 15:00:00,harvest,8.32,11.8,2.2
CHK-000434,BAT-000145,2024-10-10 17:36:00,pre_dispatch,6.99,11.5,2.1
CHK-000435,BAT-000145,2024-10-12 15:01:00,arrival,4.66,14.0,2.2
CHK-000436,BAT-000146,2024-09-06 12:45:00,harvest,7.15,14.1,0.7
CHK-000437,BAT-000146,2024-10-05 12:24:00,pre_dispatch,5.32,12.8,1.6
CHK-000438,BAT-000146,2024-10-06 07:50:24,arrival,7.13,12.4,14.5
CHK-000439,BAT-000147,2024-09-08 15:00:00,harvest,7.83,11.2,1.7
CHK-000440,BAT-000147,2025-01-31 16:36:00,pre_dispatch,6.18,15.7,2.2
CHK-000441,BAT-000147,2025-02-01 02:08:00,arrival,5.83,11.8,8.7
CHK-000442,BAT-000148,2024-09-09 11:30:00,harvest,7.82,16.3,1.8
CHK-000443,BAT-000148,2024-12-10 12:49:48,pre_dispatch,7.19,12.8,7.1
CHK-000444,BAT-000148,2024-12-12 08:06:36,arrival,5.81,12.4,3.0
CHK-000445,BAT-000149,2024-09-14 08:00:00,harvest,7.53,15.4,1.4
CHK-000446,BAT-000149,2024-11-19 11:44:24,pre_dispatch,7.15,12.3,1.7
CHK-000447,BAT-000149,2024-11-20 20:34:24,arrival,4.51,16.5,16.2
CHK-000448,BAT-000150,2024-07-10 13:45:00,harvest,7.9,13.6,1.5
CHK-000449,BAT-000150,2024-07-25 14:37:48,pre_dispatch,7.03,14.8,6.4
CHK-000450,BAT-000150,2024-07-27 08:32:36,arrival,4.6,11.9,7.4
CHK-000451,BAT-000151,2024-10-08 15:00:00,harvest,7.7,13.2,3.6
CHK-000452,BAT-000151,2024-11-12 14:41:24,pre_dispatch,6.27,12.6,6.4
CHK-000453,BAT-000151,2024-11-13 00:02:24,arrival,6.15,11.8,7.7
CHK-000454,BAT-000152,2024-09-24 07:30:00,harvest,8.12,15.8,3.3
CHK-000455,BAT-000152,2024-12-10 08:46:48,pre_dispatch,5.37,12.8,3.6
CHK-000456,BAT-000152,2024-12-12 02:54:36,arrival,5.78,16.5,2.1
CHK-000457,BAT-000153,2024-09-25 15:15:00,harvest,8.44,11.2,3.2
CHK-000458,BAT-000153,2025-01-19 17:51:36,pre_dispatch,5.82,16.7,5.5
CHK-000459,BAT-000153,2025-01-21 13:18:36,arrival,6.8,12.7,9.2
CHK-000460,BAT-000154,2024-10-11 14:45:00,harvest,8.09,13.3,1.3
CHK-000461,BAT-000154,2025-01-05 16:30:00,pre_dispatch,7.75,13.1,5.6
CHK-000462,BAT-000154,2025-01-06 01:25:12,arrival,4.43,15.0,16.2
CHK-000463,BAT-000155,2024-09-28 11:15:00,harvest,7.67,15.5,2.1
CHK-000464,BAT-000155,2025-02-06 11:57:36,pre_dispatch,6.27,12.3,5.3
CHK-000465,BAT-000155,2025-02-08 06:46:48,arrival,6.15,16.3,9.4
CHK-000466,BAT-000156,2024-10-20 13:00:00,harvest,7.7,13.7,0.8
CHK-000467,BAT-000156,2025-01-24 14:57:00,pre_dispatch,5.72,13.3,1.6
CHK-000468,BAT-000156,2025-01-25 03:42:48,arrival,4.78,13.7,15.2
CHK-000469,BAT-000157,2024-07-03 13:15:00,harvest,6.75,14.5,2.9
CHK-000470,BAT-000157,2024-07-15 14:03:36,pre_dispatch,6.3,12.7,3.5
CHK-000471,BAT-000157,2024-07-17 02:34:24,arrival,6.53,15.8,4.9
CHK-000472,BAT-000158,2024-10-01 12:15:00,harvest,6.74,15.6,1.6
CHK-000473,BAT-000158,2025-01-06 14:24:00,pre_dispatch,6.19,17.0,1.8
CHK-000474,BAT-000158,2025-01-06 23:59:24,arrival,4.94,16.1,5.8
CHK-000475,BAT-000159,2024-09-09 12:15:00,harvest,8.35,14.3,1.5
CHK-000476,BAT-000159,2024-10-19 15:12:00,pre_dispatch,5.44,16.0,3.6
CHK-000477,BAT-000159,2024-10-20 23:21:36,arrival,5.65,12.8,11.3
CHK-000478,BAT-000160,2024-08-25 10:15:00,harvest,7.77,14.0,1.7
CHK-000479,BAT-000160,2024-09-12 13:43:12,pre_dispatch,6.95,13.0,1.9
CHK-000480,BAT-000160,2024-09-13 08:03:24,arrival,5.21,13.5,8.8
CHK-000481,BAT-000161,2024-09-16 12:30:00,harvest,8.05,12.1,3.3
CHK-000482,BAT-000161,2025-02-26 13:27:36,pre_dispatch,6.98,14.1,7.8
CHK-000483,BAT-000161,2025-02-27 06:46:48,arrival,6.48,15.9,10.8
CHK-000484,BAT-000162,2024-08-07 13:00:00,harvest,7.51,16.4,4.0
CHK-000485,BAT-000162,2024-08-27 13:09:36,pre_dispatch,5.95,14.6,3.0
CHK-000486,BAT-000162,2024-08-28 10:53:48,arrival,6.42,16.6,7.3
CHK-000487,BAT-000163,2024-09-30 07:45:00,harvest,6.98,12.6,0.9
CHK-000488,BAT-000163,2024-10-22 07:50:24,pre_dispatch,5.51,12.2,5.6
CHK-000489,BAT-000163,2024-10-22 17:15:48,arrival,4.2,14.9,16.2
CHK-000490,BAT-000164,2024-09-20 12:15:00,harvest,7.42,13.2,3.5
CHK-000491,BAT-000164,2024-12-02 11:45:36,pre_dispatch,5.51,15.2,4.5
CHK-000492,BAT-000164,2024-12-03 07:12:48,arrival,6.15,14.0,7.2
CHK-000493,BAT-000165,2024-10-07 10:30:00,harvest,7.86,14.8,0.8
CHK-000494,BAT-000165,2024-10-24 12:01:48,pre_dispatch,5.17,12.5,8.0
CHK-000495,BAT-000165,2024-10-24 21:24:36,arrival,5.21,12.5,6.6
CHK-000496,BAT-000166,2024-10-03 10:45:00,harvest,7.72,13.6,3.3
CHK-000497,BAT-000166,2024-11-26 10:17:24,pre_dispatch,7.39,14.6,7.0
CHK-000498,BAT-000166,2024-11-27 04:15:36,arrival,6.88,11.6,4.4
CHK-000499,BAT-000167,2024-08-25 12:15:00,harvest,6.96,11.1,2.1
CHK-000500,BAT-000167,2025-01-02 15:03:36,pre_dispatch,6.65,13.5,5.6
CHK-000501,BAT-000167,2025-01-03 10:51:36,arrival,6.99,15.1,4.8
CHK-000502,BAT-000168,2024-10-20 14:30:00,harvest,7.48,14.8,1.2
CHK-000503,BAT-000168,2024-12-01 15:34:48,pre_dispatch,5.1,13.6,8.1
CHK-000504,BAT-000168,2024-12-03 09:31:24,arrival,4.68,15.4,17.4
CHK-000505,BAT-000169,2024-09-10 15:15:00,harvest,7.22,11.7,1.5
CHK-000506,BAT-000169,2024-11-11 17:21:36,pre_dispatch,5.67,12.8,6.4
CHK-000507,BAT-000169,2024-11-12 06:14:48,arrival,4.97,15.5,4.6
CHK-000508,BAT-000170,2024-10-10 14:45:00,harvest,8.19,11.2,1.1
CHK-000509,BAT-000170,2025-03-12 18:39:36,pre_dispatch,5.39,16.0,6.9
CHK-000510,BAT-000170,2025-03-13 15:10:12,arrival,5.88,14.1,13.1
CHK-000511,BAT-000171,2024-10-19 15:15:00,harvest,7.6,14.6,3.1
CHK-000512,BAT-000171,2025-01-31 18:43:12,pre_dispatch,5.13,15.0,4.4
CHK-000513,BAT-000171,2025-02-02 12:46:36,arrival,6.3,15.3,9.3
CHK-000514,BAT-000172,2024-09-24 09:00:00,harvest,7.26,13.6,0.9
CHK-000515,BAT-000172,2024-11-10 09:29:24,pre_dispatch,6.43,15.7,5.0
CHK-000516,BAT-000172,2024-11-11 05:32:00,arrival,5.25,14.8,16.6
CHK-000517,BAT-000173,2024-10-24 09:30:00,harvest,7.07,16.0,2.2
CHK-000518,BAT-000173,2025-03-09 11:30:00,pre_dispatch,7.32,12.1,7.1
CHK-000519,BAT-000173,2025-03-10 23:58:48,arrival,5.87,11.8,17.8
CHK-000520,BAT-000174,2024-10-20 09:15:00,harvest,8.42,16.2,1.4
CHK-000521,BAT-000174,2025-02-01 11:16:12,pre_dispatch,5.25,15.5,1.9
CHK-000522,BAT-000174,2025-02-03 05:18:24,arrival,5.78,15.6,1.9
CHK-000523,BAT-000175,2024-08-16 12:30:00,harvest,6.74,11.6,1.1
CHK-000524,BAT-000175,2024-10-15 14:39:36,pre_dispatch,5.01,14.4,5.8
CHK-000525,BAT-000175,2024-10-17 04:24:24,arrival,5.74,12.1,8.7
CHK-000526,BAT-000176,2024-05-31 15:15:00,harvest,7.59,13.0,1.7
CHK-000527,BAT-000176,2024-06-08 17:55:12,pre_dispatch,7.77,12.5,1.5
CHK-000528,BAT-000176,2024-06-09 02:26:00,arrival,5.13,11.7,10.4
CHK-000529,BAT-000177,2024-08-25 09:45:00,harvest,8.27,16.1,1.6
CHK-000530,BAT-000177,2024-09-17 11:45:00,pre_dispatch,6.08,16.1,5.1
CHK-000531,BAT-000177,2024-09-18 00:42:24,arrival,6.81,14.5,14.8
CHK-000532,BAT-000178,2024-09-04 09:15:00,harvest,8.36,13.6,1.3
CHK-000533,BAT-000178,2024-12-04 12:44:24,pre_dispatch,7.73,14.6,2.9
CHK-000534,BAT-000178,2024-12-05 11:26:36,arrival,5.52,14.3,3.2
CHK-000535,BAT-000179,2024-09-27 10:30:00,harvest,6.72,11.0,3.1
CHK-000536,BAT-000179,2025-01-23 12:40:12,pre_dispatch,7.06,14.9,6.1
CHK-000537,BAT-000179,2025-01-23 20:54:00,arrival,6.83,15.7,5.5
CHK-000538,BAT-000180,2024-07-02 12:00:00,harvest,7.77,12.9,3.7
CHK-000539,BAT-000180,2024-07-12 13:34:12,pre_dispatch,6.99,11.6,1.6
CHK-000540,BAT-000180,2024-07-12 21:19:36,arrival,4.53,14.4,11.0
CHK-000541,BAT-000181,2024-08-10 10:15:00,harvest,7.5,14.4,2.6
CHK-000542,BAT-000181,2024-09-06 13:45:36,pre_dispatch,6.62,12.0,7.2
CHK-000543,BAT-000181,2024-09-07 11:11:24,arrival,6.84,14.6,9.5
CHK-000544,BAT-000182,2024-10-06 07:45:00,harvest,8.15,11.1,1.0
CHK-000545,BAT-000182,2024-10-19 08:24:00,pre_dispatch,5.43,16.0,7.8
CHK-000546,BAT-000182,2024-10-19 15:29:24,arrival,4.34,16.2,11.4
CHK-000547,BAT-000183,2024-09-18 12:00:00,harvest,6.8,11.9,1.0
CHK-000548,BAT-000183,2024-12-02 14:34:48,pre_dispatch,7.33,14.8,4.8
CHK-000549,BAT-000183,2024-12-03 22:58:36,arrival,6.3,12.9,14.5
CHK-000550,BAT-000184,2024-09-01 13:45:00,harvest,7.74,14.0,1.0
CHK-000551,BAT-000184,2024-09-09 15:45:36,pre_dispatch,6.79,13.9,5.1
CHK-000552,BAT-000184,2024-09-10 03:22:48,arrival,4.61,13.1,10.8
CHK-000553,BAT-000185,2024-06-24 09:00:00,harvest,7.41,11.1,1.1
CHK-000554,BAT-000185,2024-06-28 11:25:48,pre_dispatch,5.48,11.6,6.2
CHK-000555,BAT-000185,2024-06-29 08:20:24,arrival,6.07,13.9,15.9
CHK-000556,BAT-000186,2024-08-12 11:30:00,harvest,7.17,11.6,1.9
CHK-000557,BAT-000186,2024-09-03 11:36:00,pre_dispatch,6.63,12.3,4.1
CHK-000558,BAT-000186,2024-09-04 18:51:36,arrival,4.86,15.3,9.9
CHK-000559,BAT-000187,2024-06-21 08:15:00,harvest,6.7,13.4,3.4
CHK-000560,BAT-000187,2024-06-27 08:12:36,pre_dispatch,6.38,13.4,6.9
CHK-000561,BAT-000187,2024-06-28 21:07:48,arrival,5.01,12.6,10.1
CHK-000562,BAT-000188,2024-09-11 12:00:00,harvest,7.83,14.1,2.0
CHK-000563,BAT-000188,2024-12-14 15:29:24,pre_dispatch,5.59,13.7,7.1
CHK-000564,BAT-000188,2024-12-15 01:04:00,arrival,6.57,17.1,1.8
CHK-000565,BAT-000189,2024-09-29 12:45:00,harvest,7.29,14.6,3.1
CHK-000566,BAT-000189,2024-10-22 13:28:48,pre_dispatch,5.0,14.7,7.1
CHK-000567,BAT-000189,2024-10-22 23:46:12,arrival,5.55,14.3,7.1
CHK-000568,BAT-000190,2024-10-25 08:30:00,harvest,7.94,11.0,1.2
CHK-000569,BAT-000190,2024-12-12 11:47:24,pre_dispatch,5.56,15.8,2.6
CHK-000570,BAT-000190,2024-12-13 19:59:00,arrival,5.68,16.0,8.2
CHK-000571,BAT-000191,2024-08-28 08:45:00,harvest,7.31,12.1,1.3
CHK-000572,BAT-000191,2025-01-15 09:04:48,pre_dispatch,7.04,15.9,4.9
CHK-000573,BAT-000191,2025-01-17 02:58:00,arrival,6.82,12.0,5.9
CHK-000574,BAT-000192,2024-10-18 08:45:00,harvest,8.32,12.2,0.8
CHK-000575,BAT-000192,2025-01-17 11:51:36,pre_dispatch,5.08,13.5,5.8
CHK-000576,BAT-000192,2025-01-19 05:46:12,arrival,6.69,12.5,10.7
CHK-000577,BAT-000193,2024-09-19 12:15:00,harvest,8.0,15.8,2.4
CHK-000578,BAT-000193,2024-12-11 15:59:24,pre_dispatch,5.87,16.6,2.6
CHK-000579,BAT-000193,2024-12-13 09:48:00,arrival,4.17,17.1,4.5
CHK-000580,BAT-000194,2024-09-09 08:15:00,harvest,7.13,12.1,0.7
CHK-000581,BAT-000194,2025-03-03 08:37:48,pre_dispatch,6.1,11.8,3.2
CHK-000582,BAT-000194,2025-03-05 02:12:12,arrival,5.69,12.3,6.8
CHK-000583,BAT-000195,2024-09-07 15:45:00,harvest,6.84,15.0,0.5
CHK-000584,BAT-000195,2024-09-18 18:19:12,pre_dispatch,5.54,14.4,2.4
CHK-000585,BAT-000195,2024-09-19 12:51:48,arrival,6.18,12.4,15.0
CHK-000586,BAT-000196,2024-08-25 08:15:00,harvest,7.96,15.9,3.0
CHK-000587,BAT-000196,2024-11-14 09:25:12,pre_dispatch,7.34,13.0,6.2
CHK-000588,BAT-000196,2024-11-14 18:35:12,arrival,6.58,16.9,9.2
CHK-000589,BAT-000197,2024-09-19 08:15:00,harvest,6.7,11.4,2.7
CHK-000590,BAT-000197,2024-10-15 09:55:12,pre_dispatch,6.35,14.3,8.2
CHK-000591,BAT-000197,2024-10-17 05:25:12,arrival,4.17,12.6,2.6
CHK-000592,BAT-000198,2024-09-04 09:45:00,harvest,7.62,13.7,3.4
CHK-000593,BAT-000198,2024-11-06 13:31:48,pre_dispatch,5.21,16.0,6.8
CHK-000594,BAT-000198,2024-11-07 02:10:36,arrival,4.9,15.8,12.2
CHK-000595,BAT-000199,2024-10-01 08:45:00,harvest,6.76,15.3,1.3
CHK-000596,BAT-000199,2025-01-25 10:03:36,pre_dispatch,6.11,16.9,4.2
CHK-000597,BAT-000199,2025-01-26 05:54:12,arrival,5.99,13.2,3.6
CHK-000598,BAT-000200,2024-09-22 15:15:00,harvest,6.9,12.1,1.3
CHK-000599,BAT-000200,2024-11-17 18:51:00,pre_dispatch,6.64,13.7,7.5
CHK-000600,BAT-000200,2024-11-18 11:28:24,arrival,5.97,14.1,11.0
CHK-000601,BAT-000201,2024-08-30 08:00:00,harvest,7.49,12.5,2.6
CHK-000602,BAT-000201,2024-12-19 09:57:00,pre_dispatch,5.73,13.6,1.5
CHK-000603,BAT-000201,2024-12-19 18:41:48,arrival,7.14,13.7,11.4
CHK-000604,BAT-000202,2024-09-17 09:15:00,harvest,7.13,14.3,3.9
CHK-000605,BAT-000202,2024-10-01 13:03:00,pre_dispatch,5.01,12.5,4.2
CHK-000606,BAT-000202,2024-10-02 13:57:00,arrival,6.36,11.6,11.5
CHK-000607,BAT-000203,2024-09-03 14:45:00,harvest,6.58,16.4,2.2
CHK-000608,BAT-000203,2024-10-03 17:53:24,pre_dispatch,7.1,14.3,4.4
CHK-000609,BAT-000203,2024-10-04 12:21:36,arrival,4.31,12.7,15.2
CHK-000610,BAT-000204,2024-08-29 11:30:00,harvest,7.81,11.9,1.4
CHK-000611,BAT-000204,2024-09-26 12:34:12,pre_dispatch,7.38,16.6,7.6
CHK-000612,BAT-000204,2024-09-28 09:35:24,arrival,6.77,15.8,5.4
CHK-000613,BAT-000205,2024-09-18 07:00:00,harvest,6.55,15.6,0.6
CHK-000614,BAT-000205,2025-01-02 07:49:12,pre_dispatch,5.54,11.6,2.1
CHK-000615,BAT-000205,2025-01-02 20:13:12,arrival,4.46,14.7,17.7
CHK-000616,BAT-000206,2024-08-20 15:15:00,harvest,8.31,14.1,3.2
CHK-000617,BAT-000206,2025-01-02 15:45:36,pre_dispatch,5.36,15.3,5.4
CHK-000618,BAT-000206,2025-01-03 12:27:48,arrival,4.05,13.2,17.0
CHK-000619,BAT-000207,2024-09-04 15:45:00,harvest,8.14,13.3,3.9
CHK-000620,BAT-000207,2024-11-26 17:43:48,pre_dispatch,6.76,12.6,1.3
CHK-000621,BAT-000207,2024-11-27 14:50:00,arrival,5.16,11.5,12.7
CHK-000622,BAT-000208,2024-08-28 14:15:00,harvest,7.96,12.5,2.2
CHK-000623,BAT-000208,2024-09-05 17:24:36,pre_dispatch,7.58,12.9,6.4
CHK-000624,BAT-000208,2024-09-06 11:40:24,arrival,6.6,12.9,17.4
CHK-000625,BAT-000209,2024-09-20 12:30:00,harvest,8.14,14.0,1.8
CHK-000626,BAT-000209,2024-10-03 15:48:00,pre_dispatch,6.51,13.6,2.6
CHK-000627,BAT-000209,2024-10-04 02:12:48,arrival,4.64,13.5,15.6
CHK-000628,BAT-000210,2024-09-12 13:00:00,harvest,7.79,16.3,0.6
CHK-000629,BAT-000210,2024-12-20 13:09:36,pre_dispatch,7.04,15.0,7.7
CHK-000630,BAT-000210,2024-12-21 22:14:36,arrival,4.36,16.7,5.6
CHK-000631,BAT-000211,2024-10-14 14:45:00,harvest,7.65,15.2,3.0
CHK-000632,BAT-000211,2025-01-01 17:32:24,pre_dispatch,5.62,15.1,7.8
CHK-000633,BAT-000211,2025-01-02 04:38:00,arrival,5.5,16.3,15.6
CHK-000634,BAT-000212,2024-10-18 14:15:00,harvest,7.03,14.9,2.2
CHK-000635,BAT-000212,2025-01-02 17:42:00,pre_dispatch,6.73,16.7,7.7
CHK-000636,BAT-000212,2025-01-04 12:16:48,arrival,6.63,14.3,16.4
CHK-000637,BAT-000213,2024-10-21 13:30:00,harvest,6.92,11.3,2.2
CHK-000638,BAT-000213,2025-03-26 13:18:36,pre_dispatch,6.05,11.7,4.1
CHK-000639,BAT-000213,2025-03-27 10:06:00,arrival,6.81,12.5,7.4
CHK-000640,BAT-000214,2024-10-05 10:15:00,harvest,8.27,11.4,1.3
CHK-000641,BAT-000214,2024-10-22 11:49:12,pre_dispatch,5.88,13.3,2.8
CHK-000642,BAT-000214,2024-10-24 07:03:12,arrival,6.24,16.7,1.8
CHK-000643,BAT-000215,2024-10-15 07:30:00,harvest,7.01,14.8,3.0
CHK-000644,BAT-000215,2025-02-19 11:13:48,pre_dispatch,6.2,15.8,2.8
CHK-000645,BAT-000215,2025-02-21 06:18:00,arrival,4.35,16.8,6.8
CHK-000646,BAT-000216,2024-10-05 07:30:00,harvest,6.57,12.5,3.9
CHK-000647,BAT-000216,2024-12-13 09:20:24,pre_dispatch,5.21,12.4,1.4
CHK-000648,BAT-000216,2024-12-13 18:56:24,arrival,6.92,17.0,15.2
CHK-000649,BAT-000217,2024-09-14 13:45:00,harvest,8.04,13.4,2.3
CHK-000650,BAT-000217,2024-09-25 16:41:24,pre_dispatch,6.59,15.7,7.9
CHK-000651,BAT-000217,2024-09-27 05:57:00,arrival,6.96,11.6,14.8
CHK-000652,BAT-000218,2024-10-11 13:45:00,harvest,6.55,11.2,2.6
CHK-000653,BAT-000218,2024-12-29 16:42:36,pre_dispatch,5.41,14.6,2.0
CHK-000654,BAT-000218,2024-12-30 02:47:00,arrival,6.96,14.5,15.7
CHK-000655,BAT-000219,2024-10-22 15:15:00,harvest,8.27,15.6,2.3
CHK-000656,BAT-000219,2024-12-07 16:40:12,pre_dispatch,7.15,12.5,7.8
CHK-000657,BAT-000219,2024-12-08 02:18:36,arrival,6.14,16.6,8.5
CHK-000658,BAT-000220,2024-08-26 07:30:00,harvest,7.74,12.7,1.3
CHK-000659,BAT-000220,2024-12-14 07:15:00,pre_dispatch,6.44,16.9,2.6
CHK-000660,BAT-000220,2024-12-14 17:12:36,arrival,6.73,11.8,5.8
CHK-000661,BAT-000221,2024-08-21 10:00:00,harvest,6.92,12.3,2.1
CHK-000662,BAT-000221,2024-11-10 10:52:12,pre_dispatch,7.56,15.0,7.1
CHK-000663,BAT-000221,2024-11-11 22:30:48,arrival,6.6,15.6,18.0
CHK-000664,BAT-000222,2024-09-03 08:15:00,harvest,7.09,11.3,2.0
CHK-000665,BAT-000222,2024-10-25 08:49:12,pre_dispatch,5.9,12.5,3.6
CHK-000666,BAT-000222,2024-10-26 08:20:00,arrival,4.86,12.2,11.0
CHK-000667,BAT-000223,2024-10-01 08:45:00,harvest,7.08,13.4,3.8
CHK-000668,BAT-000223,2024-12-11 10:24:36,pre_dispatch,5.27,13.5,1.0
CHK-000669,BAT-000223,2024-12-11 18:15:00,arrival,5.42,13.2,6.0
CHK-000670,BAT-000224,2024-09-17 15:00:00,harvest,7.12,13.0,2.2
CHK-000671,BAT-000224,2024-11-18 15:56:24,pre_dispatch,6.22,14.8,5.8
CHK-000672,BAT-000224,2024-11-19 12:23:24,arrival,4.4,13.4,12.0
CHK-000673,BAT-000225,2024-10-11 15:15:00,harvest,8.04,14.8,1.0
CHK-000674,BAT-000225,2024-12-23 18:01:12,pre_dispatch,6.17,12.8,5.3
CHK-000675,BAT-000225,2024-12-25 01:07:00,arrival,6.59,15.1,15.4
CHK-000676,BAT-000226,2024-08-08 10:15:00,harvest,6.91,13.6,2.5
CHK-000677,BAT-000226,2024-08-18 13:44:24,pre_dispatch,5.33,14.6,3.0
CHK-000678,BAT-000226,2024-08-19 04:38:24,arrival,4.62,12.8,13.7
CHK-000679,BAT-000227,2024-08-21 09:00:00,harvest,6.65,12.4,1.1
CHK-000680,BAT-000227,2024-09-05 11:41:24,pre_dispatch,6.25,12.1,3.1
CHK-000681,BAT-000227,2024-09-06 01:07:48,arrival,5.5,13.3,3.9
CHK-000682,BAT-000228,2024-09-24 15:30:00,harvest,6.68,14.9,3.3
CHK-000683,BAT-000228,2024-10-14 19:08:24,pre_dispatch,5.06,15.6,6.4
CHK-000684,BAT-000228,2024-10-16 14:17:48,arrival,6.53,14.9,16.4
CHK-000685,BAT-000229,2024-09-16 11:00:00,harvest,7.31,12.8,3.6
CHK-000686,BAT-000229,2024-10-24 14:57:36,pre_dispatch,6.97,16.7,7.9
CHK-000687,BAT-000229,2024-10-25 11:46:12,arrival,5.65,14.5,11.4
CHK-000688,BAT-000230,2024-08-30 09:30:00,harvest,6.91,16.3,1.7
CHK-000689,BAT-000230,2024-11-19 09:35:24,pre_dispatch,7.15,12.7,4.6
CHK-000690,BAT-000230,2024-11-19 19:17:48,arrival,4.72,12.0,16.6
CHK-000691,BAT-000231,2024-09-15 15:00:00,harvest,6.96,14.5,2.3
CHK-000692,BAT-000231,2024-09-27 15:16:48,pre_dispatch,5.03,15.4,4.1
CHK-000693,BAT-000231,2024-09-28 10:49:12,arrival,5.78,14.2,16.6
CHK-000694,BAT-000232,2024-10-01 15:45:00,harvest,7.83,12.9,3.2
CHK-000695,BAT-000232,2024-12-10 18:10:48,pre_dispatch,6.18,13.7,5.8
CHK-000696,BAT-000232,2024-12-11 03:55:12,arrival,4.31,16.9,10.5
CHK-000697,BAT-000233,2024-08-28 07:15:00,harvest,8.44,11.7,3.5
CHK-000698,BAT-000233,2024-12-04 09:16:12,pre_dispatch,6.86,16.0,3.0
CHK-000699,BAT-000233,2024-12-05 17:40:36,arrival,6.76,13.8,10.5
CHK-000700,BAT-000234,2024-06-24 10:15:00,harvest,8.05,15.5,1.5
CHK-000701,BAT-000234,2024-07-08 11:42:00,pre_dispatch,6.88,13.6,3.8
CHK-000702,BAT-000234,2024-07-10 05:54:36,arrival,7.02,17.0,14.8
CHK-000703,BAT-000235,2024-09-08 11:45:00,harvest,8.47,12.4,0.9
CHK-000704,BAT-000235,2024-12-22 12:03:36,pre_dispatch,7.64,14.9,1.2
CHK-000705,BAT-000235,2024-12-24 00:10:24,arrival,4.98,13.6,10.4
CHK-000706,BAT-000236,2024-08-29 15:30:00,harvest,7.17,12.5,1.4
CHK-000707,BAT-000236,2024-12-30 17:06:00,pre_dispatch,7.75,11.5,3.4
CHK-000708,BAT-000236,2025-01-01 10:43:48,arrival,5.31,13.0,9.9
CHK-000709,BAT-000237,2024-06-20 08:30:00,harvest,7.0,12.6,1.4
CHK-000710,BAT-000237,2024-06-25 09:30:36,pre_dispatch,7.09,13.1,6.6
CHK-000711,BAT-000237,2024-06-25 16:55:12,arrival,5.74,14.0,12.3
CHK-000712,BAT-000238,2024-09-28 08:15:00,harvest,6.83,12.6,1.9
CHK-000713,BAT-000238,2025-01-01 09:34:12,pre_dispatch,5.52,14.2,5.8
CHK-000714,BAT-000238,2025-01-01 18:43:12,arrival,4.85,12.0,4.2
CHK-000715,BAT-000239,2024-09-10 13:30:00,harvest,8.25,15.1,3.9
CHK-000716,BAT-000239,2024-10-03 15:25:12,pre_dispatch,7.02,14.7,4.3
CHK-000717,BAT-000239,2024-10-04 10:42:00,arrival,4.22,15.2,14.0
CHK-000718,BAT-000240,2024-08-25 11:30:00,harvest,8.28,11.3,2.9
CHK-000719,BAT-000240,2024-11-18 13:16:48,pre_dispatch,5.02,13.4,2.1
CHK-000720,BAT-000240,2024-11-20 01:11:00,arrival,5.93,16.7,3.6
CHK-000721,BAT-000241,2024-09-10 14:00:00,harvest,7.01,13.5,1.2
CHK-000722,BAT-000241,2024-10-11 17:34:12,pre_dispatch,6.96,12.9,2.3
CHK-000723,BAT-000241,2024-10-12 12:53:24,arrival,6.28,17.1,16.8
CHK-000724,BAT-000242,2024-09-15 15:15:00,harvest,6.8,11.5,1.5
CHK-000725,BAT-000242,2024-11-20 18:27:36,pre_dispatch,5.34,13.6,6.5
CHK-000726,BAT-000242,2024-11-22 12:57:36,arrival,5.92,12.5,14.4
CHK-000727,BAT-000243,2024-08-26 12:15:00,harvest,7.35,16.5,3.4
CHK-000728,BAT-000243,2024-10-21 14:27:36,pre_dispatch,7.69,14.4,2.8
CHK-000729,BAT-000243,2024-10-23 09:10:36,arrival,6.93,16.6,12.6
CHK-000730,BAT-000244,2024-10-04 14:00:00,harvest,7.03,15.1,1.3
CHK-000731,BAT-000244,2024-11-18 14:23:24,pre_dispatch,7.17,16.5,2.0
CHK-000732,BAT-000244,2024-11-18 23:57:48,arrival,7.06,13.3,10.5
CHK-000733,BAT-000245,2024-09-11 09:15:00,harvest,7.08,14.9,1.6
CHK-000734,BAT-000245,2025-01-29 10:10:48,pre_dispatch,6.95,11.9,4.1
CHK-000735,BAT-000245,2025-01-31 00:21:48,arrival,6.93,13.1,16.8
CHK-000736,BAT-000246,2024-07-07 08:15:00,harvest,7.79,12.6,0.9
CHK-000737,BAT-000246,2024-07-23 10:51:00,pre_dispatch,6.1,13.3,8.3
CHK-000738,BAT-000246,2024-07-24 07:21:12,arrival,7.09,16.9,10.4
CHK-000739,BAT-000247,2024-09-19 11:00:00,harvest,6.88,15.2,3.5
CHK-000740,BAT-000247,2024-12-20 14:21:36,pre_dispatch,6.73,13.2,2.9
CHK-000741,BAT-000247,2024-12-22 08:42:36,arrival,4.77,11.9,16.7
CHK-000742,BAT-000248,2024-09-11 08:30:00,harvest,7.94,13.6,2.9
CHK-000743,BAT-000248,2024-10-20 08:04:48,pre_dispatch,7.45,12.1,2.3
CHK-000744,BAT-000248,2024-10-22 02:59:48,arrival,5.85,14.0,11.8
CHK-000745,BAT-000249,2024-10-20 11:30:00,harvest,7.99,16.0,1.6
CHK-000746,BAT-000249,2024-12-17 13:25:48,pre_dispatch,7.59,16.8,6.0
CHK-000747,BAT-000249,2024-12-19 00:28:12,arrival,4.63,15.7,5.4
CHK-000748,BAT-000250,2024-08-28 10:45:00,harvest,8.39,11.8,1.9
CHK-000749,BAT-000250,2025-01-03 11:59:24,pre_dispatch,7.59,14.0,4.0
CHK-000750,BAT-000250,2025-01-04 07:16:24,arrival,6.46,16.0,11.9
CHK-000751,BAT-000251,2024-10-05 12:00:00,harvest,8.46,15.8,1.0
CHK-000752,BAT-000251,2024-11-12 15:04:12,pre_dispatch,6.36,11.9,3.1
CHK-000753,BAT-000251,2024-11-13 04:52:24,arrival,5.53,15.6,15.1
CHK-000754,BAT-000252,2024-09-29 08:45:00,harvest,7.69,11.7,1.5
CHK-000755,BAT-000252,2025-01-12 12:37:48,pre_dispatch,5.2,11.9,7.9
CHK-000756,BAT-000252,2025-01-14 01:51:36,arrival,4.23,15.7,15.8
CHK-000757,BAT-000253,2024-08-31 14:45:00,harvest,8.04,11.9,2.9
CHK-000758,BAT-000253,2025-01-14 15:59:24,pre_dispatch,6.79,15.9,4.1
CHK-000759,BAT-000253,2025-01-15 04:22:12,arrival,5.7,15.1,4.1
CHK-000760,BAT-000254,2024-10-13 10:00:00,harvest,7.96,12.4,3.6
CHK-000761,BAT-000254,2025-01-23 11:07:48,pre_dispatch,6.7,13.1,3.4
CHK-000762,BAT-000254,2025-01-25 05:25:48,arrival,4.73,12.6,7.7
CHK-000763,BAT-000255,2024-08-12 15:30:00,harvest,6.68,11.5,3.3
CHK-000764,BAT-000255,2024-08-31 15:09:36,pre_dispatch,5.24,14.5,4.3
CHK-000765,BAT-000255,2024-09-01 08:32:24,arrival,5.25,12.2,17.7
CHK-000766,BAT-000256,2024-09-12 12:30:00,harvest,6.76,13.1,1.6
CHK-000767,BAT-000256,2024-11-30 16:23:24,pre_dispatch,5.77,12.4,8.1
CHK-000768,BAT-000256,2024-12-02 02:03:24,arrival,5.2,16.5,12.8
CHK-000769,BAT-000257,2024-09-25 08:45:00,harvest,6.87,15.9,1.1
CHK-000770,BAT-000257,2024-11-15 10:30:00,pre_dispatch,5.75,13.8,7.2
CHK-000771,BAT-000257,2024-11-17 02:13:24,arrival,5.62,12.9,11.6
CHK-000772,BAT-000258,2024-10-09 15:30:00,harvest,7.83,12.6,2.2
CHK-000773,BAT-000258,2024-12-26 15:41:24,pre_dispatch,6.71,14.2,7.8
CHK-000774,BAT-000258,2024-12-27 23:27:00,arrival,6.89,17.0,4.5
CHK-000775,BAT-000259,2024-10-06 09:45:00,harvest,7.04,11.2,3.5
CHK-000776,BAT-000259,2024-11-25 11:09:00,pre_dispatch,5.33,12.8,4.4
CHK-000777,BAT-000259,2024-11-26 06:10:12,arrival,7.19,12.6,15.8
CHK-000778,BAT-000260,2024-09-05 11:15:00,harvest,8.23,14.4,3.9
CHK-000779,BAT-000260,2024-11-04 11:15:36,pre_dispatch,5.17,13.5,1.7
CHK-000780,BAT-000260,2024-11-06 06:47:36,arrival,5.37,13.1,3.2
CHK-000781,BAT-000261,2024-09-21 07:00:00,harvest,6.86,16.1,3.0
CHK-000782,BAT-000261,2025-01-19 09:43:12,pre_dispatch,5.5,16.0,2.8
CHK-000783,BAT-000261,2025-01-19 19:03:48,arrival,4.44,11.7,4.4
CHK-000784,BAT-000262,2024-10-01 08:15:00,harvest,7.53,12.1,2.6
CHK-000785,BAT-000262,2024-10-13 08:36:00,pre_dispatch,5.54,11.8,7.0
CHK-000786,BAT-000262,2024-10-13 20:25:24,arrival,6.66,15.1,14.1
CHK-000787,BAT-000263,2024-08-06 09:45:00,harvest,7.25,13.2,1.2
CHK-000788,BAT-000263,2024-09-08 12:49:12,pre_dispatch,5.99,16.5,5.8
CHK-000789,BAT-000263,2024-09-09 00:10:24,arrival,5.53,12.9,15.9
CHK-000790,BAT-000264,2024-08-03 07:45:00,harvest,6.58,15.0,2.3
CHK-000791,BAT-000264,2024-08-24 11:07:48,pre_dispatch,6.02,15.5,5.3
CHK-000792,BAT-000264,2024-08-26 08:04:12,arrival,4.97,15.9,5.5
CHK-000793,BAT-000265,2024-10-09 12:00:00,harvest,6.82,14.9,3.4
CHK-000794,BAT-000265,2025-02-12 15:45:00,pre_dispatch,6.27,16.2,2.8
CHK-000795,BAT-000265,2025-02-14 04:33:36,arrival,5.5,16.6,2.3
CHK-000796,BAT-000266,2024-09-20 10:15:00,harvest,7.58,14.6,2.9
CHK-000797,BAT-000266,2024-11-26 11:04:48,pre_dispatch,6.12,16.8,8.1
CHK-000798,BAT-000266,2024-11-26 18:34:12,arrival,4.04,12.7,15.9
CHK-000799,BAT-000267,2024-09-06 15:30:00,harvest,7.1,11.8,1.0
CHK-000800,BAT-000267,2024-11-20 17:55:48,pre_dispatch,5.5,12.4,3.8
CHK-000801,BAT-000267,2024-11-22 13:02:36,arrival,6.68,17.1,9.1
CHK-000802,BAT-000268,2024-09-17 15:15:00,harvest,7.42,15.6,1.7
CHK-000803,BAT-000268,2025-02-26 16:06:00,pre_dispatch,5.17,16.6,1.3
CHK-000804,BAT-000268,2025-02-28 01:15:48,arrival,4.76,11.7,14.2
CHK-000805,BAT-000269,2024-10-04 12:30:00,harvest,6.78,15.8,0.5
CHK-000806,BAT-000269,2024-12-13 15:16:48,pre_dispatch,5.81,14.7,7.4
CHK-000807,BAT-000269,2024-12-13 22:58:48,arrival,6.69,13.3,16.0
CHK-000808,BAT-000270,2024-10-04 08:15:00,harvest,8.31,15.7,1.5
CHK-000809,BAT-000270,2024-10-15 09:31:12,pre_dispatch,6.68,16.0,3.7
CHK-000810,BAT-000270,2024-10-15 22:06:48,arrival,5.7,16.4,6.8
CHK-000811,BAT-000271,2024-06-24 12:30:00,harvest,7.73,13.9,3.4
CHK-000812,BAT-000271,2024-07-03 14:43:12,pre_dispatch,7.53,12.7,5.0
CHK-000813,BAT-000271,2024-07-05 09:11:00,arrival,4.26,14.7,17.7
CHK-000814,BAT-000272,2024-07-15 14:00:00,harvest,6.97,13.6,0.9
CHK-000815,BAT-000272,2024-07-26 15:00:36,pre_dispatch,5.69,16.8,2.3
CHK-000816,BAT-000272,2024-07-28 02:07:48,arrival,7.05,16.7,7.2
CHK-000817,BAT-000273,2024-08-25 14:45:00,harvest,7.8,14.6,2.5
CHK-000818,BAT-000273,2025-02-10 17:31:12,pre_dispatch,7.09,16.4,2.4
CHK-000819,BAT-000273,2025-02-11 13:29:36,arrival,6.95,17.1,17.7
CHK-000820,BAT-000274,2024-08-20 10:45:00,harvest,7.43,12.1,1.0
CHK-000821,BAT-000274,2025-01-15 10:22:12,pre_dispatch,7.61,15.3,1.5
CHK-000822,BAT-000274,2025-01-16 05:51:00,arrival,6.19,14.2,7.3
CHK-000823,BAT-000275,2024-09-04 07:00:00,harvest,7.74,13.8,3.6
CHK-000824,BAT-000275,2024-11-08 06:30:36,pre_dispatch,6.26,13.3,4.4
CHK-000825,BAT-000275,2024-11-09 20:15:12,arrival,6.32,14.8,15.3
CHK-000826,BAT-000276,2024-08-28 12:00:00,harvest,7.61,15.8,1.1
CHK-000827,BAT-000276,2024-12-05 14:25:48,pre_dispatch,6.68,12.6,2.2
CHK-000828,BAT-000276,2024-12-06 11:33:48,arrival,4.39,11.5,12.0
CHK-000829,BAT-000277,2024-07-06 11:00:00,harvest,7.24,16.1,3.5
CHK-000830,BAT-000277,2024-07-13 14:39:36,pre_dispatch,6.21,13.6,2.6
CHK-000831,BAT-000277,2024-07-14 11:15:36,arrival,4.73,12.6,16.1
CHK-000832,BAT-000278,2024-08-21 08:45:00,harvest,6.53,15.3,0.9
CHK-000833,BAT-000278,2024-08-31 08:30:00,pre_dispatch,6.32,14.3,3.7
CHK-000834,BAT-000278,2024-08-31 17:42:24,arrival,6.59,14.2,16.7
CHK-000835,BAT-000279,2024-09-24 11:30:00,harvest,7.79,13.1,3.8
CHK-000836,BAT-000279,2024-12-22 12:28:12,pre_dispatch,5.66,11.7,3.9
CHK-000837,BAT-000279,2024-12-24 07:11:12,arrival,6.71,11.6,3.4
CHK-000838,BAT-000280,2024-07-31 15:15:00,harvest,7.16,14.3,3.2
CHK-000839,BAT-000280,2024-08-07 15:22:12,pre_dispatch,6.41,14.7,5.4
CHK-000840,BAT-000280,2024-08-08 04:27:36,arrival,6.47,15.3,17.1
CHK-000841,BAT-000281,2024-09-20 12:00:00,harvest,8.14,13.4,1.6
CHK-000842,BAT-000281,2024-12-26 11:31:12,pre_dispatch,7.63,16.9,1.7
CHK-000843,BAT-000281,2024-12-27 07:54:48,arrival,5.72,14.8,9.3
CHK-000844,BAT-000282,2024-09-06 11:15:00,harvest,7.9,16.2,3.0
CHK-000845,BAT-000282,2025-01-19 11:45:00,pre_dispatch,7.47,14.5,4.7
CHK-000846,BAT-000282,2025-01-20 23:40:48,arrival,5.23,12.4,8.3
CHK-000847,BAT-000283,2024-09-22 07:15:00,harvest,8.21,13.0,0.8
CHK-000848,BAT-000283,2024-12-15 09:37:12,pre_dispatch,6.02,11.8,6.3
CHK-000849,BAT-000283,2024-12-16 06:45:24,arrival,5.87,11.5,13.1
CHK-000850,BAT-000284,2024-09-12 14:30:00,harvest,7.2,16.4,3.3
CHK-000851,BAT-000284,2024-10-28 16:12:00,pre_dispatch,6.66,16.8,7.7
CHK-000852,BAT-000284,2024-10-29 00:45:12,arrival,5.19,13.7,9.5
CHK-000853,BAT-000285,2024-10-24 11:45:00,harvest,8.08,15.9,3.8
CHK-000854,BAT-000285,2025-02-14 12:02:24,pre_dispatch,5.58,16.8,3.5
CHK-000855,BAT-000285,2025-02-15 19:03:00,arrival,4.73,15.4,6.4
CHK-000856,BAT-000286,2024-09-13 07:15:00,harvest,7.09,15.8,3.6
CHK-000857,BAT-000286,2024-09-25 09:09:00,pre_dispatch,5.44,11.8,4.3
CHK-000858,BAT-000286,2024-09-26 03:59:24,arrival,4.23,11.9,8.1
CHK-000859,BAT-000287,2024-10-09 09:45:00,harvest,6.82,13.1,2.9
CHK-000860,BAT-000287,2024-10-28 12:58:12,pre_dispatch,6.9,14.8,5.9
CHK-000861,BAT-000287,2024-10-29 13:54:48,arrival,4.18,15.4,13.3
CHK-000862,BAT-000288,2024-09-05 10:00:00,harvest,6.52,12.6,0.8
CHK-000863,BAT-000288,2024-10-14 12:43:12,pre_dispatch,6.13,16.7,5.5
CHK-000864,BAT-000288,2024-10-14 20:09:00,arrival,5.07,14.8,10.7
CHK-000865,BAT-000289,2024-10-09 07:00:00,harvest,7.03,15.4,1.1
CHK-000866,BAT-000289,2024-12-27 09:54:00,pre_dispatch,5.75,16.8,1.8
CHK-000867,BAT-000289,2024-12-28 22:12:48,arrival,5.01,16.9,8.2
CHK-000868,BAT-000290,2024-09-29 14:00:00,harvest,7.71,15.5,2.9
CHK-000869,BAT-000290,2024-11-08 14:25:48,pre_dispatch,5.02,12.7,6.2
CHK-000870,BAT-000290,2024-11-09 09:11:12,arrival,5.52,15.6,11.8
CHK-000871,BAT-000291,2024-09-12 11:30:00,harvest,7.66,16.0,0.9
CHK-000872,BAT-000291,2024-09-28 11:19:12,pre_dispatch,5.69,12.9,7.1
CHK-000873,BAT-000291,2024-09-29 18:53:12,arrival,6.34,12.3,13.5
CHK-000874,BAT-000292,2024-09-17 10:00:00,harvest,8.37,16.3,3.2
CHK-000875,BAT-000292,2025-01-11 13:47:24,pre_dispatch,7.49,15.2,7.9
CHK-000876,BAT-000292,2025-01-12 10:49:36,arrival,4.86,13.4,3.9
CHK-000877,BAT-000293,2024-09-22 13:45:00,harvest,6.75,11.7,2.7
CHK-000878,BAT-000293,2025-01-04 15:35:24,pre_dispatch,6.0,15.4,7.7
CHK-000879,BAT-000293,2025-01-05 23:35:00,arrival,4.5,12.5,15.5
CHK-000880,BAT-000294,2024-09-29 11:30:00,harvest,7.68,13.0,2.2
CHK-000881,BAT-000294,2024-11-26 11:00:00,pre_dispatch,5.78,12.5,1.9
CHK-000882,BAT-000294,2024-11-27 19:56:36,arrival,7.11,11.9,14.1
CHK-000883,BAT-000295,2024-10-01 12:15:00,harvest,7.33,11.0,1.1
CHK-000884,BAT-000295,2024-12-02 14:38:24,pre_dispatch,5.97,11.7,8.0
CHK-000885,BAT-000295,2024-12-03 00:15:12,arrival,4.15,14.0,13.7
CHK-000886,BAT-000296,2024-09-11 08:00:00,harvest,7.37,11.2,2.1
CHK-000887,BAT-000296,2025-02-03 10:51:36,pre_dispatch,5.84,16.3,4.4
CHK-000888,BAT-000296,2025-02-04 19:32:12,arrival,4.7,13.4,7.0
CHK-000889,BAT-000297,2024-09-20 07:00:00,harvest,8.41,14.0,3.0
CHK-000890,BAT-000297,2025-02-01 08:10:48,pre_dispatch,5.63,14.9,3.1
CHK-000891,BAT-000297,2025-02-01 17:58:24,arrival,6.36,14.9,13.5
CHK-000892,BAT-000298,2024-08-04 09:30:00,harvest,8.24,13.2,0.7
CHK-000893,BAT-000298,2024-08-12 10:19:48,pre_dispatch,5.36,12.1,6.3
CHK-000894,BAT-000298,2024-08-13 23:14:24,arrival,7.05,12.6,2.6
CHK-000895,BAT-000299,2024-09-29 10:00:00,harvest,7.55,12.3,3.4
CHK-000896,BAT-000299,2024-10-08 12:00:36,pre_dispatch,7.33,13.0,1.9
CHK-000897,BAT-000299,2024-10-09 00:00:00,arrival,6.89,16.2,11.1
CHK-000898,BAT-000300,2024-09-07 15:30:00,harvest,6.96,12.9,1.7
CHK-000899,BAT-000300,2024-10-26 16:52:48,pre_dispatch,5.01,16.4,8.2
CHK-000900,BAT-000300,2024-10-28 06:14:12,arrival,6.31,15.0,4.7
CHK-000901,BAT-000301,2024-09-04 07:00:00,harvest,7.57,15.3,3.8
CHK-000902,BAT-000301,2024-11-16 09:46:48,pre_dispatch,5.57,12.4,7.7
CHK-000903,BAT-000301,2024-11-17 03:31:12,arrival,6.43,14.0,6.1
CHK-000904,BAT-000302,2024-08-11 11:00:00,harvest,7.94,14.1,2.9
CHK-000905,BAT-000302,2024-08-16 13:48:00,pre_dispatch,5.58,15.2,7.9
CHK-000906,BAT-000302,2024-08-17 02:15:00,arrival,6.35,12.0,2.8
CHK-000907,BAT-000303,2024-07-03 15:15:00,harvest,7.0,16.0,2.5
CHK-000908,BAT-000303,2024-07-14 18:10:12,pre_dispatch,5.96,13.7,6.6
CHK-000909,BAT-000303,2024-07-15 13:17:24,arrival,4.24,14.9,3.4
CHK-000910,BAT-000304,2024-09-13 09:15:00,harvest,7.39,13.3,2.2
CHK-000911,BAT-000304,2024-12-23 12:41:24,pre_dispatch,6.77,16.8,6.0
CHK-000912,BAT-000304,2024-12-24 17:05:00,arrival,6.21,13.9,7.9
CHK-000913,BAT-000305,2024-09-23 09:30:00,harvest,6.51,15.6,2.8
CHK-000914,BAT-000305,2024-12-04 11:00:36,pre_dispatch,6.72,13.8,5.3
CHK-000915,BAT-000305,2024-12-04 20:20:36,arrival,6.01,12.3,13.0
CHK-000916,BAT-000306,2024-08-29 14:30:00,harvest,8.5,14.9,2.1
CHK-000917,BAT-000306,2024-09-16 17:42:00,pre_dispatch,5.77,15.7,5.3
CHK-000918,BAT-000306,2024-09-17 11:13:48,arrival,6.87,13.7,6.9
CHK-000919,BAT-000307,2024-09-15 15:45:00,harvest,7.65,14.8,0.7
CHK-000920,BAT-000307,2024-12-21 19:29:24,pre_dispatch,6.63,11.8,6.7
CHK-000921,BAT-000307,2024-12-23 06:41:24,arrival,5.88,12.2,6.9
CHK-000922,BAT-000308,2024-10-24 14:15:00,harvest,6.52,13.3,1.2
CHK-000923,BAT-000308,2025-01-19 14:55:12,pre_dispatch,5.3,11.7,5.2
CHK-000924,BAT-000308,2025-01-20 11:58:36,arrival,4.37,12.8,9.7
CHK-000925,BAT-000309,2024-09-04 10:00:00,harvest,8.3,13.7,2.2
CHK-000926,BAT-000309,2025-01-07 10:05:24,pre_dispatch,5.84,12.4,7.2
CHK-000927,BAT-000309,2025-01-07 18:38:24,arrival,5.07,16.3,6.6
CHK-000928,BAT-000310,2024-10-17 11:00:00,harvest,8.28,16.5,1.3
CHK-000929,BAT-000310,2024-12-15 13:07:12,pre_dispatch,7.41,11.7,5.1
CHK-000930,BAT-000310,2024-12-15 23:49:12,arrival,7.04,16.3,15.6
CHK-000931,BAT-000311,2024-09-09 12:30:00,harvest,7.19,11.9,2.7
CHK-000932,BAT-000311,2024-11-25 15:30:36,pre_dispatch,5.34,12.4,8.4
CHK-000933,BAT-000311,2024-11-27 09:26:12,arrival,6.09,15.1,12.8
CHK-000934,BAT-000312,2024-10-05 11:00:00,harvest,6.94,11.4,2.4
CHK-000935,BAT-000312,2025-03-04 13:38:24,pre_dispatch,7.33,13.6,3.7
CHK-000936,BAT-000312,2025-03-06 07:47:24,arrival,4.95,15.1,5.4
CHK-000937,BAT-000313,2024-07-21 09:30:00,harvest,6.63,16.3,3.9
CHK-000938,BAT-000313,2024-08-04 11:24:00,pre_dispatch,5.87,13.7,7.9
CHK-000939,BAT-000313,2024-08-05 23:26:36,arrival,4.07,12.2,7.7
CHK-000940,BAT-000314,2024-08-13 08:00:00,harvest,7.65,11.6,3.1
CHK-000941,BAT-000314,2024-09-06 10:22:48,pre_dispatch,6.96,14.4,3.9
CHK-000942,BAT-000314,2024-09-06 22:39:12,arrival,5.59,11.6,5.7
CHK-000943,BAT-000315,2024-09-29 11:45:00,harvest,7.85,13.9,1.2
CHK-000944,BAT-000315,2024-12-18 15:43:12,pre_dispatch,7.04,12.3,7.0
CHK-000945,BAT-000315,2024-12-19 23:34:24,arrival,5.36,11.7,11.1
CHK-000946,BAT-000316,2024-09-12 15:00:00,harvest,7.7,15.3,3.0
CHK-000947,BAT-000316,2025-01-03 14:46:48,pre_dispatch,6.43,15.7,6.5
CHK-000948,BAT-000316,2025-01-03 23:37:24,arrival,4.91,13.4,7.1
CHK-000949,BAT-000317,2024-08-16 15:15:00,harvest,7.31,14.2,1.9
CHK-000950,BAT-000317,2024-09-23 15:41:24,pre_dispatch,6.38,12.3,8.3
CHK-000951,BAT-000317,2024-09-25 09:57:24,arrival,5.61,15.8,2.9
CHK-000952,BAT-000318,2024-09-09 07:30:00,harvest,7.33,16.0,3.7
CHK-000953,BAT-000318,2024-09-18 08:31:48,pre_dispatch,6.27,12.2,3.6
CHK-000954,BAT-000318,2024-09-19 03:54:36,arrival,5.33,14.1,1.5
CHK-000955,BAT-000319,2024-09-19 07:15:00,harvest,7.11,12.9,3.1
CHK-000956,BAT-000319,2025-01-12 07:09:36,pre_dispatch,7.61,15.5,1.0
CHK-000957,BAT-000319,2025-01-13 22:21:00,arrival,4.08,12.4,16.1
CHK-000958,BAT-000320,2024-10-05 10:45:00,harvest,7.69,12.4,3.9
CHK-000959,BAT-000320,2024-11-25 14:04:12,pre_dispatch,7.73,15.2,5.0
CHK-000960,BAT-000320,2024-11-27 07:20:00,arrival,4.89,13.7,17.8
CHK-000961,BAT-000321,2024-10-06 13:30:00,harvest,7.54,16.3,2.7
CHK-000962,BAT-000321,2024-10-18 14:59:24,pre_dispatch,5.31,12.4,7.1
CHK-000963,BAT-000321,2024-10-20 08:45:24,arrival,6.31,14.6,10.0
CHK-000964,BAT-000322,2024-09-09 08:00:00,harvest,8.07,11.9,3.5
CHK-000965,BAT-000322,2024-09-25 09:13:12,pre_dispatch,6.03,15.6,8.5
CHK-000966,BAT-000322,2024-09-26 02:52:12,arrival,5.71,15.8,5.2
CHK-000967,BAT-000323,2024-08-30 08:30:00,harvest,7.2,12.7,1.4
CHK-000968,BAT-000323,2024-10-24 11:41:24,pre_dispatch,7.49,14.2,5.9
CHK-000969,BAT-000323,2024-10-25 07:31:12,arrival,4.53,16.2,10.0
CHK-000970,BAT-000324,2024-09-07 12:45:00,harvest,7.78,12.8,3.6
CHK-000971,BAT-000324,2024-10-15 15:48:36,pre_dispatch,6.91,12.5,5.1
CHK-000972,BAT-000324,2024-10-16 12:31:00,arrival,6.04,14.8,6.6
CHK-000973,BAT-000325,2024-08-22 15:30:00,harvest,7.06,13.1,1.0
CHK-000974,BAT-000325,2025-01-03 19:25:12,pre_dispatch,7.53,16.8,6.8
CHK-000975,BAT-000325,2025-01-04 05:06:36,arrival,4.08,12.7,9.3
CHK-000976,BAT-000326,2024-09-24 14:45:00,harvest,8.35,15.7,2.3
CHK-000977,BAT-000326,2025-03-03 16:26:24,pre_dispatch,6.63,14.7,8.0
CHK-000978,BAT-000326,2025-03-04 04:15:12,arrival,4.13,15.3,8.1
CHK-000979,BAT-000327,2024-09-11 09:15:00,harvest,7.0,14.4,1.2
CHK-000980,BAT-000327,2024-09-26 11:04:12,pre_dispatch,5.98,12.0,6.2
CHK-000981,BAT-000327,2024-09-27 23:24:12,arrival,6.82,15.8,12.0
CHK-000982,BAT-000328,2024-07-11 07:15:00,harvest,8.25,12.9,0.6
CHK-000983,BAT-000328,2024-07-25 09:20:24,pre_dispatch,6.25,12.4,3.0
CHK-000984,BAT-000328,2024-07-25 17:59:24,arrival,6.94,14.4,2.7
CHK-000985,BAT-000329,2024-10-22 08:30:00,harvest,7.17,13.9,0.9
CHK-000986,BAT-000329,2024-11-22 08:18:00,pre_dispatch,7.73,14.5,1.4
CHK-000987,BAT-000329,2024-11-24 02:58:12,arrival,5.88,15.5,6.6
CHK-000988,BAT-000330,2024-10-09 07:15:00,harvest,8.11,12.0,2.1
CHK-000989,BAT-000330,2024-11-04 09:40:12,pre_dispatch,6.99,13.0,7.2
CHK-000990,BAT-000330,2024-11-04 18:36:24,arrival,6.04,16.5,13.9
CHK-000991,BAT-000331,2024-09-02 10:00:00,harvest,6.87,12.5,3.2
CHK-000992,BAT-000331,2024-09-15 09:54:36,pre_dispatch,6.67,14.4,4.2
CHK-000993,BAT-000331,2024-09-16 17:26:00,arrival,5.82,16.2,7.9
CHK-000994,BAT-000332,2024-08-13 09:30:00,harvest,7.16,15.2,2.3
CHK-000995,BAT-000332,2024-09-09 12:18:00,pre_dispatch,6.84,16.1,1.5
CHK-000996,BAT-000332,2024-09-09 21:29:12,arrival,5.39,15.5,6.4
CHK-000997,BAT-000333,2024-07-08 11:00:00,harvest,7.5,14.7,3.8
CHK-000998,BAT-000333,2024-07-19 11:21:36,pre_dispatch,6.11,14.8,5.5
CHK-000999,BAT-000333,2024-07-21 06:05:00,arrival,5.48,16.3,13.0
CHK-001000,BAT-000334,2024-10-08 09:15:00,harvest,8.11,11.5,1.2
CHK-001001,BAT-000334,2025-01-08 08:46:48,pre_dispatch,6.78,13.0,5.7
CHK-001002,BAT-000334,2025-01-08 17:11:24,arrival,6.99,16.3,10.9
CHK-001003,BAT-000335,2024-08-26 13:00:00,harvest,7.17,14.1,2.8
CHK-001004,BAT-000335,2024-11-16 16:36:36,pre_dispatch,6.72,15.4,4.1
CHK-001005,BAT-000335,2024-11-17 01:28:00,arrival,6.03,15.2,17.7
CHK-001006,BAT-000336,2024-10-03 10:00:00,harvest,7.33,16.1,1.5
CHK-001007,BAT-000336,2024-10-30 11:12:36,pre_dispatch,5.28,12.9,8.0
CHK-001008,BAT-000336,2024-10-30 22:55:48,arrival,4.08,14.8,14.9
CHK-001009,BAT-000337,2024-08-20 15:45:00,harvest,8.38,11.8,3.7
CHK-001010,BAT-000337,2024-09-15 16:43:48,pre_dispatch,6.17,14.3,7.2
CHK-001011,BAT-000337,2024-09-17 00:40:00,arrival,7.03,16.2,17.6
CHK-001012,BAT-000338,2024-10-03 11:00:00,harvest,8.35,14.9,2.8
CHK-001013,BAT-000338,2025-01-25 10:41:24,pre_dispatch,7.61,16.2,7.1
CHK-001014,BAT-000338,2025-01-25 17:46:48,arrival,4.38,15.9,11.1
CHK-001015,BAT-000339,2024-09-04 12:30:00,harvest,7.59,11.8,2.5
CHK-001016,BAT-000339,2024-09-16 13:58:48,pre_dispatch,6.59,13.8,6.3
CHK-001017,BAT-000339,2024-09-17 03:01:12,arrival,4.78,16.4,13.3
CHK-001018,BAT-000340,2024-09-23 13:15:00,harvest,6.72,15.1,3.7
CHK-001019,BAT-000340,2024-10-29 15:06:00,pre_dispatch,6.32,16.8,3.5
CHK-001020,BAT-000340,2024-10-31 09:18:12,arrival,5.44,12.3,12.2
CHK-001021,BAT-000341,2024-08-06 12:15:00,harvest,7.28,12.0,2.4
CHK-001022,BAT-000341,2024-09-02 14:35:24,pre_dispatch,7.7,12.0,6.2
CHK-001023,BAT-000341,2024-09-04 00:20:00,arrival,4.98,12.9,10.6
CHK-001024,BAT-000342,2024-10-06 12:45:00,harvest,6.89,15.5,2.0
CHK-001025,BAT-000342,2025-03-13 14:21:00,pre_dispatch,6.64,12.6,3.6
CHK-001026,BAT-000342,2025-03-15 03:17:48,arrival,6.4,13.3,4.5
CHK-001027,BAT-000343,2024-08-09 11:45:00,harvest,6.73,12.9,1.0
CHK-001028,BAT-000343,2024-09-02 12:52:12,pre_dispatch,5.38,14.0,2.5
CHK-001029,BAT-000343,2024-09-02 21:04:12,arrival,4.92,14.6,12.9
CHK-001030,BAT-000344,2024-09-08 15:15:00,harvest,8.3,15.2,1.1
CHK-001031,BAT-000344,2024-11-12 15:39:00,pre_dispatch,6.16,13.2,6.5
CHK-001032,BAT-000344,2024-11-12 23:43:48,arrival,5.64,16.2,17.5
CHK-001033,BAT-000345,2024-09-09 12:30:00,harvest,7.42,15.9,1.3
CHK-001034,BAT-000345,2024-11-21 13:55:12,pre_dispatch,5.2,13.8,6.8
CHK-001035,BAT-000345,2024-11-22 21:30:00,arrival,6.0,14.1,9.4
CHK-001036,BAT-000346,2024-10-15 12:00:00,harvest,7.17,14.4,2.2
CHK-001037,BAT-000346,2025-01-20 12:52:12,pre_dispatch,6.85,11.5,7.6
CHK-001038,BAT-000346,2025-01-21 08:53:00,arrival,4.92,14.3,15.6
CHK-001039,BAT-000347,2024-09-22 09:45:00,harvest,6.76,16.4,2.5
CHK-001040,BAT-000347,2024-10-10 12:39:36,pre_dispatch,5.91,13.5,2.1
CHK-001041,BAT-000347,2024-10-12 07:38:36,arrival,6.42,14.1,2.6
CHK-001042,BAT-000348,2024-08-08 12:00:00,harvest,7.35,14.0,3.2
CHK-001043,BAT-000348,2024-08-18 14:55:12,pre_dispatch,6.55,15.0,5.3
CHK-001044,BAT-000348,2024-08-19 11:57:48,arrival,4.08,16.5,15.4
CHK-001045,BAT-000349,2024-08-27 07:15:00,harvest,7.86,14.8,1.9
CHK-001046,BAT-000349,2024-11-08 10:07:48,pre_dispatch,5.25,16.5,1.2
CHK-001047,BAT-000349,2024-11-09 18:57:00,arrival,5.44,16.1,5.0
CHK-001048,BAT-000350,2024-08-08 11:30:00,harvest,7.38,12.0,2.2
CHK-001049,BAT-000350,2024-09-12 13:11:24,pre_dispatch,6.87,11.6,4.8
CHK-001050,BAT-000350,2024-09-13 17:50:24,arrival,4.34,15.3,12.3
CHK-001051,BAT-000351,2024-10-12 10:30:00,harvest,7.89,16.5,1.7
CHK-001052,BAT-000351,2024-12-16 11:45:00,pre_dispatch,5.19,14.1,3.3
CHK-001053,BAT-000351,2024-12-17 23:54:36,arrival,6.3,14.8,12.1
CHK-001054,BAT-000352,2024-05-29 15:00:00,harvest,8.01,16.0,2.9
CHK-001055,BAT-000352,2024-06-03 15:07:12,pre_dispatch,5.59,14.7,5.5
CHK-001056,BAT-000352,2024-06-04 11:24:00,arrival,6.1,15.4,10.9
CHK-001057,BAT-000353,2024-09-20 15:00:00,harvest,7.36,14.6,3.0
CHK-001058,BAT-000353,2024-11-27 18:21:00,pre_dispatch,6.28,11.5,3.2
CHK-001059,BAT-000353,2024-11-29 04:44:12,arrival,4.78,12.2,7.5
CHK-001060,BAT-000354,2024-09-28 12:00:00,harvest,7.42,12.6,3.3
CHK-001061,BAT-000354,2025-02-02 15:37:12,pre_dispatch,7.21,11.8,6.3
CHK-001062,BAT-000354,2025-02-03 00:52:12,arrival,4.72,13.8,14.0
CHK-001063,BAT-000355,2024-09-21 14:30:00,harvest,8.46,14.2,1.9
CHK-001064,BAT-000355,2024-11-18 14:34:12,pre_dispatch,7.38,15.4,6.6
CHK-001065,BAT-000355,2024-11-18 22:00:00,arrival,7.02,14.9,15.9
CHK-001066,BAT-000356,2024-10-01 13:45:00,harvest,8.1,16.2,1.0
CHK-001067,BAT-000356,2024-11-29 13:20:24,pre_dispatch,5.73,14.3,6.9
CHK-001068,BAT-000356,2024-11-30 06:39:36,arrival,4.09,12.3,16.8
CHK-001069,BAT-000357,2024-09-17 13:00:00,harvest,8.35,13.1,2.7
CHK-001070,BAT-000357,2024-12-04 16:06:36,pre_dispatch,6.38,13.5,4.7
CHK-001071,BAT-000357,2024-12-05 13:15:24,arrival,7.04,14.4,16.8
CHK-001072,BAT-000358,2024-09-16 08:00:00,harvest,7.56,12.7,3.7
CHK-001073,BAT-000358,2024-09-26 11:09:36,pre_dispatch,7.59,15.6,5.6
CHK-001074,BAT-000358,2024-09-26 22:56:36,arrival,6.64,12.5,6.3
CHK-001075,BAT-000359,2024-09-03 09:45:00,harvest,7.43,16.0,2.2
CHK-001076,BAT-000359,2024-11-18 09:39:36,pre_dispatch,5.75,14.2,6.2
CHK-001077,BAT-000359,2024-11-18 22:37:12,arrival,4.31,11.9,14.1
CHK-001078,BAT-000360,2024-08-21 12:45:00,harvest,7.28,15.9,1.9
CHK-001079,BAT-000360,2024-08-29 16:27:36,pre_dispatch,5.16,13.2,7.0
CHK-001080,BAT-000360,2024-08-31 11:02:36,arrival,6.29,11.9,3.3
CHK-001081,BAT-000361,2024-09-21 14:30:00,harvest,7.32,14.1,3.3
CHK-001082,BAT-000361,2024-10-15 15:40:12,pre_dispatch,5.74,16.6,6.9
CHK-001083,BAT-000361,2024-10-17 01:02:12,arrival,6.87,16.4,12.5
CHK-001084,BAT-000362,2024-10-22 15:00:00,harvest,8.34,14.6,1.1
CHK-001085,BAT-000362,2025-03-20 18:27:36,pre_dispatch,6.49,16.2,2.9
CHK-001086,BAT-000362,2025-03-21 04:15:48,arrival,4.46,14.6,4.6
CHK-001087,BAT-000363,2024-09-24 08:00:00,harvest,8.39,13.0,3.6
CHK-001088,BAT-000363,2024-11-24 08:34:48,pre_dispatch,6.79,16.4,7.2
CHK-001089,BAT-000363,2024-11-24 15:39:00,arrival,4.12,14.4,7.0
CHK-001090,BAT-000364,2024-08-03 15:00:00,harvest,6.55,13.3,1.1
CHK-001091,BAT-000364,2024-08-14 15:00:00,pre_dispatch,6.34,13.5,2.2
CHK-001092,BAT-000364,2024-08-14 23:51:12,arrival,4.17,11.5,4.3
CHK-001093,BAT-000365,2024-09-19 14:15:00,harvest,6.78,16.3,1.8
CHK-001094,BAT-000365,2024-11-13 14:15:36,pre_dispatch,7.29,16.4,2.8
CHK-001095,BAT-000365,2024-11-13 23:14:48,arrival,6.81,15.5,6.0
CHK-001096,BAT-000366,2024-10-14 15:45:00,harvest,6.97,16.4,0.9
CHK-001097,BAT-000366,2024-12-09 15:35:24,pre_dispatch,7.45,12.8,8.5
CHK-001098,BAT-000366,2024-12-10 01:15:00,arrival,6.76,13.5,11.3
CHK-001099,BAT-000367,2024-09-10 08:45:00,harvest,8.46,13.6,2.7
CHK-001100,BAT-000367,2024-09-19 12:06:36,pre_dispatch,6.93,14.7,2.2
CHK-001101,BAT-000367,2024-09-21 05:26:12,arrival,5.82,15.5,16.5
CHK-001102,BAT-000368,2024-05-20 09:00:00,harvest,7.91,11.5,2.6
CHK-001103,BAT-000368,2024-05-25 11:39:36,pre_dispatch,7.79,13.3,7.5
CHK-001104,BAT-000368,2024-05-26 23:32:00,arrival,4.99,16.4,16.3
CHK-001105,BAT-000369,2024-10-18 11:45:00,harvest,8.12,13.2,2.1
CHK-001106,BAT-000369,2024-12-05 15:34:48,pre_dispatch,7.53,14.8,3.4
CHK-001107,BAT-000369,2024-12-06 11:25:48,arrival,5.73,16.2,17.2
CHK-001108,BAT-000370,2024-08-23 07:00:00,harvest,7.95,13.0,1.9
CHK-001109,BAT-000370,2024-11-02 10:11:24,pre_dispatch,6.7,12.4,8.5
CHK-001110,BAT-000370,2024-11-03 19:26:36,arrival,5.57,11.5,2.4
CHK-001111,BAT-000371,2024-10-04 15:30:00,harvest,8.26,14.4,0.8
CHK-001112,BAT-000371,2024-11-14 18:57:00,pre_dispatch,6.31,16.0,6.0
CHK-001113,BAT-000371,2024-11-15 03:17:24,arrival,5.21,13.3,13.2
CHK-001114,BAT-000372,2024-08-14 09:45:00,harvest,7.39,12.7,1.8
CHK-001115,BAT-000372,2024-08-19 12:28:12,pre_dispatch,6.54,15.3,3.0
CHK-001116,BAT-000372,2024-08-20 06:23:24,arrival,5.6,16.7,17.9
CHK-001117,BAT-000373,2024-06-30 07:30:00,harvest,8.04,14.0,1.6
CHK-001118,BAT-000373,2024-07-03 09:34:48,pre_dispatch,5.85,14.8,2.3
CHK-001119,BAT-000373,2024-07-05 08:36:36,arrival,6.75,15.2,11.0
CHK-001120,BAT-000374,2024-07-30 08:15:00,harvest,7.61,12.1,0.8
CHK-001121,BAT-000374,2024-08-10 10:36:00,pre_dispatch,5.86,16.2,2.8
CHK-001122,BAT-000374,2024-08-12 00:51:36,arrival,4.0,13.3,4.1
CHK-001123,BAT-000375,2024-09-20 07:00:00,harvest,7.73,14.1,1.3
CHK-001124,BAT-000375,2024-10-15 09:28:48,pre_dispatch,6.19,14.6,5.1
CHK-001125,BAT-000375,2024-10-15 17:23:48,arrival,6.48,13.6,14.3
CHK-001126,BAT-000376,2024-08-16 08:00:00,harvest,6.96,12.4,1.3
CHK-001127,BAT-000376,2024-09-01 07:58:12,pre_dispatch,7.57,16.7,1.3
CHK-001128,BAT-000376,2024-09-01 17:22:12,arrival,4.99,14.8,13.0
CHK-001129,BAT-000377,2024-09-06 13:15:00,harvest,6.56,13.6,2.5
CHK-001130,BAT-000377,2024-11-08 13:17:24,pre_dispatch,5.26,12.1,1.7
CHK-001131,BAT-000377,2024-11-08 21:22:12,arrival,5.57,12.0,6.1
CHK-001132,BAT-000378,2024-09-08 07:15:00,harvest,6.67,11.9,2.4
CHK-001133,BAT-000378,2024-11-03 08:07:12,pre_dispatch,7.14,13.5,1.0
CHK-001134,BAT-000378,2024-11-04 17:06:12,arrival,4.81,14.8,11.1
CHK-001135,BAT-000379,2024-10-23 14:00:00,harvest,7.07,15.8,1.6
CHK-001136,BAT-000379,2025-04-11 14:24:00,pre_dispatch,7.62,14.0,7.3
CHK-001137,BAT-000379,2025-04-12 10:59:48,arrival,7.14,12.9,13.5
CHK-001138,BAT-000380,2024-10-16 12:30:00,harvest,6.7,16.4,0.7
CHK-001139,BAT-000380,2025-02-02 14:13:48,pre_dispatch,6.38,16.2,1.9
CHK-001140,BAT-000380,2025-02-02 22:31:12,arrival,6.46,12.7,16.9
CHK-001141,BAT-000381,2024-09-03 13:00:00,harvest,8.23,11.6,1.4
CHK-001142,BAT-000381,2024-10-05 12:54:36,pre_dispatch,5.37,12.8,5.2
CHK-001143,BAT-000381,2024-10-06 01:05:12,arrival,6.75,15.6,9.8
CHK-001144,BAT-000382,2024-10-08 15:45:00,harvest,8.08,13.6,1.8
CHK-001145,BAT-000382,2024-11-21 18:00:36,pre_dispatch,5.31,15.5,7.5
CHK-001146,BAT-000382,2024-11-23 14:25:48,arrival,4.82,15.6,17.6
CHK-001147,BAT-000383,2024-10-05 07:30:00,harvest,7.09,16.2,1.2
CHK-001148,BAT-000383,2025-01-14 10:28:48,pre_dispatch,5.7,12.0,4.3
CHK-001149,BAT-000383,2025-01-14 21:23:36,arrival,4.84,16.6,14.1
CHK-001150,BAT-000384,2024-09-27 10:45:00,harvest,7.9,13.0,0.5
CHK-001151,BAT-000384,2025-01-04 13:20:24,pre_dispatch,7.25,11.7,5.4
CHK-001152,BAT-000384,2025-01-05 01:42:12,arrival,4.45,14.2,9.6
CHK-001153,BAT-000385,2024-10-09 10:30:00,harvest,7.96,11.2,1.9
CHK-001154,BAT-000385,2024-11-22 12:19:12,pre_dispatch,7.02,12.0,4.1
CHK-001155,BAT-000385,2024-11-23 20:39:48,arrival,4.78,13.5,2.0
CHK-001156,BAT-000386,2024-10-21 08:30:00,harvest,8.27,16.5,2.0
CHK-001157,BAT-000386,2025-01-09 11:40:48,pre_dispatch,7.45,14.7,7.5
CHK-001158,BAT-000386,2025-01-10 06:10:48,arrival,5.95,16.4,10.9
CHK-001159,BAT-000387,2024-09-22 09:00:00,harvest,8.33,13.9,3.6
CHK-001160,BAT-000387,2025-01-31 08:57:36,pre_dispatch,6.22,14.7,4.6
CHK-001161,BAT-000387,2025-01-31 21:00:24,arrival,7.01,14.1,5.8
CHK-001162,BAT-000388,2024-07-01 09:00:00,harvest,7.0,12.9,0.6
CHK-001163,BAT-000388,2024-07-09 10:58:48,pre_dispatch,7.72,11.6,7.2
CHK-001164,BAT-000388,2024-07-11 06:00:00,arrival,6.2,16.5,3.2
CHK-001165,BAT-000389,2024-08-28 13:00:00,harvest,7.37,16.4,2.7
CHK-001166,BAT-000389,2025-01-17 16:25:48,pre_dispatch,5.89,16.4,4.3
CHK-001167,BAT-000389,2025-01-19 11:03:48,arrival,5.41,12.2,6.9
CHK-001168,BAT-000390,2024-09-05 09:30:00,harvest,8.07,16.2,2.8
CHK-001169,BAT-000390,2024-11-19 10:16:48,pre_dispatch,6.97,15.0,6.2
CHK-001170,BAT-000390,2024-11-20 19:40:36,arrival,5.78,12.7,3.6
CHK-001171,BAT-000391,2024-09-09 12:45:00,harvest,7.65,13.0,2.7
CHK-001172,BAT-000391,2024-11-11 15:06:00,pre_dispatch,7.49,12.2,1.4
CHK-001173,BAT-000391,2024-11-12 11:26:48,arrival,5.8,13.5,3.6
CHK-001174,BAT-000392,2024-09-17 10:15:00,harvest,6.55,15.1,2.0
CHK-001175,BAT-000392,2024-11-17 10:17:24,pre_dispatch,6.72,16.1,2.9
CHK-001176,BAT-000392,2024-11-18 21:46:12,arrival,6.86,14.9,2.8
CHK-001177,BAT-000393,2024-10-04 08:30:00,harvest,8.19,14.4,1.9
CHK-001178,BAT-000393,2024-12-30 09:09:00,pre_dispatch,5.34,16.9,5.4
CHK-001179,BAT-000393,2024-12-30 20:29:24,arrival,4.3,14.9,3.0
CHK-001180,BAT-000394,2024-10-02 13:30:00,harvest,7.1,13.7,2.0
CHK-001181,BAT-000394,2025-02-19 14:41:24,pre_dispatch,6.62,15.9,4.8
CHK-001182,BAT-000394,2025-02-19 22:48:36,arrival,6.87,11.9,3.6
CHK-001183,BAT-000395,2024-09-19 09:45:00,harvest,7.53,15.7,2.9
CHK-001184,BAT-000395,2024-10-13 12:39:36,pre_dispatch,5.68,13.5,4.8
CHK-001185,BAT-000395,2024-10-14 08:09:24,arrival,6.36,16.7,4.6
CHK-001186,BAT-000396,2024-09-24 10:30:00,harvest,6.93,14.8,1.5
CHK-001187,BAT-000396,2024-12-24 11:51:36,pre_dispatch,5.8,13.5,6.6
CHK-001188,BAT-000396,2024-12-25 06:16:48,arrival,5.81,17.0,11.9
CHK-001189,BAT-000397,2024-10-03 11:45:00,harvest,8.12,15.8,1.3
CHK-001190,BAT-000397,2024-10-22 15:07:12,pre_dispatch,7.03,15.9,1.9
CHK-001191,BAT-000397,2024-10-23 10:24:00,arrival,6.72,16.3,11.0
CHK-001192,BAT-000398,2024-09-17 15:00:00,harvest,8.1,13.8,3.4
CHK-001193,BAT-000398,2024-09-22 15:19:48,pre_dispatch,5.96,16.2,1.3
CHK-001194,BAT-000398,2024-09-24 18:46:12,arrival,5.89,14.1,3.2
CHK-001195,BAT-000399,2024-10-10 12:15:00,harvest,6.98,16.0,1.5
CHK-001196,BAT-000399,2024-10-25 14:46:12,pre_dispatch,5.61,14.1,2.7
CHK-001197,BAT-000399,2024-10-26 03:22:36,arrival,6.44,13.0,10.9
CHK-001198,BAT-000400,2024-10-02 10:15:00,harvest,6.72,15.2,3.4
CHK-001199,BAT-000400,2024-11-23 13:35:24,pre_dispatch,6.36,14.3,3.7
CHK-001200,BAT-000400,2024-11-25 00:54:36,arrival,6.42,13.4,5.2
CHK-001201,BAT-000401,2024-10-22 13:30:00,harvest,6.97,12.8,1.3
CHK-001202,BAT-000401,2025-01-13 14:40:48,pre_dispatch,7.08,13.1,1.6
CHK-001203,BAT-000401,2025-01-15 03:43:12,arrival,4.52,13.4,6.3
CHK-001204,BAT-000402,2024-09-26 12:45:00,harvest,7.47,14.2,0.6
CHK-001205,BAT-000402,2024-12-25 14:17:24,pre_dispatch,7.01,12.7,8.4
CHK-001206,BAT-000402,2024-12-26 10:10:12,arrival,6.19,13.8,4.0
CHK-001207,BAT-000403,2024-07-09 15:00:00,harvest,7.57,15.2,1.8
CHK-001208,BAT-000403,2024-07-18 14:57:36,pre_dispatch,6.78,15.0,4.5
CHK-001209,BAT-000403,2024-07-20 05:05:12,arrival,5.03,13.9,13.8
CHK-001210,BAT-000404,2024-09-01 08:45:00,harvest,6.7,16.5,0.9
CHK-001211,BAT-000404,2024-09-22 09:13:48,pre_dispatch,6.26,16.5,7.4
CHK-001212,BAT-000404,2024-09-22 17:37:12,arrival,5.86,13.5,16.1
CHK-001213,BAT-000405,2024-10-04 11:45:00,harvest,6.52,12.3,0.8
CHK-001214,BAT-000405,2024-12-10 11:58:12,pre_dispatch,5.29,14.6,4.3
CHK-001215,BAT-000405,2024-12-10 21:04:12,arrival,6.96,11.9,12.0
CHK-001216,BAT-000406,2024-09-29 07:15:00,harvest,7.03,14.8,3.2
CHK-001217,BAT-000406,2024-12-09 11:00:00,pre_dispatch,5.03,11.6,6.5
CHK-001218,BAT-000406,2024-12-10 05:51:00,arrival,4.05,11.9,8.0
CHK-001219,BAT-000407,2024-09-11 09:30:00,harvest,8.1,16.2,1.8
CHK-001220,BAT-000407,2025-01-15 11:36:36,pre_dispatch,5.09,14.7,1.2
CHK-001221,BAT-000407,2025-01-16 00:33:12,arrival,4.12,13.6,4.1
CHK-001222,BAT-000408,2024-08-22 08:30:00,harvest,7.71,12.8,1.0
CHK-001223,BAT-000408,2025-01-12 08:20:24,pre_dispatch,6.02,15.6,6.1
CHK-001224,BAT-000408,2025-01-13 20:15:12,arrival,4.53,15.2,18.0
CHK-001225,BAT-000409,2024-09-04 09:00:00,harvest,6.88,13.6,3.8
CHK-001226,BAT-000409,2024-09-26 11:43:48,pre_dispatch,6.88,15.6,2.7
CHK-001227,BAT-000409,2024-09-27 01:02:12,arrival,5.53,16.4,10.9
CHK-001228,BAT-000410,2024-09-30 14:00:00,harvest,7.23,15.3,1.8
CHK-001229,BAT-000410,2024-10-27 17:17:24,pre_dispatch,6.24,16.0,7.8
CHK-001230,BAT-000410,2024-10-28 05:45:36,arrival,6.58,15.0,17.4
CHK-001231,BAT-000411,2024-09-01 15:15:00,harvest,6.63,14.1,2.6
CHK-001232,BAT-000411,2024-10-03 18:53:24,pre_dispatch,5.95,16.7,1.2
CHK-001233,BAT-000411,2024-10-04 02:42:36,arrival,4.41,12.7,8.5
CHK-001234,BAT-000412,2024-09-05 15:00:00,harvest,7.33,12.0,2.0
CHK-001235,BAT-000412,2024-11-13 18:03:00,pre_dispatch,7.29,12.7,2.8
CHK-001236,BAT-000412,2024-11-15 12:45:00,arrival,6.7,15.8,8.6
CHK-001237,BAT-000413,2024-10-03 10:45:00,harvest,8.4,15.4,2.7
CHK-001238,BAT-000413,2025-01-07 13:49:12,pre_dispatch,6.31,17.0,6.8
CHK-001239,BAT-000413,2025-01-09 01:59:36,arrival,6.62,16.0,7.1
CHK-001240,BAT-000414,2024-05-22 08:45:00,harvest,7.52,16.1,1.8
CHK-001241,BAT-000414,2024-05-27 09:11:24,pre_dispatch,5.22,15.8,4.6
CHK-001242,BAT-000414,2024-05-28 17:58:48,arrival,4.17,12.9,11.2
CHK-001243,BAT-000415,2024-08-10 13:15:00,harvest,7.95,16.1,2.9
CHK-001244,BAT-000415,2024-08-29 16:43:12,pre_dispatch,5.47,13.2,3.8
CHK-001245,BAT-000415,2024-08-30 10:36:00,arrival,5.43,16.2,4.8
CHK-001246,BAT-000416,2024-09-18 11:00:00,harvest,7.67,13.0,2.4
CHK-001247,BAT-000416,2025-01-23 13:39:36,pre_dispatch,6.76,16.1,3.9
CHK-001248,BAT-000416,2025-01-23 22:21:00,arrival,5.85,13.4,10.6
CHK-001249,BAT-000417,2024-08-27 11:30:00,harvest,8.23,15.5,1.6
CHK-001250,BAT-000417,2024-09-16 15:01:48,pre_dispatch,6.32,11.6,2.8
CHK-001251,BAT-000417,2024-09-17 01:00:24,arrival,6.65,12.4,11.7
CHK-001252,BAT-000418,2024-07-17 09:45:00,harvest,7.12,12.3,2.4
CHK-001253,BAT-000418,2024-07-25 10:57:00,pre_dispatch,5.54,16.5,1.3
CHK-001254,BAT-000418,2024-07-27 05:33:00,arrival,6.42,16.7,17.0
CHK-001255,BAT-000419,2024-07-19 07:15:00,harvest,7.34,14.0,3.6
CHK-001256,BAT-000419,2024-07-30 08:09:00,pre_dispatch,5.85,13.9,7.2
CHK-001257,BAT-000419,2024-07-30 20:47:12,arrival,4.91,14.5,9.8
CHK-001258,BAT-000420,2024-08-09 10:00:00,harvest,6.67,12.8,2.1
CHK-001259,BAT-000420,2024-08-23 13:19:48,pre_dispatch,7.63,15.6,6.8
CHK-001260,BAT-000420,2024-08-24 09:58:12,arrival,4.31,17.1,14.3
CHK-001261,BAT-000421,2024-10-02 15:45:00,harvest,6.77,12.4,3.9
CHK-001262,BAT-000421,2025-01-04 18:16:12,pre_dispatch,6.75,11.5,2.1
CHK-001263,BAT-000421,2025-01-06 03:19:48,arrival,7.19,11.6,4.4
CHK-001264,BAT-000422,2024-09-04 08:30:00,harvest,6.54,15.0,3.7
CHK-001265,BAT-000422,2024-12-05 08:52:12,pre_dispatch,5.87,12.6,3.4
CHK-001266,BAT-000422,2024-12-05 20:14:36,arrival,5.56,13.9,13.3
CHK-001267,BAT-000423,2024-10-18 15:30:00,harvest,7.95,12.0,1.1
CHK-001268,BAT-000423,2024-12-31 17:42:36,pre_dispatch,6.33,12.0,5.5
CHK-001269,BAT-000423,2025-01-01 11:05:12,arrival,5.51,16.1,13.8
CHK-001270,BAT-000424,2024-09-17 15:30:00,harvest,7.29,12.4,2.7
CHK-001271,BAT-000424,2024-12-17 18:43:12,pre_dispatch,5.39,13.1,3.9
CHK-001272,BAT-000424,2024-12-18 13:01:36,arrival,5.69,15.8,16.7
CHK-001273,BAT-000425,2024-09-13 09:15:00,harvest,7.39,11.4,3.2
CHK-001274,BAT-000425,2024-11-27 12:13:12,pre_dispatch,6.03,15.1,3.3
CHK-001275,BAT-000425,2024-11-28 20:57:00,arrival,7.17,12.3,10.3
CHK-001276,BAT-000426,2024-09-26 10:45:00,harvest,8.16,14.2,1.6
CHK-001277,BAT-000426,2025-01-03 10:41:24,pre_dispatch,5.15,13.8,8.4
CHK-001278,BAT-000426,2025-01-03 19:26:00,arrival,4.53,12.4,9.8
CHK-001279,BAT-000427,2024-10-03 08:45:00,harvest,6.59,16.2,2.7
CHK-001280,BAT-000427,2025-01-29 08:50:24,pre_dispatch,7.12,13.8,6.1
CHK-001281,BAT-000427,2025-01-29 21:06:36,arrival,7.05,13.8,10.3
CHK-001282,BAT-000428,2024-09-11 15:00:00,harvest,7.25,15.1,2.2
CHK-001283,BAT-000428,2025-01-22 15:03:00,pre_dispatch,5.26,14.4,7.1
CHK-001284,BAT-000428,2025-01-23 02:19:00,arrival,4.19,12.1,12.2
CHK-001285,BAT-000429,2024-09-15 11:30:00,harvest,6.88,12.8,3.0
CHK-001286,BAT-000429,2024-09-28 15:15:36,pre_dispatch,5.93,16.1,4.9
CHK-001287,BAT-000429,2024-09-29 03:14:48,arrival,6.29,14.1,16.9
CHK-001288,BAT-000430,2024-09-16 11:15:00,harvest,7.67,16.3,3.5
CHK-001289,BAT-000430,2024-11-30 12:33:00,pre_dispatch,6.84,12.9,1.7
CHK-001290,BAT-000430,2024-11-30 20:40:48,arrival,5.21,15.2,16.4
CHK-001291,BAT-000431,2024-09-25 10:45:00,harvest,7.56,15.5,2.0
CHK-001292,BAT-000431,2025-03-04 11:02:24,pre_dispatch,6.57,13.4,3.7
CHK-001293,BAT-000431,2025-03-05 06:16:24,arrival,5.29,14.1,13.2
CHK-001294,BAT-000432,2024-09-18 07:45:00,harvest,8.14,12.4,0.7
CHK-001295,BAT-000432,2024-12-28 10:48:36,pre_dispatch,6.74,14.0,3.0
CHK-001296,BAT-000432,2024-12-30 10:30:36,arrival,4.22,12.7,17.6
CHK-001297,BAT-000433,2024-08-20 09:30:00,harvest,8.03,11.1,1.6
CHK-001298,BAT-000433,2025-02-07 12:27:00,pre_dispatch,6.26,13.7,2.5
CHK-001299,BAT-000433,2025-02-07 21:26:12,arrival,6.6,14.7,6.3
CHK-001300,BAT-000434,2024-09-19 09:45:00,harvest,6.67,13.9,0.8
CHK-001301,BAT-000434,2024-12-01 10:12:36,pre_dispatch,6.59,14.7,5.6
CHK-001302,BAT-000434,2024-12-03 10:15:24,arrival,4.55,13.1,6.4
CHK-001303,BAT-000435,2024-07-25 10:45:00,harvest,8.48,14.1,2.0
CHK-001304,BAT-000435,2024-08-05 12:33:00,pre_dispatch,7.53,13.2,3.8
CHK-001305,BAT-000435,2024-08-06 02:39:00,arrival,6.08,16.0,4.4
CHK-001306,BAT-000436,2024-10-15 09:45:00,harvest,8.33,13.0,1.5
CHK-001307,BAT-000436,2025-01-05 10:57:36,pre_dispatch,7.52,16.1,7.3
CHK-001308,BAT-000436,2025-01-05 23:06:12,arrival,6.57,14.3,16.2
CHK-001309,BAT-000437,2024-10-06 11:30:00,harvest,6.73,16.4,2.6
CHK-001310,BAT-000437,2024-11-22 11:21:36,pre_dispatch,7.38,11.6,8.2
CHK-001311,BAT-000437,2024-11-23 06:08:24,arrival,4.59,16.5,4.5
CHK-001312,BAT-000438,2024-08-21 15:30:00,harvest,7.9,14.4,0.6
CHK-001313,BAT-000438,2024-11-04 15:31:12,pre_dispatch,5.08,13.9,2.5
CHK-001314,BAT-000438,2024-11-05 00:34:48,arrival,6.13,14.6,14.8
CHK-001315,BAT-000439,2024-09-29 15:30:00,harvest,7.17,13.3,2.6
CHK-001316,BAT-000439,2025-02-14 17:37:48,pre_dispatch,5.76,13.4,5.1
CHK-001317,BAT-000439,2025-02-15 01:58:12,arrival,4.23,16.0,8.4
CHK-001318,BAT-000440,2024-10-12 14:30:00,harvest,7.61,14.6,2.8
CHK-001319,BAT-000440,2024-11-19 15:30:36,pre_dispatch,5.6,14.0,6.1
CHK-001320,BAT-000440,2024-11-20 02:42:36,arrival,6.73,16.4,5.0
CHK-001321,BAT-000441,2024-09-27 07:00:00,harvest,7.42,15.9,3.4
CHK-001322,BAT-000441,2024-12-27 06:57:00,pre_dispatch,5.09,15.2,5.9
CHK-001323,BAT-000441,2024-12-29 01:09:00,arrival,6.27,12.3,5.8
CHK-001324,BAT-000442,2024-10-02 09:00:00,harvest,8.0,11.3,1.3
CHK-001325,BAT-000442,2024-12-31 12:52:48,pre_dispatch,7.64,11.9,8.3
CHK-001326,BAT-000442,2025-01-02 01:01:48,arrival,4.89,12.8,6.8
CHK-001327,BAT-000443,2024-09-25 07:00:00,harvest,7.83,11.2,2.4
CHK-001328,BAT-000443,2024-11-04 08:36:00,pre_dispatch,6.19,11.7,4.9
CHK-001329,BAT-000443,2024-11-05 05:41:00,arrival,5.95,15.2,16.9
CHK-001330,BAT-000444,2024-08-29 15:00:00,harvest,6.75,11.6,1.2
CHK-001331,BAT-000444,2024-09-13 14:46:12,pre_dispatch,6.52,11.9,4.8
CHK-001332,BAT-000444,2024-09-13 23:16:00,arrival,4.91,16.7,13.7
CHK-001333,BAT-000445,2024-10-07 09:00:00,harvest,7.45,11.7,1.2
CHK-001334,BAT-000445,2024-11-11 11:41:24,pre_dispatch,5.36,16.2,2.4
CHK-001335,BAT-000445,2024-11-12 15:02:36,arrival,5.99,12.4,15.4
CHK-001336,BAT-000446,2024-09-03 14:15:00,harvest,7.46,12.5,3.1
CHK-001337,BAT-000446,2024-09-23 17:46:48,pre_dispatch,6.83,12.3,2.0
CHK-001338,BAT-000446,2024-09-24 02:38:48,arrival,5.86,16.9,10.0
CHK-001339,BAT-000447,2024-08-02 10:45:00,harvest,7.06,15.6,3.1
CHK-001340,BAT-000447,2024-09-03 12:27:00,pre_dispatch,6.09,11.7,7.0
CHK-001341,BAT-000447,2024-09-03 21:23:24,arrival,4.74,14.9,14.5
CHK-001342,BAT-000448,2024-08-30 10:00:00,harvest,6.56,13.5,2.9
CHK-001343,BAT-000448,2024-11-09 12:17:24,pre_dispatch,7.78,15.5,1.9
CHK-001344,BAT-000448,2024-11-09 20:25:24,arrival,5.03,14.7,17.5
CHK-001345,BAT-000449,2024-09-06 15:45:00,harvest,7.12,11.3,2.5
CHK-001346,BAT-000449,2024-11-21 15:30:00,pre_dispatch,5.26,14.2,2.0
CHK-001347,BAT-000449,2024-11-23 02:56:00,arrival,5.62,14.8,2.2
CHK-001348,BAT-000450,2024-05-22 11:00:00,harvest,6.93,11.7,2.3
CHK-001349,BAT-000450,2024-05-30 10:32:24,pre_dispatch,7.18,14.0,7.8
CHK-001350,BAT-000450,2024-05-31 04:47:48,arrival,6.38,17.2,11.6
CHK-001351,BAT-000451,2024-10-25 15:45:00,harvest,8.31,15.1,1.6
CHK-001352,BAT-000451,2025-03-09 17:54:00,pre_dispatch,6.23,15.5,2.4
CHK-001353,BAT-000451,2025-03-11 12:05:12,arrival,4.29,14.3,7.7
CHK-001354,BAT-000452,2024-07-01 08:45:00,harvest,7.21,13.2,2.8
CHK-001355,BAT-000452,2024-07-10 09:52:48,pre_dispatch,7.11,12.5,8.1
CHK-001356,BAT-000452,2024-07-12 04:41:12,arrival,6.3,16.1,14.4
CHK-001357,BAT-000453,2024-08-05 09:30:00,harvest,6.6,12.1,1.3
CHK-001358,BAT-000453,2024-08-20 10:13:48,pre_dispatch,6.13,15.7,6.8
CHK-001359,BAT-000453,2024-08-21 04:39:36,arrival,5.22,14.8,1.6
CHK-001360,BAT-000454,2024-09-26 13:15:00,harvest,8.09,12.7,3.4
CHK-001361,BAT-000454,2025-01-11 14:37:48,pre_dispatch,5.26,14.3,4.1
CHK-001362,BAT-000454,2025-01-12 01:45:36,arrival,5.71,12.5,12.4
CHK-001363,BAT-000455,2024-09-17 10:15:00,harvest,6.97,11.6,2.4
CHK-001364,BAT-000455,2025-01-07 14:00:36,pre_dispatch,5.61,12.5,4.2
CHK-001365,BAT-000455,2025-01-07 22:30:48,arrival,4.03,12.1,9.2
CHK-001366,BAT-000456,2024-09-17 08:30:00,harvest,7.64,16.3,2.5
CHK-001367,BAT-000456,2025-01-21 09:16:12,pre_dispatch,5.81,15.5,3.6
CHK-001368,BAT-000456,2025-01-22 03:33:36,arrival,4.55,15.9,10.0
CHK-001369,BAT-000457,2024-10-12 09:15:00,harvest,7.32,11.6,2.2
CHK-001370,BAT-000457,2025-01-18 09:55:12,pre_dispatch,6.67,16.6,7.8
CHK-001371,BAT-000457,2025-01-19 05:00:36,arrival,5.49,13.8,15.1
CHK-001372,BAT-000458,2024-09-23 11:30:00,harvest,8.25,12.9,2.6
CHK-001373,BAT-000458,2025-01-21 11:49:12,pre_dispatch,7.73,12.7,1.5
CHK-001374,BAT-000458,2025-01-23 00:55:24,arrival,4.76,16.7,8.7
CHK-001375,BAT-000459,2024-08-22 12:45:00,harvest,6.81,16.0,3.3
CHK-001376,BAT-000459,2024-09-20 16:28:12,pre_dispatch,7.07,12.8,1.7
CHK-001377,BAT-000459,2024-09-21 12:51:00,arrival,4.63,14.8,7.2
CHK-001378,BAT-000460,2024-06-27 10:00:00,harvest,8.23,12.7,0.7
CHK-001379,BAT-000460,2024-07-02 10:41:24,pre_dispatch,6.47,14.7,2.5
CHK-001380,BAT-000460,2024-07-02 22:55:24,arrival,5.78,16.8,14.8
CHK-001381,BAT-000461,2024-08-10 10:45:00,harvest,8.44,16.1,3.0
CHK-001382,BAT-000461,2024-09-01 13:03:36,pre_dispatch,6.63,14.8,1.0
CHK-001383,BAT-000461,2024-09-02 00:51:24,arrival,4.73,11.9,11.2
CHK-001384,BAT-000462,2024-08-30 14:30:00,harvest,6.95,16.0,3.1
CHK-001385,BAT-000462,2024-12-26 18:26:24,pre_dispatch,5.71,16.5,2.7
CHK-001386,BAT-000462,2024-12-28 13:05:12,arrival,5.85,12.4,14.8
CHK-001387,BAT-000463,2024-08-24 12:30:00,harvest,6.77,13.7,2.9
CHK-001388,BAT-000463,2024-09-04 16:10:48,pre_dispatch,6.0,15.0,7.7
CHK-001389,BAT-000463,2024-09-06 11:13:36,arrival,6.59,12.9,8.7
CHK-001390,BAT-000464,2024-09-16 13:00:00,harvest,7.42,11.2,1.1
CHK-001391,BAT-000464,2024-12-14 14:08:24,pre_dispatch,5.29,12.0,4.8
CHK-001392,BAT-000464,2024-12-14 22:11:36,arrival,7.1,14.3,8.4
CHK-001393,BAT-000465,2024-09-08 10:30:00,harvest,7.12,13.8,1.4
CHK-001394,BAT-000465,2024-10-25 14:13:48,pre_dispatch,5.01,16.3,5.2
CHK-001395,BAT-000465,2024-10-26 03:52:48,arrival,6.35,15.0,14.5
CHK-001396,BAT-000466,2024-08-21 15:45:00,harvest,7.93,16.2,2.5
CHK-001397,BAT-000466,2024-11-17 18:42:00,pre_dispatch,7.26,14.9,6.1
CHK-001398,BAT-000466,2024-11-19 11:46:12,arrival,5.66,12.8,12.2
CHK-001399,BAT-000467,2024-09-28 11:45:00,harvest,7.25,16.4,3.0
CHK-001400,BAT-000467,2025-01-08 12:20:24,pre_dispatch,6.84,15.5,2.4
CHK-001401,BAT-000467,2025-01-08 22:45:48,arrival,6.65,13.7,6.5
CHK-001402,BAT-000468,2024-08-24 07:30:00,harvest,7.52,13.5,3.1
CHK-001403,BAT-000468,2024-09-27 09:45:36,pre_dispatch,5.99,12.7,6.2
CHK-001404,BAT-000468,2024-09-29 04:45:24,arrival,6.33,17.0,2.7
CHK-001405,BAT-000469,2024-10-04 11:45:00,harvest,7.81,16.5,3.9
CHK-001406,BAT-000469,2025-01-13 13:32:24,pre_dispatch,5.42,15.8,6.6
CHK-001407,BAT-000469,2025-01-14 03:14:24,arrival,5.92,13.3,17.5
CHK-001408,BAT-000470,2024-09-08 07:30:00,harvest,7.14,13.6,3.0
CHK-001409,BAT-000470,2024-10-04 08:22:48,pre_dispatch,6.78,15.8,4.2
CHK-001410,BAT-000470,2024-10-05 19:57:00,arrival,6.59,14.3,14.9
CHK-001411,BAT-000471,2024-10-18 13:45:00,harvest,6.63,15.4,3.5
CHK-001412,BAT-000471,2025-01-01 17:40:48,pre_dispatch,6.63,15.5,3.6
CHK-001413,BAT-000471,2025-01-02 04:50:36,arrival,5.71,11.6,11.2
CHK-001414,BAT-000472,2024-09-09 10:00:00,harvest,7.66,12.2,2.1
CHK-001415,BAT-000472,2024-10-20 11:02:24,pre_dispatch,6.0,14.2,2.0
CHK-001416,BAT-000472,2024-10-22 00:22:24,arrival,6.36,14.3,6.1
CHK-001417,BAT-000473,2024-09-02 12:30:00,harvest,6.54,11.7,3.3
CHK-001418,BAT-000473,2024-10-26 15:13:48,pre_dispatch,6.93,14.8,6.8
CHK-001419,BAT-000473,2024-10-27 09:32:12,arrival,4.73,16.5,14.6
CHK-001420,BAT-000474,2024-09-29 14:00:00,harvest,7.52,13.1,3.8
CHK-001421,BAT-000474,2024-10-10 16:28:48,pre_dispatch,6.36,15.8,8.3
CHK-001422,BAT-000474,2024-10-12 04:20:36,arrival,7.02,15.3,15.1
CHK-001423,BAT-000475,2024-10-07 09:30:00,harvest,7.62,16.0,1.7
CHK-001424,BAT-000475,2024-11-06 12:05:24,pre_dispatch,5.4,12.0,5.7
CHK-001425,BAT-000475,2024-11-07 21:55:12,arrival,4.64,11.9,10.2
CHK-001426,BAT-000476,2024-09-24 13:00:00,harvest,6.52,12.4,3.9
CHK-001427,BAT-000476,2024-11-16 14:48:00,pre_dispatch,7.73,14.1,8.0
CHK-001428,BAT-000476,2024-11-18 02:15:24,arrival,6.53,13.5,2.2
CHK-001429,BAT-000477,2024-09-27 08:00:00,harvest,6.73,16.2,1.7
CHK-001430,BAT-000477,2024-11-17 10:35:24,pre_dispatch,6.44,14.3,3.7
CHK-001431,BAT-000477,2024-11-17 19:06:36,arrival,4.6,12.2,1.6
CHK-001432,BAT-000478,2024-07-30 14:00:00,harvest,7.47,15.0,1.3
CHK-001433,BAT-000478,2024-08-15 17:03:00,pre_dispatch,5.12,12.1,4.8
CHK-001434,BAT-000478,2024-08-16 05:35:00,arrival,5.62,12.9,1.7
CHK-001435,BAT-000479,2024-09-26 10:00:00,harvest,6.78,11.8,0.9
CHK-001436,BAT-000479,2024-12-16 10:47:24,pre_dispatch,6.13,16.9,7.1
CHK-001437,BAT-000479,2024-12-17 06:52:00,arrival,5.88,13.0,17.2
CHK-001438,BAT-000480,2024-07-21 07:15:00,harvest,8.29,14.0,1.3
CHK-001439,BAT-000480,2024-08-06 10:37:48,pre_dispatch,6.8,14.2,8.3
CHK-001440,BAT-000480,2024-08-07 07:32:24,arrival,5.12,13.6,9.5
CHK-001441,BAT-000481,2024-09-11 10:30:00,harvest,6.96,11.3,3.7
CHK-001442,BAT-000481,2024-12-09 10:18:36,pre_dispatch,5.21,13.4,5.3
CHK-001443,BAT-000481,2024-12-10 22:57:00,arrival,5.25,15.0,5.4
CHK-001444,BAT-000482,2024-10-21 15:45:00,harvest,6.98,11.4,0.7
CHK-001445,BAT-000482,2025-01-25 17:39:36,pre_dispatch,5.34,14.4,3.5
CHK-001446,BAT-000482,2025-01-26 01:10:48,arrival,5.66,17.0,8.5
CHK-001447,BAT-000483,2024-10-03 13:30:00,harvest,7.77,14.4,3.6
CHK-001448,BAT-000483,2025-03-02 16:04:48,pre_dispatch,5.4,11.5,5.3
CHK-001449,BAT-000483,2025-03-04 11:51:36,arrival,4.13,13.6,12.0
CHK-001450,BAT-000484,2024-09-25 08:30:00,harvest,7.44,11.3,3.5
CHK-001451,BAT-000484,2024-10-13 09:12:00,pre_dispatch,5.7,16.0,1.6
CHK-001452,BAT-000484,2024-10-14 22:16:12,arrival,4.79,11.7,6.9
CHK-001453,BAT-000485,2024-08-08 13:30:00,harvest,7.11,12.6,3.5
CHK-001454,BAT-000485,2024-08-27 14:42:36,pre_dispatch,7.35,15.8,2.6
CHK-001455,BAT-000485,2024-08-28 08:15:36,arrival,6.15,14.9,8.6
CHK-001456,BAT-000486,2024-09-27 12:45:00,harvest,7.36,11.5,3.0
CHK-001457,BAT-000486,2025-01-10 14:46:12,pre_dispatch,6.02,15.2,8.4
CHK-001458,BAT-000486,2025-01-11 03:29:00,arrival,6.44,12.3,16.3
CHK-001459,BAT-000487,2024-09-16 14:45:00,harvest,7.0,15.3,3.6
CHK-001460,BAT-000487,2024-09-27 18:00:36,pre_dispatch,6.53,15.5,4.6
CHK-001461,BAT-000487,2024-09-28 15:58:48,arrival,5.16,12.3,15.9
CHK-001462,BAT-000488,2024-09-10 12:15:00,harvest,6.7,12.6,2.7
CHK-001463,BAT-000488,2025-02-13 15:22:12,pre_dispatch,5.91,15.6,6.2
CHK-001464,BAT-000488,2025-02-14 10:58:36,arrival,4.61,12.6,5.4
CHK-001465,BAT-000489,2024-09-29 14:30:00,harvest,8.47,15.6,3.0
CHK-001466,BAT-000489,2025-02-18 16:49:48,pre_dispatch,6.99,13.2,5.0
CHK-001467,BAT-000489,2025-02-19 02:05:36,arrival,4.43,14.7,11.1
CHK-001468,BAT-000490,2024-10-10 13:45:00,harvest,6.92,15.0,2.7
CHK-001469,BAT-000490,2024-10-27 17:43:48,pre_dispatch,6.55,12.7,4.8
CHK-001470,BAT-000490,2024-10-28 06:33:12,arrival,5.51,17.1,14.7
CHK-001471,BAT-000491,2024-08-01 07:45:00,harvest,7.58,14.5,2.6
CHK-001472,BAT-000491,2024-08-12 09:31:48,pre_dispatch,6.83,15.2,6.6
CHK-001473,BAT-000491,2024-08-13 06:17:24,arrival,4.93,15.2,1.9
CHK-001474,BAT-000492,2024-10-02 13:30:00,harvest,8.05,12.2,1.5
CHK-001475,BAT-000492,2024-11-19 15:43:48,pre_dispatch,5.25,11.9,1.9
CHK-001476,BAT-000492,2024-11-21 12:31:36,arrival,5.96,16.8,10.4
CHK-001477,BAT-000493,2024-08-17 14:00:00,harvest,6.52,14.7,2.5
CHK-001478,BAT-000493,2024-08-29 16:00:00,pre_dispatch,5.07,12.8,8.3
CHK-001479,BAT-000493,2024-08-30 22:31:24,arrival,6.15,17.1,9.3
CHK-001480,BAT-000494,2024-09-15 11:45:00,harvest,8.36,11.6,2.7
CHK-001481,BAT-000494,2024-12-11 11:19:12,pre_dispatch,7.24,16.9,2.1
CHK-001482,BAT-000494,2024-12-12 19:25:00,arrival,5.71,13.3,17.4
CHK-001483,BAT-000495,2024-10-23 07:00:00,harvest,7.91,12.4,3.1
CHK-001484,BAT-000495,2024-12-19 09:10:48,pre_dispatch,7.58,12.1,1.6
CHK-001485,BAT-000495,2024-12-20 04:12:00,arrival,4.59,16.8,2.7
CHK-001486,BAT-000496,2024-10-08 07:00:00,harvest,7.32,15.3,1.2
CHK-001487,BAT-000496,2024-12-09 10:30:00,pre_dispatch,5.35,15.6,3.4
CHK-001488,BAT-000496,2024-12-09 22:33:00,arrival,4.11,14.8,3.8
CHK-001489,BAT-000497,2024-09-08 07:00:00,harvest,8.26,13.3,1.4
CHK-001490,BAT-000497,2024-12-30 09:52:48,pre_dispatch,7.45,13.0,4.0
CHK-001491,BAT-000497,2025-01-01 04:35:12,arrival,4.61,14.5,5.7
CHK-001492,BAT-000498,2024-08-29 15:30:00,harvest,8.01,13.7,3.5
CHK-001493,BAT-000498,2024-11-04 18:39:36,pre_dispatch,5.99,14.7,8.4
CHK-001494,BAT-000498,2024-11-06 03:55:12,arrival,6.77,12.9,5.1
CHK-001495,BAT-000499,2024-09-23 13:15:00,harvest,8.29,12.0,3.9
CHK-001496,BAT-000499,2024-11-11 12:57:00,pre_dispatch,6.05,13.1,2.4
CHK-001497,BAT-000499,2024-11-13 09:01:00,arrival,4.16,13.7,6.4
CHK-001498,BAT-000500,2024-10-04 14:30:00,harvest,7.02,14.7,3.9
CHK-001499,BAT-000500,2024-11-29 17:32:24,pre_dispatch,7.66,14.1,8.1
CHK-001500,BAT-000500,2024-11-30 11:53:24,arrival,6.04,14.6,14.6
CHK-001501,BAT-000501,2024-09-30 12:30:00,harvest,7.2,13.1,1.4
CHK-001502,BAT-000501,2024-12-03 14:37:48,pre_dispatch,7.48,13.7,3.2
CHK-001503,BAT-000501,2024-12-04 22:26:36,arrival,5.66,11.5,2.6
CHK-001504,BAT-000502,2024-09-10 13:00:00,harvest,7.36,12.2,3.8
CHK-001505,BAT-000502,2024-10-11 16:57:36,pre_dispatch,6.37,12.9,4.2
CHK-001506,BAT-000502,2024-10-13 11:18:36,arrival,6.76,15.7,9.1
CHK-001507,BAT-000503,2024-08-21 13:30:00,harvest,8.2,15.9,1.5
CHK-001508,BAT-000503,2024-09-01 16:46:48,pre_dispatch,7.22,16.0,5.8
CHK-001509,BAT-000503,2024-09-03 12:54:12,arrival,6.12,13.9,4.3
CHK-001510,BAT-000504,2024-10-06 14:00:00,harvest,7.51,16.5,1.7
CHK-001511,BAT-000504,2024-10-19 14:05:24,pre_dispatch,6.9,13.2,1.3
CHK-001512,BAT-000504,2024-10-21 08:26:00,arrival,5.63,12.4,6.0
CHK-001513,BAT-000505,2024-09-23 14:15:00,harvest,7.21,12.8,3.8
CHK-001514,BAT-000505,2024-12-21 14:20:24,pre_dispatch,7.45,15.6,5.4
CHK-001515,BAT-000505,2024-12-23 03:21:24,arrival,5.22,15.4,11.9
CHK-001516,BAT-000506,2024-08-26 10:00:00,harvest,6.73,12.9,4.0
CHK-001517,BAT-000506,2024-09-15 10:19:12,pre_dispatch,5.26,16.4,1.6
CHK-001518,BAT-000506,2024-09-16 06:26:36,arrival,6.58,14.1,14.9
CHK-001519,BAT-000507,2024-08-22 09:15:00,harvest,7.7,15.3,3.3
CHK-001520,BAT-000507,2024-09-21 10:51:36,pre_dispatch,5.99,11.6,2.6
CHK-001521,BAT-000507,2024-09-22 19:44:12,arrival,5.0,13.3,4.4
CHK-001522,BAT-000508,2024-08-24 12:30:00,harvest,6.7,13.5,1.8
CHK-001523,BAT-000508,2024-11-28 13:24:36,pre_dispatch,7.78,15.2,6.5
CHK-001524,BAT-000508,2024-11-30 00:47:12,arrival,4.47,12.6,14.5
CHK-001525,BAT-000509,2024-09-27 08:45:00,harvest,6.69,15.3,1.9
CHK-001526,BAT-000509,2025-01-04 09:48:36,pre_dispatch,5.23,12.7,6.9
CHK-001527,BAT-000509,2025-01-04 19:05:24,arrival,4.88,15.5,10.8
CHK-001528,BAT-000510,2024-09-16 09:45:00,harvest,7.91,12.4,0.7
CHK-001529,BAT-000510,2024-12-13 11:31:48,pre_dispatch,5.56,14.2,7.2
CHK-001530,BAT-000510,2024-12-13 19:56:36,arrival,4.46,16.0,13.3
CHK-001531,BAT-000511,2024-09-15 13:15:00,harvest,6.73,15.2,1.5
CHK-001532,BAT-000511,2024-10-03 15:41:24,pre_dispatch,7.68,14.5,7.7
CHK-001533,BAT-000511,2024-10-04 01:33:36,arrival,4.98,16.4,8.8
CHK-001534,BAT-000512,2024-09-21 11:30:00,harvest,6.69,13.0,1.3
CHK-001535,BAT-000512,2025-02-25 11:21:36,pre_dispatch,5.25,16.3,5.3
CHK-001536,BAT-000512,2025-02-25 18:59:00,arrival,6.42,13.2,2.9
CHK-001537,BAT-000513,2024-09-16 13:00:00,harvest,7.2,11.7,0.6
CHK-001538,BAT-000513,2024-11-29 14:47:24,pre_dispatch,7.64,11.5,7.5
CHK-001539,BAT-000513,2024-12-01 04:27:48,arrival,5.62,11.8,13.5
CHK-001540,BAT-000514,2024-09-29 12:00:00,harvest,8.49,14.7,2.8
CHK-001541,BAT-000514,2024-10-20 14:58:12,pre_dispatch,5.99,14.0,8.1
CHK-001542,BAT-000514,2024-10-22 05:52:24,arrival,5.99,16.8,3.3
CHK-001543,BAT-000515,2024-09-03 13:00:00,harvest,7.54,14.8,1.7
CHK-001544,BAT-000515,2024-11-04 16:52:12,pre_dispatch,6.94,13.3,3.7
CHK-001545,BAT-000515,2024-11-05 12:42:48,arrival,6.4,17.0,2.5
CHK-001546,BAT-000516,2024-09-09 11:30:00,harvest,7.43,12.0,1.2
CHK-001547,BAT-000516,2024-09-23 14:46:12,pre_dispatch,6.84,13.4,1.6
CHK-001548,BAT-000516,2024-09-25 03:15:36,arrival,6.33,14.9,8.5
CHK-001549,BAT-000517,2024-09-09 09:15:00,harvest,7.09,15.7,2.7
CHK-001550,BAT-000517,2024-12-23 09:15:00,pre_dispatch,5.88,16.3,2.2
CHK-001551,BAT-000517,2024-12-23 18:13:36,arrival,4.14,15.9,15.9
CHK-001552,BAT-000518,2024-10-19 10:30:00,harvest,8.49,11.5,3.3
CHK-001553,BAT-000518,2025-01-20 10:42:36,pre_dispatch,6.9,14.5,5.4
CHK-001554,BAT-000518,2025-01-21 19:42:48,arrival,4.4,16.5,14.2
CHK-001555,BAT-000519,2024-09-20 09:45:00,harvest,7.82,15.6,2.6
CHK-001556,BAT-000519,2024-12-02 09:22:48,pre_dispatch,6.19,13.9,6.0
CHK-001557,BAT-000519,2024-12-02 16:34:24,arrival,5.05,16.7,13.8
CHK-001558,BAT-000520,2024-09-16 15:45:00,harvest,7.22,13.1,1.1
CHK-001559,BAT-000520,2024-11-27 18:00:36,pre_dispatch,5.18,15.3,7.9
CHK-001560,BAT-000520,2024-11-29 12:18:24,arrival,5.63,13.1,2.1
CHK-001561,BAT-000521,2024-09-14 12:45:00,harvest,6.56,11.0,3.3
CHK-001562,BAT-000521,2024-11-14 15:25:12,pre_dispatch,6.6,16.4,1.9
CHK-001563,BAT-000521,2024-11-16 08:56:00,arrival,7.05,16.2,15.5
CHK-001564,BAT-000522,2024-10-15 14:45:00,harvest,7.41,13.8,2.3
CHK-001565,BAT-000522,2024-11-23 15:07:48,pre_dispatch,7.64,16.9,6.2
CHK-001566,BAT-000522,2024-11-24 23:44:24,arrival,4.31,16.9,7.7
CHK-001567,BAT-000523,2024-08-27 14:00:00,harvest,6.73,12.4,0.8
CHK-001568,BAT-000523,2024-12-02 14:13:48,pre_dispatch,7.59,16.4,8.2
CHK-001569,BAT-000523,2024-12-03 00:01:00,arrival,5.75,16.4,8.4
CHK-001570,BAT-000524,2024-09-23 15:15:00,harvest,7.1,12.0,3.5
CHK-001571,BAT-000524,2024-12-01 17:25:48,pre_dispatch,6.42,13.4,4.1
CHK-001572,BAT-000524,2024-12-02 13:24:00,arrival,5.98,16.6,16.7
CHK-001573,BAT-000525,2024-09-27 10:45:00,harvest,6.51,14.7,2.7
CHK-001574,BAT-000525,2024-11-08 14:03:36,pre_dispatch,5.46,14.6,1.1
CHK-001575,BAT-000525,2024-11-09 07:40:00,arrival,6.64,13.0,2.5
CHK-001576,BAT-000526,2024-06-17 12:30:00,harvest,8.09,16.2,1.6
CHK-001577,BAT-000526,2024-06-24 12:09:36,pre_dispatch,6.66,14.7,7.1
CHK-001578,BAT-000526,2024-06-26 06:02:24,arrival,5.89,12.9,4.9
CHK-001579,BAT-000527,2024-08-23 13:00:00,harvest,7.72,11.1,2.9
CHK-001580,BAT-000527,2024-10-30 13:19:12,pre_dispatch,5.02,14.3,5.7
CHK-001581,BAT-000527,2024-10-30 20:40:00,arrival,4.55,13.4,2.5
CHK-001582,BAT-000528,2024-09-21 07:30:00,harvest,7.94,16.3,0.8
CHK-001583,BAT-000528,2025-01-22 08:31:12,pre_dispatch,7.6,16.6,5.2
CHK-001584,BAT-000528,2025-01-22 17:12:00,arrival,7.14,14.0,9.3
CHK-001585,BAT-000529,2024-06-08 08:15:00,harvest,7.74,12.5,1.0
CHK-001586,BAT-000529,2024-06-12 11:00:36,pre_dispatch,7.16,12.5,3.5
CHK-001587,BAT-000529,2024-06-14 05:31:12,arrival,4.78,17.1,2.3
CHK-001588,BAT-000530,2024-09-21 09:30:00,harvest,8.05,11.4,2.8
CHK-001589,BAT-000530,2024-12-02 10:33:36,pre_dispatch,5.25,14.1,5.4
CHK-001590,BAT-000530,2024-12-04 07:30:24,arrival,6.32,14.9,8.8
CHK-001591,BAT-000531,2024-08-28 11:15:00,harvest,7.12,14.5,3.9
CHK-001592,BAT-000531,2024-11-24 15:09:00,pre_dispatch,7.02,16.2,6.7
CHK-001593,BAT-000531,2024-11-25 19:14:24,arrival,6.53,15.6,14.4
CHK-001594,BAT-000532,2024-09-04 09:30:00,harvest,6.92,12.0,3.3
CHK-001595,BAT-000532,2024-09-19 13:04:48,pre_dispatch,5.34,14.4,7.5
CHK-001596,BAT-000532,2024-09-20 02:58:48,arrival,5.0,13.9,4.7
CHK-001597,BAT-000533,2024-09-15 11:00:00,harvest,7.57,15.6,1.0
CHK-001598,BAT-000533,2024-11-03 14:47:24,pre_dispatch,7.02,16.9,1.5
CHK-001599,BAT-000533,2024-11-05 08:33:12,arrival,5.55,13.6,1.9
CHK-001600,BAT-000534,2024-09-26 13:15:00,harvest,7.82,15.1,3.6
CHK-001601,BAT-000534,2024-11-30 13:46:12,pre_dispatch,7.26,14.8,2.9
CHK-001602,BAT-000534,2024-12-02 11:46:12,arrival,5.61,12.8,11.7
CHK-001603,BAT-000535,2024-10-25 10:45:00,harvest,7.08,12.5,2.4
CHK-001604,BAT-000535,2025-02-23 12:43:12,pre_dispatch,7.6,14.3,4.5
CHK-001605,BAT-000535,2025-02-23 22:42:12,arrival,5.26,11.8,5.0
CHK-001606,BAT-000536,2024-09-13 09:30:00,harvest,7.69,16.2,3.5
CHK-001607,BAT-000536,2024-12-28 10:42:00,pre_dispatch,6.05,16.0,7.6
CHK-001608,BAT-000536,2024-12-29 05:16:24,arrival,4.91,12.7,6.7
CHK-001609,BAT-000537,2024-07-10 12:45:00,harvest,7.71,12.6,1.4
CHK-001610,BAT-000537,2024-07-29 15:50:24,pre_dispatch,5.61,14.9,3.4
CHK-001611,BAT-000537,2024-07-30 10:49:12,arrival,4.87,16.0,17.1
CHK-001612,BAT-000538,2024-09-17 12:45:00,harvest,7.99,16.0,1.3
CHK-001613,BAT-000538,2024-12-31 13:31:12,pre_dispatch,5.46,12.8,5.0
CHK-001614,BAT-000538,2025-01-02 05:08:00,arrival,6.56,17.0,16.6
CHK-001615,BAT-000539,2024-09-19 11:00:00,harvest,7.57,16.0,1.0
CHK-001616,BAT-000539,2024-12-12 13:04:48,pre_dispatch,5.29,16.0,5.2
CHK-001617,BAT-000539,2024-12-14 02:10:24,arrival,6.97,16.7,16.5
CHK-001618,BAT-000540,2024-09-14 07:30:00,harvest,7.44,11.8,3.4
CHK-001619,BAT-000540,2024-12-05 09:49:48,pre_dispatch,6.96,12.7,1.8
CHK-001620,BAT-000540,2024-12-06 19:22:00,arrival,4.08,12.6,3.7
CHK-001621,BAT-000541,2024-10-10 12:15:00,harvest,7.69,11.3,2.4
CHK-001622,BAT-000541,2025-02-09 12:25:12,pre_dispatch,5.55,15.2,7.7
CHK-001623,BAT-000541,2025-02-10 23:31:48,arrival,5.31,14.8,9.0
CHK-001624,BAT-000542,2024-08-20 15:30:00,harvest,7.73,11.6,3.0
CHK-001625,BAT-000542,2024-12-20 17:10:48,pre_dispatch,7.8,14.4,7.2
CHK-001626,BAT-000542,2024-12-21 14:55:24,arrival,6.2,16.4,7.3
CHK-001627,BAT-000543,2024-09-30 10:30:00,harvest,8.24,11.4,0.7
CHK-001628,BAT-000543,2024-10-28 10:07:12,pre_dispatch,5.48,13.7,3.5
CHK-001629,BAT-000543,2024-10-30 04:59:24,arrival,6.96,13.4,7.9
CHK-001630,BAT-000544,2024-10-08 08:00:00,harvest,8.39,14.9,0.9
CHK-001631,BAT-000544,2025-01-02 08:52:48,pre_dispatch,7.77,12.7,6.3
CHK-001632,BAT-000544,2025-01-03 04:05:36,arrival,7.12,16.9,13.9
CHK-001633,BAT-000545,2024-10-18 09:45:00,harvest,8.18,11.9,2.1
CHK-001634,BAT-000545,2025-02-16 12:30:00,pre_dispatch,6.44,14.9,2.5
CHK-001635,BAT-000545,2025-02-17 09:28:00,arrival,5.44,15.1,17.2
CHK-001636,BAT-000546,2024-10-15 10:30:00,harvest,6.78,15.2,3.0
CHK-001637,BAT-000546,2025-01-13 10:18:36,pre_dispatch,5.24,13.3,1.8
CHK-001638,BAT-000546,2025-01-15 05:00:12,arrival,4.54,14.9,7.5
CHK-001639,BAT-000547,2024-09-25 13:15:00,harvest,7.29,14.7,2.4
CHK-001640,BAT-000547,2024-11-26 14:33:36,pre_dispatch,7.72,14.8,1.1
CHK-001641,BAT-000547,2024-11-28 08:10:48,arrival,5.06,16.6,2.2
CHK-001642,BAT-000548,2024-10-21 12:45:00,harvest,7.34,13.8,3.5
CHK-001643,BAT-000548,2024-12-16 15:13:48,pre_dispatch,6.77,15.3,2.5
CHK-001644,BAT-000548,2024-12-18 00:32:36,arrival,5.98,12.2,11.4
CHK-001645,BAT-000549,2024-08-15 08:30:00,harvest,7.87,16.2,2.6
CHK-001646,BAT-000549,2024-08-30 08:12:36,pre_dispatch,7.1,15.5,3.8
CHK-001647,BAT-000549,2024-08-31 07:51:12,arrival,4.25,16.8,3.8
CHK-001648,BAT-000550,2024-08-26 13:45:00,harvest,6.52,13.9,2.3
CHK-001649,BAT-000550,2024-11-28 13:18:00,pre_dispatch,6.48,14.6,7.0
CHK-001650,BAT-000550,2024-11-30 07:04:12,arrival,6.57,16.6,13.9
CHK-001651,BAT-000551,2024-10-10 11:15:00,harvest,7.01,12.8,1.9
CHK-001652,BAT-000551,2025-01-01 11:37:12,pre_dispatch,5.11,14.8,6.3
CHK-001653,BAT-000551,2025-01-02 23:51:12,arrival,5.18,13.7,16.0
CHK-001654,BAT-000552,2024-10-02 08:30:00,harvest,6.65,13.6,1.0
CHK-001655,BAT-000552,2024-12-26 10:45:36,pre_dispatch,6.14,16.5,6.1
CHK-001656,BAT-000552,2024-12-27 18:53:24,arrival,5.49,16.0,2.3
CHK-001657,BAT-000553,2024-10-17 13:30:00,harvest,7.71,13.5,3.5
CHK-001658,BAT-000553,2025-03-17 15:53:24,pre_dispatch,7.47,17.0,7.7
CHK-001659,BAT-000553,2025-03-18 11:43:48,arrival,5.95,11.9,2.6
CHK-001660,BAT-000554,2024-08-14 09:00:00,harvest,6.73,11.1,1.3
CHK-001661,BAT-000554,2024-09-07 11:45:36,pre_dispatch,5.61,14.1,3.3
CHK-001662,BAT-000554,2024-09-09 01:15:36,arrival,5.57,12.7,17.1
CHK-001663,BAT-000555,2024-10-03 14:00:00,harvest,7.93,13.7,2.8
CHK-001664,BAT-000555,2024-12-08 15:46:48,pre_dispatch,5.91,12.2,7.3
CHK-001665,BAT-000555,2024-12-10 04:31:12,arrival,6.91,14.9,12.4
CHK-001666,BAT-000556,2024-08-22 13:15:00,harvest,8.2,12.5,2.1
CHK-001667,BAT-000556,2024-09-05 13:16:48,pre_dispatch,7.78,14.9,2.8
CHK-001668,BAT-000556,2024-09-06 21:19:36,arrival,5.67,12.6,15.7
CHK-001669,BAT-000557,2024-07-05 07:45:00,harvest,7.32,15.0,3.2
CHK-001670,BAT-000557,2024-07-15 09:49:12,pre_dispatch,5.69,16.7,6.6
CHK-001671,BAT-000557,2024-07-15 19:57:24,arrival,4.89,11.8,2.3
CHK-001672,BAT-000558,2024-09-24 09:30:00,harvest,7.8,12.7,2.3
CHK-001673,BAT-000558,2024-11-21 10:13:12,pre_dispatch,6.48,15.9,4.0
CHK-001674,BAT-000558,2024-11-22 19:06:36,arrival,6.72,15.6,11.6
CHK-001675,BAT-000559,2024-10-16 09:15:00,harvest,7.64,13.8,2.3
CHK-001676,BAT-000559,2025-01-06 13:15:00,pre_dispatch,6.18,17.0,4.9
CHK-001677,BAT-000559,2025-01-06 22:19:36,arrival,4.79,15.1,7.8
CHK-001678,BAT-000560,2024-07-19 08:15:00,harvest,8.04,15.9,0.9
CHK-001679,BAT-000560,2024-07-30 10:21:36,pre_dispatch,5.45,16.7,4.1
CHK-001680,BAT-000560,2024-07-31 20:05:12,arrival,4.95,14.6,5.7
CHK-001681,BAT-000561,2024-10-15 13:45:00,harvest,7.8,13.1,3.9
CHK-001682,BAT-000561,2024-12-26 14:51:00,pre_dispatch,5.7,12.6,1.5
CHK-001683,BAT-000561,2024-12-28 03:39:24,arrival,4.46,16.8,4.3
CHK-001684,BAT-000562,2024-07-20 07:45:00,harvest,7.48,12.1,2.3
CHK-001685,BAT-000562,2024-08-03 08:18:36,pre_dispatch,6.34,15.1,5.2
CHK-001686,BAT-000562,2024-08-04 04:04:00,arrival,4.03,15.9,16.9
CHK-001687,BAT-000563,2024-06-13 09:15:00,harvest,8.02,11.0,1.5
CHK-001688,BAT-000563,2024-06-18 13:03:00,pre_dispatch,6.58,12.5,8.4
CHK-001689,BAT-000563,2024-06-20 00:33:36,arrival,6.84,13.9,9.8
CHK-001690,BAT-000564,2024-05-21 14:00:00,harvest,7.14,11.8,0.7
CHK-001691,BAT-000564,2024-05-27 13:36:36,pre_dispatch,6.73,12.5,5.1
CHK-001692,BAT-000564,2024-05-28 23:46:24,arrival,4.07,12.6,16.3
CHK-001693,BAT-000565,2024-06-29 15:00:00,harvest,7.02,14.7,3.3
CHK-001694,BAT-000565,2024-07-03 16:47:24,pre_dispatch,7.38,12.1,7.1
CHK-001695,BAT-000565,2024-07-04 01:54:00,arrival,4.9,12.1,7.8
CHK-001696,BAT-000566,2024-09-27 08:15:00,harvest,8.26,15.7,0.9
CHK-001697,BAT-000566,2025-01-19 09:30:00,pre_dispatch,7.63,14.4,1.6
CHK-001698,BAT-000566,2025-01-19 18:18:36,arrival,4.25,15.8,16.1
CHK-001699,BAT-000567,2024-08-05 10:30:00,harvest,8.44,13.9,3.3
CHK-001700,BAT-000567,2024-08-26 14:10:48,pre_dispatch,7.27,16.9,5.7
CHK-001701,BAT-000567,2024-08-28 02:37:48,arrival,4.44,13.1,13.9
CHK-001702,BAT-000568,2024-07-27 15:00:00,harvest,8.44,13.3,2.7
CHK-001703,BAT-000568,2024-08-10 18:32:24,pre_dispatch,5.19,14.0,3.5
CHK-001704,BAT-000568,2024-08-11 03:12:00,arrival,5.29,17.0,11.8
CHK-001705,BAT-000569,2024-05-23 15:00:00,harvest,8.08,14.1,1.7
CHK-001706,BAT-000569,2024-05-28 17:08:24,pre_dispatch,7.31,16.8,4.0
CHK-001707,BAT-000569,2024-05-29 01:51:48,arrival,4.89,12.1,7.5
CHK-001708,BAT-000570,2024-09-07 09:45:00,harvest,7.5,11.2,2.5
CHK-001709,BAT-000570,2024-12-06 11:43:48,pre_dispatch,5.65,16.0,6.2
CHK-001710,BAT-000570,2024-12-07 07:34:12,arrival,4.03,12.1,5.1
CHK-001711,BAT-000571,2024-10-11 07:00:00,harvest,8.27,16.5,0.9
CHK-001712,BAT-000571,2025-01-08 10:01:12,pre_dispatch,5.8,15.8,6.1
CHK-001713,BAT-000571,2025-01-09 05:27:12,arrival,4.34,16.5,6.0
CHK-001714,BAT-000572,2024-08-25 09:00:00,harvest,7.57,14.5,3.4
CHK-001715,BAT-000572,2024-11-28 12:16:12,pre_dispatch,7.4,15.7,2.2
CHK-001716,BAT-000572,2024-11-28 23:28:12,arrival,5.66,12.5,3.0
CHK-001717,BAT-000573,2024-10-15 15:15:00,harvest,8.1,15.1,2.8
CHK-001718,BAT-000573,2025-01-25 18:22:48,pre_dispatch,7.05,12.1,7.7
CHK-001719,BAT-000573,2025-01-27 13:31:24,arrival,5.72,13.4,3.4
CHK-001720,BAT-000574,2024-10-04 07:00:00,harvest,7.28,12.9,0.6
CHK-001721,BAT-000574,2024-10-25 07:09:00,pre_dispatch,5.98,15.3,1.3
CHK-001722,BAT-000574,2024-10-27 01:48:36,arrival,5.79,16.8,14.1
CHK-001723,BAT-000575,2024-09-06 08:15:00,harvest,7.12,13.0,1.8
CHK-001724,BAT-000575,2024-12-05 09:59:24,pre_dispatch,5.38,15.8,4.9
CHK-001725,BAT-000575,2024-12-06 18:00:12,arrival,4.22,13.5,15.1
CHK-001726,BAT-000576,2024-08-23 09:15:00,harvest,6.86,14.8,2.3
CHK-001727,BAT-000576,2024-12-01 11:15:00,pre_dispatch,7.13,13.0,2.0
CHK-001728,BAT-000576,2024-12-01 20:21:24,arrival,6.53,13.9,4.1
CHK-001729,BAT-000577,2024-09-21 09:15:00,harvest,6.88,11.8,2.6
CHK-001730,BAT-000577,2024-12-08 10:40:12,pre_dispatch,6.91,16.1,1.1
CHK-001731,BAT-000577,2024-12-08 20:29:36,arrival,6.49,15.3,17.9
CHK-001732,BAT-000578,2024-10-20 15:45:00,harvest,8.0,11.2,3.2
CHK-001733,BAT-000578,2025-01-07 15:38:24,pre_dispatch,6.71,12.0,5.4
CHK-001734,BAT-000578,2025-01-08 12:00:12,arrival,4.77,16.4,17.1
CHK-001735,BAT-000579,2024-09-09 08:30:00,harvest,7.73,16.0,2.1
CHK-001736,BAT-000579,2024-10-17 09:05:24,pre_dispatch,7.15,11.9,1.3
CHK-001737,BAT-000579,2024-10-17 17:46:00,arrival,7.14,15.1,11.8
CHK-001738,BAT-000580,2024-10-13 11:00:00,harvest,7.66,11.3,3.2
CHK-001739,BAT-000580,2025-01-02 11:35:24,pre_dispatch,6.41,12.9,1.8
CHK-001740,BAT-000580,2025-01-03 22:47:24,arrival,4.15,13.0,9.0
CHK-001741,BAT-000581,2024-08-25 13:15:00,harvest,8.08,13.4,1.8
CHK-001742,BAT-000581,2024-09-05 12:54:36,pre_dispatch,7.62,12.3,5.5
CHK-001743,BAT-000581,2024-09-05 20:47:24,arrival,5.52,15.7,5.7
CHK-001744,BAT-000582,2024-08-20 08:30:00,harvest,6.74,14.2,2.9
CHK-001745,BAT-000582,2024-12-02 11:39:00,pre_dispatch,6.75,15.5,2.5
CHK-001746,BAT-000582,2024-12-02 21:23:48,arrival,5.77,15.4,4.1
CHK-001747,BAT-000583,2024-09-25 11:30:00,harvest,7.24,15.7,1.4
CHK-001748,BAT-000583,2024-12-11 15:22:12,pre_dispatch,6.05,15.9,7.4
CHK-001749,BAT-000583,2024-12-12 22:42:24,arrival,4.17,14.5,1.8
CHK-001750,BAT-000584,2024-10-08 08:00:00,harvest,7.26,15.8,1.6
CHK-001751,BAT-000584,2024-11-11 09:41:24,pre_dispatch,6.27,14.6,1.7
CHK-001752,BAT-000584,2024-11-11 23:25:00,arrival,5.72,17.0,12.4
CHK-001753,BAT-000585,2024-09-03 14:15:00,harvest,6.93,13.4,2.5
CHK-001754,BAT-000585,2024-10-04 16:27:00,pre_dispatch,5.84,15.1,2.7
CHK-001755,BAT-000585,2024-10-05 10:03:00,arrival,6.2,13.8,6.0
CHK-001756,BAT-000586,2024-06-01 15:30:00,harvest,6.98,12.9,3.8
CHK-001757,BAT-000586,2024-06-07 19:02:24,pre_dispatch,5.97,15.3,4.9
CHK-001758,BAT-000586,2024-06-09 06:57:00,arrival,6.95,14.1,3.9
CHK-001759,BAT-000587,2024-10-05 09:00:00,harvest,7.83,15.8,2.9
CHK-001760,BAT-000587,2025-02-22 12:09:00,pre_dispatch,5.31,15.6,3.9
CHK-001761,BAT-000587,2025-02-22 23:25:12,arrival,4.59,14.1,8.0
CHK-001762,BAT-000588,2024-06-23 14:30:00,harvest,6.9,12.2,3.7
CHK-001763,BAT-000588,2024-06-27 17:45:36,pre_dispatch,6.75,16.9,2.8
CHK-001764,BAT-000588,2024-06-28 14:31:12,arrival,7.03,16.2,8.5
CHK-001765,BAT-000589,2024-10-16 11:00:00,harvest,8.18,15.4,3.7
CHK-001766,BAT-000589,2025-03-20 13:13:12,pre_dispatch,5.15,15.1,8.3
CHK-001767,BAT-000589,2025-03-22 01:54:36,arrival,6.77,11.6,6.7
CHK-001768,BAT-000590,2024-10-08 10:15:00,harvest,7.42,11.0,3.5
CHK-001769,BAT-000590,2024-12-03 13:26:24,pre_dispatch,6.31,13.8,1.3
CHK-001770,BAT-000590,2024-12-05 06:59:48,arrival,4.64,13.3,6.0
CHK-001771,BAT-000591,2024-09-12 15:45:00,harvest,7.07,13.3,1.9
CHK-001772,BAT-000591,2025-01-06 19:16:48,pre_dispatch,5.37,16.1,3.5
CHK-001773,BAT-000591,2025-01-07 07:56:24,arrival,6.19,15.4,13.4
CHK-001774,BAT-000592,2024-10-22 10:15:00,harvest,8.16,12.2,0.8
CHK-001775,BAT-000592,2024-12-09 10:24:00,pre_dispatch,6.92,14.3,3.4
CHK-001776,BAT-000592,2024-12-10 06:00:24,arrival,4.19,12.8,4.4
CHK-001777,BAT-000593,2024-09-18 10:15:00,harvest,8.44,15.6,1.1
CHK-001778,BAT-000593,2025-01-20 12:37:48,pre_dispatch,7.19,15.8,6.0
CHK-001779,BAT-000593,2025-01-21 10:00:36,arrival,4.94,14.3,2.4
CHK-001780,BAT-000594,2024-10-03 07:45:00,harvest,7.19,14.5,1.5
CHK-001781,BAT-000594,2024-11-11 10:54:36,pre_dispatch,6.32,16.6,5.2
CHK-001782,BAT-000594,2024-11-11 18:58:12,arrival,6.43,14.7,10.0
CHK-001783,BAT-000595,2024-09-08 13:00:00,harvest,8.19,15.8,1.0
CHK-001784,BAT-000595,2025-02-01 15:07:48,pre_dispatch,7.48,13.2,1.5
CHK-001785,BAT-000595,2025-02-02 03:10:24,arrival,6.92,13.8,12.4
CHK-001786,BAT-000596,2024-09-07 11:00:00,harvest,7.26,14.3,3.5
CHK-001787,BAT-000596,2024-10-22 14:13:48,pre_dispatch,7.47,14.1,7.4
CHK-001788,BAT-000596,2024-10-24 09:06:00,arrival,5.73,14.0,17.2
CHK-001789,BAT-000597,2024-09-12 07:15:00,harvest,7.18,15.7,3.6
CHK-001790,BAT-000597,2024-11-16 07:19:12,pre_dispatch,7.37,14.3,7.6
CHK-001791,BAT-000597,2024-11-17 20:00:00,arrival,4.61,14.8,5.3
CHK-001792,BAT-000598,2024-09-21 13:15:00,harvest,8.04,15.7,2.1
CHK-001793,BAT-000598,2024-11-14 15:16:48,pre_dispatch,6.27,15.4,1.9
CHK-001794,BAT-000598,2024-11-15 10:01:36,arrival,7.13,13.7,13.1
CHK-001795,BAT-000599,2024-09-24 14:45:00,harvest,8.38,13.1,3.4
CHK-001796,BAT-000599,2024-11-07 15:24:36,pre_dispatch,7.45,12.4,6.8
CHK-001797,BAT-000599,2024-11-08 22:47:24,arrival,4.29,12.0,8.1
CHK-001798,BAT-000600,2024-08-22 12:00:00,harvest,8.16,14.3,2.6
CHK-001799,BAT-000600,2024-09-30 14:00:00,pre_dispatch,6.82,15.1,7.1
CHK-001800,BAT-000600,2024-10-02 02:57:00,arrival,4.71,13.3,4.6
CHK-001801,BAT-000601,2024-06-20 14:45:00,harvest,7.06,12.8,3.3
CHK-001802,BAT-000601,2024-06-25 15:02:24,pre_dispatch,5.92,12.7,8.4
CHK-001803,BAT-000601,2024-06-25 22:24:24,arrival,6.56,14.5,10.0
CHK-001804,BAT-000602,2024-10-24 11:00:00,harvest,8.24,11.5,3.3
CHK-001805,BAT-000602,2024-12-15 11:31:48,pre_dispatch,6.35,11.9,4.0
CHK-001806,BAT-000602,2024-12-16 07:23:24,arrival,6.6,16.8,8.5
CHK-001807,BAT-000603,2024-09-16 08:00:00,harvest,6.82,11.2,2.7
CHK-001808,BAT-000603,2025-02-09 11:08:24,pre_dispatch,6.84,11.7,5.5
CHK-001809,BAT-000603,2025-02-10 19:27:00,arrival,6.65,12.3,5.0
CHK-001810,BAT-000604,2024-10-15 10:30:00,harvest,8.48,13.2,1.1
CHK-001811,BAT-000604,2025-02-16 11:07:48,pre_dispatch,5.39,17.0,2.5
CHK-001812,BAT-000604,2025-02-18 06:11:00,arrival,4.42,12.1,14.8
CHK-001813,BAT-000605,2024-10-21 14:00:00,harvest,8.27,11.4,1.6
CHK-001814,BAT-000605,2025-03-08 15:05:24,pre_dispatch,7.64,11.7,4.2
CHK-001815,BAT-000605,2025-03-09 03:10:24,arrival,7.2,16.1,2.8
CHK-001816,BAT-000606,2024-09-16 10:30:00,harvest,6.62,14.5,0.8
CHK-001817,BAT-000606,2024-11-29 10:00:36,pre_dispatch,5.02,16.7,5.9
CHK-001818,BAT-000606,2024-11-30 09:26:36,arrival,7.2,12.7,5.8
CHK-001819,BAT-000607,2024-09-25 13:30:00,harvest,7.35,13.6,0.5
CHK-001820,BAT-000607,2025-01-02 15:46:12,pre_dispatch,5.84,16.6,1.3
CHK-001821,BAT-000607,2025-01-03 01:59:12,arrival,6.95,14.1,9.9
CHK-001822,BAT-000608,2024-08-04 14:00:00,harvest,8.36,13.0,2.7
CHK-001823,BAT-000608,2024-08-08 16:10:12,pre_dispatch,6.41,15.2,3.2
CHK-001824,BAT-000608,2024-08-10 10:37:12,arrival,7.19,12.9,14.5
CHK-001825,BAT-000609,2024-06-25 10:15:00,harvest,8.29,15.0,0.6
CHK-001826,BAT-000609,2024-07-07 12:08:24,pre_dispatch,7.3,15.8,8.4
CHK-001827,BAT-000609,2024-07-07 20:05:24,arrival,5.07,12.3,8.9
CHK-001828,BAT-000610,2024-08-29 15:00:00,harvest,8.1,16.4,1.6
CHK-001829,BAT-000610,2024-11-19 15:46:12,pre_dispatch,7.29,13.0,6.6
CHK-001830,BAT-000610,2024-11-20 11:30:12,arrival,4.08,16.5,4.2
CHK-001831,BAT-000611,2024-07-01 14:45:00,harvest,7.96,12.7,0.5
CHK-001832,BAT-000611,2024-07-14 16:27:00,pre_dispatch,6.76,15.8,5.6
CHK-001833,BAT-000611,2024-07-15 01:29:00,arrival,7.1,16.2,8.9
CHK-001834,BAT-000612,2024-10-01 08:30:00,harvest,8.43,15.5,1.1
CHK-001835,BAT-000612,2025-01-12 10:23:24,pre_dispatch,6.74,11.6,2.1
CHK-001836,BAT-000612,2025-01-12 19:51:00,arrival,4.73,14.3,8.3
CHK-001837,BAT-000613,2024-08-27 12:30:00,harvest,7.96,11.6,0.9
CHK-001838,BAT-000613,2025-01-12 15:16:12,pre_dispatch,6.5,13.6,8.0
CHK-001839,BAT-000613,2025-01-13 00:04:36,arrival,6.53,15.3,9.7
CHK-001840,BAT-000614,2024-06-12 14:00:00,harvest,7.04,11.5,1.2
CHK-001841,BAT-000614,2024-06-17 16:58:12,pre_dispatch,5.81,16.3,6.8
CHK-001842,BAT-000614,2024-06-18 01:52:48,arrival,4.16,12.7,14.5
CHK-001843,BAT-000615,2024-10-04 15:00:00,harvest,7.5,15.3,1.6
CHK-001844,BAT-000615,2024-12-17 16:59:24,pre_dispatch,6.27,13.8,5.8
CHK-001845,BAT-000615,2024-12-18 01:50:24,arrival,4.03,14.7,13.7
CHK-001846,BAT-000616,2024-09-21 09:45:00,harvest,7.51,12.8,1.1
CHK-001847,BAT-000616,2024-10-08 13:30:36,pre_dispatch,6.49,16.9,5.1
CHK-001848,BAT-000616,2024-10-08 21:57:00,arrival,5.64,14.2,5.7
CHK-001849,BAT-000617,2024-09-03 10:45:00,harvest,7.97,16.3,1.7
CHK-001850,BAT-000617,2024-11-24 14:42:36,pre_dispatch,7.0,13.7,4.8
CHK-001851,BAT-000617,2024-11-26 02:09:24,arrival,5.84,12.3,9.6
CHK-001852,BAT-000618,2024-10-03 07:15:00,harvest,6.85,13.1,1.4
CHK-001853,BAT-000618,2024-10-14 08:51:36,pre_dispatch,7.3,15.4,2.4
CHK-001854,BAT-000618,2024-10-16 11:54:36,arrival,4.1,13.6,7.4
CHK-001855,BAT-000619,2024-10-15 08:45:00,harvest,8.21,11.7,1.9
CHK-001856,BAT-000619,2025-01-10 11:43:12,pre_dispatch,6.82,14.9,7.8
CHK-001857,BAT-000619,2025-01-10 20:35:24,arrival,4.7,12.6,10.3
CHK-001858,BAT-000620,2024-09-28 08:00:00,harvest,8.31,14.1,3.4
CHK-001859,BAT-000620,2025-02-16 09:18:00,pre_dispatch,6.77,14.8,2.9
CHK-001860,BAT-000620,2025-02-16 22:01:12,arrival,4.94,14.2,14.1
CHK-001861,BAT-000621,2024-10-10 15:00:00,harvest,8.2,15.8,3.8
CHK-001862,BAT-000621,2025-01-27 17:33:00,pre_dispatch,5.83,13.4,4.0
CHK-001863,BAT-000621,2025-01-28 05:52:36,arrival,5.83,13.7,10.4
CHK-001864,BAT-000622,2024-09-02 13:45:00,harvest,6.84,16.1,1.0
CHK-001865,BAT-000622,2024-09-25 16:23:24,pre_dispatch,6.36,14.7,3.3
CHK-001866,BAT-000622,2024-09-26 10:33:36,arrival,6.6,13.0,13.3
CHK-001867,BAT-000623,2024-09-28 12:45:00,harvest,7.38,16.4,2.6
CHK-001868,BAT-000623,2025-01-06 12:42:00,pre_dispatch,5.32,11.8,7.5
CHK-001869,BAT-000623,2025-01-07 21:44:48,arrival,4.64,11.5,15.9
CHK-001870,BAT-000624,2024-08-25 10:15:00,harvest,7.55,15.0,2.0
CHK-001871,BAT-000624,2024-11-25 12:52:12,pre_dispatch,7.77,13.3,5.7
CHK-001872,BAT-000624,2024-11-27 07:56:00,arrival,6.78,15.4,11.0
CHK-001873,BAT-000625,2024-09-05 15:30:00,harvest,8.08,11.7,0.6
CHK-001874,BAT-000625,2024-09-20 17:33:00,pre_dispatch,6.57,16.9,6.0
CHK-001875,BAT-000625,2024-09-22 06:15:36,arrival,5.29,15.5,8.0
CHK-001876,BAT-000626,2024-08-01 12:45:00,harvest,6.93,14.9,1.0
CHK-001877,BAT-000626,2024-08-31 16:04:12,pre_dispatch,7.34,14.9,3.8
CHK-001878,BAT-000626,2024-09-02 01:27:48,arrival,6.72,12.4,4.3
CHK-001879,BAT-000627,2024-10-22 08:30:00,harvest,7.03,16.2,2.3
CHK-001880,BAT-000627,2025-01-07 09:36:36,pre_dispatch,7.52,11.6,3.4
CHK-001881,BAT-000627,2025-01-08 16:58:12,arrival,4.59,12.0,6.1
CHK-001882,BAT-000628,2024-10-09 10:45:00,harvest,7.56,15.2,1.1
CHK-001883,BAT-000628,2024-11-04 11:00:00,pre_dispatch,6.78,14.6,7.7
CHK-001884,BAT-000628,2024-11-05 07:42:48,arrival,4.54,13.6,3.3
CHK-001885,BAT-000629,2024-10-09 11:30:00,harvest,7.31,12.2,3.2
CHK-001886,BAT-000629,2025-02-13 11:48:00,pre_dispatch,6.87,14.3,8.2
CHK-001887,BAT-000629,2025-02-14 07:25:00,arrival,5.88,13.8,2.1
CHK-001888,BAT-000630,2024-09-02 11:00:00,harvest,6.57,13.2,2.8
CHK-001889,BAT-000630,2024-10-13 13:55:12,pre_dispatch,5.6,15.8,3.6
CHK-001890,BAT-000630,2024-10-13 23:30:36,arrival,5.76,13.4,10.2
CHK-001891,BAT-000631,2024-09-07 09:15:00,harvest,7.58,11.8,1.6
CHK-001892,BAT-000631,2025-02-11 11:16:48,pre_dispatch,7.08,12.1,8.3
CHK-001893,BAT-000631,2025-02-12 02:48:12,arrival,5.08,14.2,16.7
CHK-001894,BAT-000632,2024-09-20 10:15:00,harvest,6.66,14.0,3.2
CHK-001895,BAT-000632,2024-12-17 11:06:00,pre_dispatch,7.48,16.6,4.4
CHK-001896,BAT-000632,2024-12-19 06:05:12,arrival,7.09,12.1,17.6
CHK-001897,BAT-000633,2024-09-28 11:45:00,harvest,7.61,13.8,3.7
CHK-001898,BAT-000633,2024-11-10 15:27:36,pre_dispatch,7.77,12.1,5.5
CHK-001899,BAT-000633,2024-11-11 12:43:36,arrival,6.03,11.6,12.5
CHK-001900,BAT-000634,2024-10-01 13:15:00,harvest,8.5,12.3,1.6
CHK-001901,BAT-000634,2024-12-28 15:40:48,pre_dispatch,6.16,15.5,2.6
CHK-001902,BAT-000634,2024-12-30 06:25:48,arrival,5.42,15.3,17.9
CHK-001903,BAT-000635,2024-08-27 10:45:00,harvest,7.53,15.7,3.9
CHK-001904,BAT-000635,2025-01-10 13:44:24,pre_dispatch,7.23,15.6,2.9
CHK-001905,BAT-000635,2025-01-11 11:12:00,arrival,6.99,15.1,15.2
CHK-001906,BAT-000636,2024-09-04 13:45:00,harvest,7.35,13.8,0.5
CHK-001907,BAT-000636,2024-09-16 14:56:24,pre_dispatch,6.19,16.1,7.0
CHK-001908,BAT-000636,2024-09-17 00:08:24,arrival,5.4,14.7,17.0
CHK-001909,BAT-000637,2024-09-04 08:15:00,harvest,7.68,11.1,3.7
CHK-001910,BAT-000637,2024-11-02 11:56:24,pre_dispatch,7.23,16.7,1.4
CHK-001911,BAT-000637,2024-11-04 05:13:12,arrival,5.16,16.5,7.2
CHK-001912,BAT-000638,2024-08-10 09:15:00,harvest,7.57,12.1,1.2
CHK-001913,BAT-000638,2024-08-14 12:15:00,pre_dispatch,6.66,16.4,5.0
CHK-001914,BAT-000638,2024-08-15 10:23:48,arrival,5.5,11.6,3.6
CHK-001915,BAT-000639,2024-08-15 12:15:00,harvest,7.28,15.3,1.0
CHK-001916,BAT-000639,2024-08-24 12:33:00,pre_dispatch,6.51,12.7,8.3
CHK-001917,BAT-000639,2024-08-24 23:57:00,arrival,4.3,12.1,5.0
CHK-001918,BAT-000640,2024-09-05 10:30:00,harvest,8.06,14.1,3.8
CHK-001919,BAT-000640,2024-10-29 12:36:36,pre_dispatch,6.25,15.1,7.8
CHK-001920,BAT-000640,2024-10-30 22:01:00,arrival,7.06,13.7,14.0
CHK-001921,BAT-000641,2024-07-14 11:45:00,harvest,7.95,14.4,2.0
CHK-001922,BAT-000641,2024-07-19 14:48:36,pre_dispatch,6.11,12.5,1.9
CHK-001923,BAT-000641,2024-07-19 23:33:12,arrival,4.62,15.2,2.3
CHK-001924,BAT-000642,2024-10-17 10:00:00,harvest,7.89,13.5,3.8
CHK-001925,BAT-000642,2024-12-12 12:58:48,pre_dispatch,7.13,15.4,1.7
CHK-001926,BAT-000642,2024-12-12 20:45:36,arrival,4.58,16.2,14.5
CHK-001927,BAT-000643,2024-06-22 10:00:00,harvest,6.57,12.7,0.6
CHK-001928,BAT-000643,2024-06-27 12:45:00,pre_dispatch,6.82,12.7,5.0
CHK-001929,BAT-000643,2024-06-27 21:40:24,arrival,4.78,14.6,3.1
CHK-001930,BAT-000644,2024-08-30 08:00:00,harvest,7.28,13.2,2.7
CHK-001931,BAT-000644,2024-12-04 11:32:24,pre_dispatch,7.28,16.5,4.2
CHK-001932,BAT-000644,2024-12-06 05:55:48,arrival,5.69,13.0,12.0
CHK-001933,BAT-000645,2024-07-07 09:00:00,harvest,7.03,12.2,1.0
CHK-001934,BAT-000645,2024-07-23 12:34:12,pre_dispatch,5.65,16.9,5.2
CHK-001935,BAT-000645,2024-07-23 21:43:00,arrival,5.21,12.8,15.9
CHK-001936,BAT-000646,2024-09-27 07:00:00,harvest,6.9,12.4,2.2
CHK-001937,BAT-000646,2025-01-26 09:49:12,pre_dispatch,7.01,12.2,6.9
CHK-001938,BAT-000646,2025-01-26 19:57:24,arrival,4.68,12.7,15.4
CHK-001939,BAT-000647,2024-07-19 08:30:00,harvest,8.49,11.7,3.5
CHK-001940,BAT-000647,2024-07-23 10:04:48,pre_dispatch,7.58,14.5,1.3
CHK-001941,BAT-000647,2024-07-24 23:01:24,arrival,6.82,16.7,8.2
CHK-001942,BAT-000648,2024-07-13 08:15:00,harvest,7.64,16.4,1.5
CHK-001943,BAT-000648,2024-07-26 09:55:48,pre_dispatch,7.44,14.7,5.4
CHK-001944,BAT-000648,2024-07-27 21:09:00,arrival,5.06,13.7,10.4
CHK-001945,BAT-000649,2024-09-13 14:00:00,harvest,7.08,13.9,2.9
CHK-001946,BAT-000649,2025-02-02 13:51:36,pre_dispatch,7.11,11.7,6.5
CHK-001947,BAT-000649,2025-02-03 10:03:00,arrival,5.11,13.9,4.7
CHK-001948,BAT-000650,2024-08-13 14:15:00,harvest,6.65,11.1,0.9
CHK-001949,BAT-000650,2024-09-20 14:04:48,pre_dispatch,5.93,15.6,2.0
CHK-001950,BAT-000650,2024-09-20 22:56:24,arrival,4.11,15.0,14.2
CHK-001951,BAT-000651,2024-07-13 14:15:00,harvest,7.32,11.6,1.3
CHK-001952,BAT-000651,2024-07-16 14:58:12,pre_dispatch,5.84,12.3,3.9
CHK-001953,BAT-000651,2024-07-17 00:19:36,arrival,7.0,15.2,9.3
CHK-001954,BAT-000652,2024-08-01 15:30:00,harvest,7.93,14.4,2.0
CHK-001955,BAT-000652,2024-08-16 19:09:00,pre_dispatch,5.77,14.3,3.0
CHK-001956,BAT-000652,2024-08-18 04:48:48,arrival,6.31,13.1,15.6
CHK-001957,BAT-000653,2024-09-12 08:30:00,harvest,6.57,16.0,0.7
CHK-001958,BAT-000653,2025-01-22 11:43:48,pre_dispatch,6.99,16.4,3.2
CHK-001959,BAT-000653,2025-01-23 11:12:36,arrival,5.41,16.2,10.3
CHK-001960,BAT-000654,2024-08-20 09:45:00,harvest,7.14,11.8,3.1
CHK-001961,BAT-000654,2024-12-07 11:57:36,pre_dispatch,5.55,15.5,4.5
CHK-001962,BAT-000654,2024-12-07 22:56:48,arrival,4.95,15.1,16.3
CHK-001963,BAT-000655,2024-10-05 07:00:00,harvest,7.54,15.8,1.3
CHK-001964,BAT-000655,2025-01-26 08:30:00,pre_dispatch,6.59,14.7,6.6
CHK-001965,BAT-000655,2025-01-26 21:43:24,arrival,5.35,14.3,1.6
CHK-001966,BAT-000656,2024-08-27 14:00:00,harvest,7.28,12.8,3.0
CHK-001967,BAT-000656,2024-11-23 15:06:36,pre_dispatch,7.68,14.9,6.3
CHK-001968,BAT-000656,2024-11-25 09:27:36,arrival,4.47,12.7,5.2
CHK-001969,BAT-000657,2024-07-19 15:15:00,harvest,6.59,15.3,1.3
CHK-001970,BAT-000657,2024-08-01 16:51:00,pre_dispatch,5.71,13.7,2.1
CHK-001971,BAT-000657,2024-08-03 05:25:48,arrival,5.37,17.1,2.5
CHK-001972,BAT-000658,2024-07-16 12:30:00,harvest,8.14,14.7,2.6
CHK-001973,BAT-000658,2024-07-21 15:51:36,pre_dispatch,7.53,14.6,6.6
CHK-001974,BAT-000658,2024-07-22 01:11:00,arrival,6.83,16.1,6.0
CHK-001975,BAT-000659,2024-07-10 08:00:00,harvest,7.67,12.4,1.4
CHK-001976,BAT-000659,2024-07-24 08:46:12,pre_dispatch,5.58,14.3,6.0
CHK-001977,BAT-000659,2024-07-25 02:37:36,arrival,4.56,16.4,14.9
CHK-001978,BAT-000660,2024-10-01 12:45:00,harvest,6.92,16.0,2.0
CHK-001979,BAT-000660,2024-11-15 14:54:36,pre_dispatch,5.7,12.8,5.9
CHK-001980,BAT-000660,2024-11-16 08:15:36,arrival,4.32,14.5,13.3
CHK-001981,BAT-000661,2024-08-19 15:30:00,harvest,7.32,12.3,2.0
CHK-001982,BAT-000661,2024-08-31 18:19:48,pre_dispatch,6.0,14.8,1.0
CHK-001983,BAT-000661,2024-09-02 01:59:48,arrival,5.68,14.3,7.5
CHK-001984,BAT-000662,2024-09-17 14:00:00,harvest,6.65,12.5,1.2
CHK-001985,BAT-000662,2024-12-21 14:25:48,pre_dispatch,7.6,14.6,2.0
CHK-001986,BAT-000662,2024-12-22 22:59:48,arrival,6.99,14.0,2.7
CHK-001987,BAT-000663,2024-09-25 08:30:00,harvest,8.32,14.1,3.6
CHK-001988,BAT-000663,2024-11-29 08:31:48,pre_dispatch,6.37,14.0,3.3
CHK-001989,BAT-000663,2024-11-30 02:36:36,arrival,5.48,12.2,8.4
CHK-001990,BAT-000664,2024-09-21 10:00:00,harvest,7.35,15.0,1.8
CHK-001991,BAT-000664,2024-11-15 13:18:00,pre_dispatch,7.33,17.0,8.2
CHK-001992,BAT-000664,2024-11-17 06:37:12,arrival,5.07,12.2,17.8
CHK-001993,BAT-000665,2024-09-19 09:30:00,harvest,7.47,13.5,0.8
CHK-001994,BAT-000665,2024-10-17 10:10:12,pre_dispatch,7.19,13.8,6.8
CHK-001995,BAT-000665,2024-10-17 20:01:00,arrival,5.89,12.9,10.9
CHK-001996,BAT-000666,2024-07-01 08:45:00,harvest,8.15,15.3,3.4
CHK-001997,BAT-000666,2024-07-09 08:49:48,pre_dispatch,7.62,16.0,1.0
CHK-001998,BAT-000666,2024-07-09 17:17:24,arrival,5.76,13.2,4.8
CHK-001999,BAT-000667,2024-08-24 13:30:00,harvest,8.37,12.8,3.1
CHK-002000,BAT-000667,2024-09-23 13:04:48,pre_dispatch,7.75,16.9,4.5
CHK-002001,BAT-000667,2024-09-24 09:02:24,arrival,4.4,15.8,8.1
CHK-002002,BAT-000668,2024-07-06 10:15:00,harvest,6.61,14.9,0.6
CHK-002003,BAT-000668,2024-07-11 10:40:48,pre_dispatch,7.5,12.0,1.3
CHK-002004,BAT-000668,2024-07-12 23:25:36,arrival,5.88,15.0,2.5
CHK-002005,BAT-000669,2024-10-13 07:45:00,harvest,8.03,13.4,0.7
CHK-002006,BAT-000669,2024-11-08 11:39:36,pre_dispatch,5.22,11.6,6.9
CHK-002007,BAT-000669,2024-11-08 21:15:00,arrival,7.05,17.1,6.9
CHK-002008,BAT-000670,2024-09-18 11:45:00,harvest,7.13,15.7,3.7
CHK-002009,BAT-000670,2024-12-15 14:29:24,pre_dispatch,7.01,13.1,2.1
CHK-002010,BAT-000670,2024-12-16 13:50:12,arrival,5.7,12.1,10.9
CHK-002011,BAT-000671,2024-09-18 08:00:00,harvest,7.01,11.0,1.4
CHK-002012,BAT-000671,2024-10-03 10:18:36,pre_dispatch,5.44,14.4,5.5
CHK-002013,BAT-000671,2024-10-03 18:50:48,arrival,4.42,12.7,14.0
CHK-002014,BAT-000672,2024-10-06 10:15:00,harvest,7.23,14.7,2.9
CHK-002015,BAT-000672,2025-01-01 10:55:12,pre_dispatch,5.77,15.0,8.4
CHK-002016,BAT-000672,2025-01-01 23:10:12,arrival,4.53,16.4,16.2
CHK-002017,BAT-000673,2024-09-26 08:30:00,harvest,7.69,11.2,1.7
CHK-002018,BAT-000673,2024-11-04 12:00:36,pre_dispatch,7.4,12.3,1.1
CHK-002019,BAT-000673,2024-11-04 20:55:48,arrival,6.2,14.9,12.9
CHK-002020,BAT-000674,2024-08-04 10:15:00,harvest,8.47,14.3,2.7
CHK-002021,BAT-000674,2024-08-28 13:33:36,pre_dispatch,5.7,13.3,6.1
CHK-002022,BAT-000674,2024-08-29 10:44:00,arrival,5.8,12.3,14.3
CHK-002023,BAT-000675,2024-10-03 08:45:00,harvest,6.83,15.3,3.6
CHK-002024,BAT-000675,2024-10-30 11:33:00,pre_dispatch,6.69,15.0,4.0
CHK-002025,BAT-000675,2024-10-31 02:46:36,arrival,4.44,11.9,14.9
CHK-002026,BAT-000676,2024-09-17 11:30:00,harvest,6.62,15.1,3.4
CHK-002027,BAT-000676,2024-10-01 13:54:00,pre_dispatch,6.45,14.3,2.1
CHK-002028,BAT-000676,2024-10-01 22:18:48,arrival,6.7,16.3,14.9
CHK-002029,BAT-000677,2024-10-23 10:00:00,harvest,7.11,14.5,0.9
CHK-002030,BAT-000677,2025-01-29 10:04:48,pre_dispatch,5.26,14.7,8.1
CHK-002031,BAT-000677,2025-01-30 19:00:00,arrival,6.25,16.9,6.9
CHK-002032,BAT-000678,2024-09-01 09:30:00,harvest,6.5,13.1,2.7
CHK-002033,BAT-000678,2024-10-16 11:51:00,pre_dispatch,7.14,12.4,5.8
CHK-002034,BAT-000678,2024-10-16 21:23:48,arrival,4.53,12.6,12.1
CHK-002035,BAT-000679,2024-08-09 15:15:00,harvest,6.77,12.8,1.5
CHK-002036,BAT-000679,2024-08-25 15:41:24,pre_dispatch,5.18,16.1,2.6
CHK-002037,BAT-000679,2024-08-27 10:29:24,arrival,4.88,13.4,10.9
CHK-002038,BAT-000680,2024-09-18 11:30:00,harvest,8.25,16.2,0.5
CHK-002039,BAT-000680,2024-10-31 13:30:00,pre_dispatch,5.72,14.7,7.9
CHK-002040,BAT-000680,2024-10-31 21:50:36,arrival,4.93,15.2,4.1
CHK-002041,BAT-000681,2024-09-12 09:30:00,harvest,7.1,13.7,0.6
CHK-002042,BAT-000681,2024-11-01 09:37:48,pre_dispatch,7.21,15.0,1.2
CHK-002043,BAT-000681,2024-11-01 21:25:36,arrival,5.32,15.1,5.8
CHK-002044,BAT-000682,2024-09-30 09:00:00,harvest,7.06,13.4,1.2
CHK-002045,BAT-000682,2025-01-13 10:46:48,pre_dispatch,5.28,11.7,3.6
CHK-002046,BAT-000682,2025-01-14 07:56:24,arrival,5.9,13.8,10.6
CHK-002047,BAT-000683,2024-09-20 07:30:00,harvest,7.36,12.1,1.0
CHK-002048,BAT-000683,2024-11-01 08:55:48,pre_dispatch,6.07,14.6,2.0
CHK-002049,BAT-000683,2024-11-02 04:40:00,arrival,4.58,16.5,13.1
CHK-002050,BAT-000684,2024-08-02 09:15:00,harvest,6.75,13.3,1.8
CHK-002051,BAT-000684,2024-08-12 12:02:24,pre_dispatch,7.12,15.5,3.9
CHK-002052,BAT-000684,2024-08-13 00:49:12,arrival,5.36,16.6,12.2
CHK-002053,BAT-000685,2024-08-04 14:00:00,harvest,7.75,15.3,2.2
CHK-002054,BAT-000685,2024-08-25 16:17:24,pre_dispatch,5.48,12.2,2.3
CHK-002055,BAT-000685,2024-08-26 15:06:24,arrival,6.96,14.7,15.7
CHK-002056,BAT-000686,2024-10-21 14:45:00,harvest,6.95,16.0,0.8
CHK-002057,BAT-000686,2025-03-05 16:12:36,pre_dispatch,7.4,15.6,1.5
CHK-002058,BAT-000686,2025-03-07 09:44:24,arrival,4.57,16.7,9.8
CHK-002059,BAT-000687,2024-08-11 12:15:00,harvest,6.56,14.3,1.6
CHK-002060,BAT-000687,2024-08-26 13:34:12,pre_dispatch,7.04,12.9,4.6
CHK-002061,BAT-000687,2024-08-27 11:05:36,arrival,6.23,12.3,4.3
CHK-002062,BAT-000688,2024-10-06 14:15:00,harvest,6.51,15.9,1.4
CHK-002063,BAT-000688,2025-02-14 17:16:12,pre_dispatch,5.6,13.1,6.2
CHK-002064,BAT-000688,2025-02-16 01:58:48,arrival,6.34,12.8,4.5
CHK-002065,BAT-000689,2024-09-05 10:15:00,harvest,7.34,16.4,1.5
CHK-002066,BAT-000689,2024-10-14 12:16:12,pre_dispatch,6.22,16.1,8.3
CHK-002067,BAT-000689,2024-10-15 07:47:48,arrival,4.35,11.6,10.7
CHK-002068,BAT-000690,2024-09-05 11:30:00,harvest,6.77,14.7,1.7
CHK-002069,BAT-000690,2024-09-30 12:39:36,pre_dispatch,6.54,12.9,6.5
CHK-002070,BAT-000690,2024-10-01 20:20:00,arrival,6.42,14.4,14.0
CHK-002071,BAT-000691,2024-09-11 14:15:00,harvest,8.18,11.8,2.9
CHK-002072,BAT-000691,2025-01-05 15:37:12,pre_dispatch,6.44,13.1,1.4
CHK-002073,BAT-000691,2025-01-06 23:05:24,arrival,5.0,15.8,5.4
CHK-002074,BAT-000692,2024-10-08 09:00:00,harvest,7.34,15.0,2.3
CHK-002075,BAT-000692,2025-02-23 11:51:00,pre_dispatch,7.6,16.9,3.5
CHK-002076,BAT-000692,2025-02-24 08:30:36,arrival,6.22,17.1,10.3
CHK-002077,BAT-000693,2024-08-31 08:00:00,harvest,6.7,14.7,1.3
CHK-002078,BAT-000693,2024-12-12 10:33:36,pre_dispatch,7.63,13.8,8.2
CHK-002079,BAT-000693,2024-12-12 20:11:00,arrival,7.06,16.2,3.3
CHK-002080,BAT-000694,2024-09-07 11:00:00,harvest,6.84,11.8,1.2
CHK-002081,BAT-000694,2024-09-25 12:27:00,pre_dispatch,6.51,13.0,2.5
CHK-002082,BAT-000694,2024-09-25 21:47:36,arrival,6.06,14.1,13.0
CHK-002083,BAT-000695,2024-09-15 10:30:00,harvest,8.48,15.3,1.9
CHK-002084,BAT-000695,2024-10-18 10:31:48,pre_dispatch,5.01,15.1,3.1
CHK-002085,BAT-000695,2024-10-20 04:14:36,arrival,5.93,16.8,11.1
CHK-002086,BAT-000696,2024-09-27 10:45:00,harvest,8.23,14.4,3.0
CHK-002087,BAT-000696,2025-01-01 11:55:48,pre_dispatch,7.75,16.5,4.4
CHK-002088,BAT-000696,2025-01-02 20:05:24,arrival,6.05,13.7,15.2
CHK-002089,BAT-000697,2024-10-02 10:30:00,harvest,6.86,12.4,1.7
CHK-002090,BAT-000697,2024-10-19 10:31:12,pre_dispatch,5.88,13.6,1.4
CHK-002091,BAT-000697,2024-10-21 05:20:24,arrival,4.27,13.4,13.8
CHK-002092,BAT-000698,2024-09-30 15:30:00,harvest,6.74,16.3,0.6
CHK-002093,BAT-000698,2024-12-12 16:04:48,pre_dispatch,7.76,13.3,1.6
CHK-002094,BAT-000698,2024-12-14 20:09:24,arrival,6.34,16.6,4.7
CHK-002095,BAT-000699,2024-09-05 15:00:00,harvest,7.68,16.4,3.2
CHK-002096,BAT-000699,2024-09-23 16:15:36,pre_dispatch,5.35,17.0,1.7
CHK-002097,BAT-000699,2024-09-24 00:45:00,arrival,5.58,16.7,17.0
CHK-002098,BAT-000700,2024-08-22 07:30:00,harvest,7.59,14.4,2.8
CHK-002099,BAT-000700,2024-11-18 07:00:36,pre_dispatch,5.11,12.5,2.0
CHK-002100,BAT-000700,2024-11-19 04:30:48,arrival,5.25,12.0,15.0
CHK-002101,BAT-000701,2024-09-08 12:30:00,harvest,7.28,12.5,1.0
CHK-002102,BAT-000701,2024-11-30 14:43:12,pre_dispatch,7.44,14.6,1.7
CHK-002103,BAT-000701,2024-12-01 02:54:36,arrival,5.0,15.4,6.3
CHK-002104,BAT-000702,2024-08-25 08:30:00,harvest,7.09,13.7,1.0
CHK-002105,BAT-000702,2024-12-13 11:24:00,pre_dispatch,7.62,13.4,7.2
CHK-002106,BAT-000702,2024-12-15 01:23:36,arrival,5.94,15.0,11.0
CHK-002107,BAT-000703,2024-05-20 08:30:00,harvest,7.42,14.6,2.7
CHK-002108,BAT-000703,2024-05-27 10:05:24,pre_dispatch,5.05,12.6,2.9
CHK-002109,BAT-000703,2024-05-27 17:34:48,arrival,4.72,13.4,10.9
CHK-002110,BAT-000704,2024-08-26 10:30:00,harvest,8.0,11.9,1.9
CHK-002111,BAT-000704,2024-11-23 11:42:00,pre_dispatch,5.24,14.1,6.6
CHK-002112,BAT-000704,2024-11-24 06:51:00,arrival,4.95,13.9,6.7
CHK-002113,BAT-000705,2024-10-25 15:30:00,harvest,7.3,12.2,3.5
CHK-002114,BAT-000705,2025-01-04 17:00:36,pre_dispatch,7.25,13.1,4.9
CHK-002115,BAT-000705,2025-01-05 01:23:48,arrival,4.57,12.5,10.5
CHK-002116,BAT-000706,2024-10-01 13:45:00,harvest,7.31,12.3,3.2
CHK-002117,BAT-000706,2024-11-30 15:00:00,pre_dispatch,6.4,16.2,8.0
CHK-002118,BAT-000706,2024-12-02 03:56:24,arrival,5.39,13.5,5.4
CHK-002119,BAT-000707,2024-07-29 12:15:00,harvest,7.85,15.6,1.8
CHK-002120,BAT-000707,2024-08-08 14:48:36,pre_dispatch,6.32,13.1,4.4
CHK-002121,BAT-000707,2024-08-10 03:13:12,arrival,4.23,12.2,5.1
CHK-002122,BAT-000708,2024-10-15 10:15:00,harvest,8.02,15.7,0.7
CHK-002123,BAT-000708,2025-01-19 10:58:12,pre_dispatch,7.72,16.4,7.1
CHK-002124,BAT-000708,2025-01-20 19:12:12,arrival,5.93,14.2,12.7
CHK-002125,BAT-000709,2024-09-26 09:45:00,harvest,7.27,11.5,0.9
CHK-002126,BAT-000709,2024-11-04 09:34:48,pre_dispatch,7.36,12.8,3.6
CHK-002127,BAT-000709,2024-11-06 03:19:36,arrival,5.68,13.3,17.8
CHK-002128,BAT-000710,2024-09-23 11:15:00,harvest,6.78,12.5,2.6
CHK-002129,BAT-000710,2024-09-30 14:38:24,pre_dispatch,6.7,14.7,1.8
CHK-002130,BAT-000710,2024-09-30 23:39:48,arrival,6.55,11.6,8.0
CHK-002131,BAT-000711,2024-09-03 07:45:00,harvest,7.98,11.5,1.2
CHK-002132,BAT-000711,2024-12-08 11:08:24,pre_dispatch,7.09,11.6,5.4
CHK-002133,BAT-000711,2024-12-09 23:37:48,arrival,4.54,11.6,4.3
CHK-002134,BAT-000712,2024-10-06 12:15:00,harvest,7.05,11.8,3.2
CHK-002135,BAT-000712,2025-02-01 13:14:24,pre_dispatch,5.53,12.7,7.9
CHK-002136,BAT-000712,2025-02-03 01:13:00,arrival,5.88,11.8,14.0
CHK-002137,BAT-000713,2024-08-10 08:00:00,harvest,7.25,11.9,3.1
CHK-002138,BAT-000713,2024-08-21 08:47:24,pre_dispatch,7.17,13.8,3.2
CHK-002139,BAT-000713,2024-08-22 17:21:36,arrival,5.15,16.3,17.9
CHK-002140,BAT-000714,2024-09-19 09:45:00,harvest,6.84,13.0,2.1
CHK-002141,BAT-000714,2024-12-11 10:15:36,pre_dispatch,5.13,12.9,6.3
CHK-002142,BAT-000714,2024-12-11 23:10:00,arrival,4.92,14.1,7.6
CHK-002143,BAT-000715,2024-09-17 10:30:00,harvest,7.83,12.2,1.2
CHK-002144,BAT-000715,2024-12-07 12:03:00,pre_dispatch,6.05,16.1,2.6
CHK-002145,BAT-000715,2024-12-08 07:23:24,arrival,5.26,11.6,17.8
CHK-002146,BAT-000716,2024-09-13 07:45:00,harvest,7.22,15.6,0.8
CHK-002147,BAT-000716,2024-10-11 07:42:36,pre_dispatch,6.67,12.1,3.2
CHK-002148,BAT-000716,2024-10-12 14:46:12,arrival,6.48,13.0,6.7
CHK-002149,BAT-000717,2024-10-07 13:00:00,harvest,7.2,14.3,2.0
CHK-002150,BAT-000717,2024-10-28 15:26:24,pre_dispatch,5.81,16.7,3.1
CHK-002151,BAT-000717,2024-10-29 11:06:12,arrival,6.58,11.9,2.8
CHK-002152,BAT-000718,2024-09-24 08:15:00,harvest,8.37,11.8,1.7
CHK-002153,BAT-000718,2024-10-12 10:39:36,pre_dispatch,5.15,16.3,2.3
CHK-002154,BAT-000718,2024-10-12 19:19:48,arrival,6.25,16.2,2.4
CHK-002155,BAT-000719,2024-10-14 09:15:00,harvest,6.55,16.2,1.2
CHK-002156,BAT-000719,2024-12-01 10:36:00,pre_dispatch,5.54,12.6,3.8
CHK-002157,BAT-000719,2024-12-03 05:26:48,arrival,7.15,12.7,9.9
CHK-002158,BAT-000720,2024-09-23 13:15:00,harvest,6.9,13.8,0.8
CHK-002159,BAT-000720,2024-10-12 15:38:24,pre_dispatch,6.6,14.8,1.9
CHK-002160,BAT-000720,2024-10-14 03:26:48,arrival,5.16,11.9,6.1
CHK-002161,BAT-000721,2024-09-03 14:30:00,harvest,6.95,12.3,2.8
CHK-002162,BAT-000721,2024-09-27 14:54:00,pre_dispatch,5.74,13.3,1.1
CHK-002163,BAT-000721,2024-09-28 03:24:48,arrival,7.1,14.6,4.0
CHK-002164,BAT-000722,2024-09-22 14:45:00,harvest,6.53,15.5,1.0
CHK-002165,BAT-000722,2025-01-03 18:03:00,pre_dispatch,5.12,16.1,1.9
CHK-002166,BAT-000722,2025-01-04 06:37:12,arrival,4.56,17.2,7.5
CHK-002167,BAT-000723,2024-09-22 11:45:00,harvest,8.08,13.7,1.7
CHK-002168,BAT-000723,2024-10-24 13:49:12,pre_dispatch,7.56,15.6,5.0
CHK-002169,BAT-000723,2024-10-25 01:14:48,arrival,4.01,13.8,10.2
CHK-002170,BAT-000724,2024-09-18 12:15:00,harvest,8.38,15.7,3.5
CHK-002171,BAT-000724,2024-10-10 13:27:00,pre_dispatch,7.69,13.4,6.4
CHK-002172,BAT-000724,2024-10-12 07:21:12,arrival,5.34,16.3,7.2
CHK-002173,BAT-000725,2024-09-07 13:30:00,harvest,7.79,15.0,1.2
CHK-002174,BAT-000725,2024-10-10 17:10:12,pre_dispatch,7.41,14.6,5.5
CHK-002175,BAT-000725,2024-10-12 07:36:48,arrival,5.99,14.9,12.4
CHK-002176,BAT-000726,2024-09-23 09:00:00,harvest,7.81,14.8,1.8
CHK-002177,BAT-000726,2024-10-22 10:01:12,pre_dispatch,6.21,12.9,7.9
CHK-002178,BAT-000726,2024-10-24 05:35:48,arrival,4.33,11.9,5.5
CHK-002179,BAT-000727,2024-08-27 11:45:00,harvest,7.79,14.7,2.8
CHK-002180,BAT-000727,2024-12-08 12:00:36,pre_dispatch,7.34,13.4,5.3
CHK-002181,BAT-000727,2024-12-09 23:32:24,arrival,4.17,14.2,14.2
CHK-002182,BAT-000728,2024-07-17 10:15:00,harvest,6.56,11.2,1.7
CHK-002183,BAT-000728,2024-07-27 11:42:00,pre_dispatch,6.61,15.2,1.1
CHK-002184,BAT-000728,2024-07-29 06:33:00,arrival,4.29,16.3,17.1
CHK-002185,BAT-000729,2024-10-22 10:00:00,harvest,7.07,11.1,1.1
CHK-002186,BAT-000729,2024-12-19 12:17:24,pre_dispatch,5.66,12.5,4.5
CHK-002187,BAT-000729,2024-12-20 06:36:00,arrival,5.42,13.3,9.7
CHK-002188,BAT-000730,2024-08-27 11:00:00,harvest,6.98,15.4,3.3
CHK-002189,BAT-000730,2025-01-05 13:40:12,pre_dispatch,6.36,15.6,6.3
CHK-002190,BAT-000730,2025-01-06 02:22:48,arrival,4.62,16.1,13.4
CHK-002191,BAT-000731,2024-05-29 14:00:00,harvest,6.63,13.2,0.8
CHK-002192,BAT-000731,2024-06-02 14:51:00,pre_dispatch,5.86,16.6,4.0
CHK-002193,BAT-000731,2024-06-03 22:22:00,arrival,4.78,11.9,11.9
CHK-002194,BAT-000732,2024-08-30 09:15:00,harvest,7.25,11.9,3.1
CHK-002195,BAT-000732,2024-11-26 12:09:36,pre_dispatch,5.45,16.1,3.9
CHK-002196,BAT-000732,2024-11-28 05:24:48,arrival,6.93,15.5,15.8
CHK-002197,BAT-000733,2024-10-14 13:15:00,harvest,8.4,14.6,3.5
CHK-002198,BAT-000733,2024-12-15 13:19:12,pre_dispatch,5.23,14.9,7.0
CHK-002199,BAT-000733,2024-12-17 07:18:12,arrival,4.29,12.4,8.4
CHK-002200,BAT-000734,2024-09-26 11:15:00,harvest,6.59,11.3,3.7
CHK-002201,BAT-000734,2024-12-15 11:19:12,pre_dispatch,5.32,16.8,5.3
CHK-002202,BAT-000734,2024-12-15 21:53:00,arrival,4.44,15.6,13.4
CHK-002203,BAT-000735,2024-09-18 12:00:00,harvest,7.23,12.1,0.6
CHK-002204,BAT-000735,2024-12-24 13:12:00,pre_dispatch,5.37,12.9,3.7
CHK-002205,BAT-000735,2024-12-26 02:20:12,arrival,4.54,12.2,8.8
CHK-002206,BAT-000736,2024-07-04 12:00:00,harvest,6.87,12.5,1.0
CHK-002207,BAT-000736,2024-07-16 13:16:48,pre_dispatch,6.16,13.6,6.5
CHK-002208,BAT-000736,2024-07-16 21:45:00,arrival,6.12,13.2,8.2
CHK-002209,BAT-000737,2024-08-28 08:30:00,harvest,6.96,15.0,3.3
CHK-002210,BAT-000737,2024-11-27 08:07:48,pre_dispatch,6.14,14.9,3.3
CHK-002211,BAT-000737,2024-11-28 04:40:12,arrival,5.59,16.5,3.3
CHK-002212,BAT-000738,2024-09-27 11:15:00,harvest,7.51,11.4,2.0
CHK-002213,BAT-000738,2024-10-16 13:22:48,pre_dispatch,6.19,13.5,8.3
CHK-002214,BAT-000738,2024-10-17 09:13:36,arrival,6.67,13.0,3.0
CHK-002215,BAT-000739,2024-09-11 07:30:00,harvest,7.2,14.5,1.9
CHK-002216,BAT-000739,2024-11-12 11:28:12,pre_dispatch,5.35,12.0,4.9
CHK-002217,BAT-000739,2024-11-14 05:20:36,arrival,5.38,12.4,4.0
CHK-002218,BAT-000740,2024-07-26 12:45:00,harvest,6.96,11.1,3.6
CHK-002219,BAT-000740,2024-07-31 15:28:48,pre_dispatch,5.62,16.4,8.4
CHK-002220,BAT-000740,2024-08-01 12:03:48,arrival,6.51,11.6,4.6
CHK-002221,BAT-000741,2024-05-30 08:15:00,harvest,7.97,14.2,3.5
CHK-002222,BAT-000741,2024-06-03 09:07:12,pre_dispatch,7.5,11.7,3.2
CHK-002223,BAT-000741,2024-06-04 18:25:48,arrival,7.07,12.6,8.2
CHK-002224,BAT-000742,2024-08-27 10:45:00,harvest,6.69,15.6,2.8
CHK-002225,BAT-000742,2024-11-06 13:41:24,pre_dispatch,5.3,11.7,5.9
CHK-002226,BAT-000742,2024-11-08 00:02:24,arrival,6.59,15.5,4.9
CHK-002227,BAT-000743,2024-07-30 10:30:00,harvest,8.46,11.2,2.7
CHK-002228,BAT-000743,2024-08-13 10:26:24,pre_dispatch,6.45,13.9,3.1
CHK-002229,BAT-000743,2024-08-14 18:37:48,arrival,4.52,12.1,12.8
CHK-002230,BAT-000744,2024-08-30 10:45:00,harvest,7.76,12.6,2.2
CHK-002231,BAT-000744,2024-09-16 10:23:24,pre_dispatch,5.17,15.7,1.9
CHK-002232,BAT-000744,2024-09-16 20:59:48,arrival,7.11,14.3,12.7
CHK-002233,BAT-000745,2024-08-26 14:45:00,harvest,7.59,14.2,1.7
CHK-002234,BAT-000745,2024-11-04 18:15:36,pre_dispatch,6.45,11.6,8.1
CHK-002235,BAT-000745,2024-11-05 03:22:36,arrival,5.4,17.0,15.4
CHK-002236,BAT-000746,2024-09-07 13:45:00,harvest,7.83,14.3,2.2
CHK-002237,BAT-000746,2024-09-29 15:06:36,pre_dispatch,6.69,14.1,2.8
CHK-002238,BAT-000746,2024-09-30 02:44:00,arrival,6.26,16.5,5.6
CHK-002239,BAT-000747,2024-08-03 14:30:00,harvest,7.13,11.7,0.7
CHK-002240,BAT-000747,2024-08-31 17:20:24,pre_dispatch,7.62,13.5,7.1
CHK-002241,BAT-000747,2024-09-02 11:15:00,arrival,4.65,14.3,10.0
CHK-002242,BAT-000748,2024-08-23 12:45:00,harvest,7.64,14.9,2.0
CHK-002243,BAT-000748,2024-11-25 15:26:24,pre_dispatch,5.97,12.9,6.8
CHK-002244,BAT-000748,2024-11-25 22:30:36,arrival,6.18,15.2,1.6
CHK-002245,BAT-000749,2024-10-02 09:45:00,harvest,7.02,16.0,3.7
CHK-002246,BAT-000749,2024-11-30 12:32:24,pre_dispatch,7.49,13.0,1.8
CHK-002247,BAT-000749,2024-12-01 00:40:36,arrival,6.76,14.6,16.4
CHK-002248,BAT-000750,2024-07-27 10:30:00,harvest,7.32,15.9,2.3
CHK-002249,BAT-000750,2024-08-22 13:31:48,pre_dispatch,5.55,16.3,7.4
CHK-002250,BAT-000750,2024-08-22 23:12:36,arrival,5.02,16.4,9.5
CHK-002251,BAT-000751,2024-10-14 12:30:00,harvest,7.55,14.3,1.3
CHK-002252,BAT-000751,2024-12-27 12:12:36,pre_dispatch,7.25,11.8,6.9
CHK-002253,BAT-000751,2024-12-28 23:26:36,arrival,4.45,12.9,12.9
CHK-002254,BAT-000752,2024-07-27 13:15:00,harvest,6.52,15.7,2.6
CHK-002255,BAT-000752,2024-08-05 16:15:36,pre_dispatch,6.71,13.8,6.0
CHK-002256,BAT-000752,2024-08-06 00:42:48,arrival,7.09,15.3,5.4
CHK-002257,BAT-000753,2024-09-23 09:15:00,harvest,7.11,14.7,1.7
CHK-002258,BAT-000753,2024-12-04 08:46:48,pre_dispatch,7.34,12.2,7.4
CHK-002259,BAT-000753,2024-12-04 23:03:00,arrival,4.86,12.3,9.7
CHK-002260,BAT-000754,2024-10-21 07:45:00,harvest,8.47,12.2,2.0
CHK-002261,BAT-000754,2024-12-18 07:59:24,pre_dispatch,5.84,16.2,8.1
CHK-002262,BAT-000754,2024-12-19 04:04:48,arrival,5.95,16.2,16.2
CHK-002263,BAT-000755,2024-09-27 15:15:00,harvest,7.18,14.1,1.5
CHK-002264,BAT-000755,2025-01-28 18:21:00,pre_dispatch,5.22,13.4,2.8
CHK-002265,BAT-000755,2025-01-30 09:24:36,arrival,4.45,13.4,8.2
CHK-002266,BAT-000756,2024-09-24 09:00:00,harvest,7.12,13.3,1.8
CHK-002267,BAT-000756,2024-10-23 11:16:48,pre_dispatch,7.08,12.2,8.2
CHK-002268,BAT-000756,2024-10-23 20:27:24,arrival,5.11,13.6,9.9
CHK-002269,BAT-000757,2024-10-18 07:45:00,harvest,6.68,13.3,3.5
CHK-002270,BAT-000757,2024-11-25 11:05:24,pre_dispatch,5.32,16.3,5.7
CHK-002271,BAT-000757,2024-11-25 23:15:36,arrival,5.05,14.3,12.2
CHK-002272,BAT-000758,2024-10-03 11:30:00,harvest,6.92,12.4,1.4
CHK-002273,BAT-000758,2024-10-30 13:14:24,pre_dispatch,5.32,16.7,3.6
CHK-002274,BAT-000758,2024-10-30 22:05:00,arrival,7.0,14.0,5.1
CHK-002275,BAT-000759,2024-08-27 14:45:00,harvest,8.36,12.2,1.5
CHK-002276,BAT-000759,2025-01-27 14:38:24,pre_dispatch,5.16,15.5,4.9
CHK-002277,BAT-000759,2025-01-29 03:37:48,arrival,4.18,11.8,17.4
CHK-002278,BAT-000760,2024-09-10 09:45:00,harvest,7.23,13.4,3.8
CHK-002279,BAT-000760,2024-09-19 09:42:00,pre_dispatch,6.36,14.6,2.1
CHK-002280,BAT-000760,2024-09-20 22:59:24,arrival,6.75,14.6,2.8
CHK-002281,BAT-000761,2024-09-21 15:00:00,harvest,8.32,16.4,1.4
CHK-002282,BAT-000761,2024-11-24 17:51:36,pre_dispatch,5.36,16.9,4.2
CHK-002283,BAT-000761,2024-11-25 12:39:36,arrival,5.35,15.6,9.3
CHK-002284,BAT-000762,2024-09-20 12:00:00,harvest,8.42,16.2,2.9
CHK-002285,BAT-000762,2024-10-18 14:31:48,pre_dispatch,5.35,14.3,4.1
CHK-002286,BAT-000762,2024-10-19 01:48:24,arrival,7.17,16.2,6.5
CHK-002287,BAT-000763,2024-10-10 14:30:00,harvest,8.44,15.1,3.7
CHK-002288,BAT-000763,2025-01-28 14:28:48,pre_dispatch,6.56,15.9,6.2
CHK-002289,BAT-000763,2025-01-29 23:10:00,arrival,5.13,16.0,2.6
CHK-002290,BAT-000764,2024-10-05 12:15:00,harvest,8.4,15.7,2.1
CHK-002291,BAT-000764,2024-12-27 12:18:00,pre_dispatch,5.99,12.2,1.9
CHK-002292,BAT-000764,2024-12-28 01:00:00,arrival,6.83,15.8,17.7
CHK-002293,BAT-000765,2024-09-23 10:15:00,harvest,7.74,11.6,2.0
CHK-002294,BAT-000765,2024-11-30 14:06:00,pre_dispatch,5.05,13.3,5.6
CHK-002295,BAT-000765,2024-12-01 09:48:36,arrival,6.99,13.4,2.9
CHK-002296,BAT-000766,2024-08-07 09:30:00,harvest,8.44,11.9,2.1
CHK-002297,BAT-000766,2024-08-30 13:09:36,pre_dispatch,5.33,12.2,6.8
CHK-002298,BAT-000766,2024-09-01 07:49:48,arrival,4.97,16.9,2.7
CHK-002299,BAT-000767,2024-10-10 10:15:00,harvest,7.02,11.5,2.0
CHK-002300,BAT-000767,2024-10-21 10:39:36,pre_dispatch,7.62,12.9,6.3
CHK-002301,BAT-000767,2024-10-23 04:24:36,arrival,7.08,13.9,13.9
CHK-002302,BAT-000768,2024-10-02 07:15:00,harvest,7.19,15.2,0.8
CHK-002303,BAT-000768,2024-10-31 10:49:48,pre_dispatch,7.34,14.7,5.9
CHK-002304,BAT-000768,2024-11-02 04:03:48,arrival,5.54,14.6,14.2
CHK-002305,BAT-000769,2024-08-21 15:30:00,harvest,6.83,13.9,2.6
CHK-002306,BAT-000769,2025-01-31 17:38:24,pre_dispatch,5.94,15.6,6.1
CHK-002307,BAT-000769,2025-02-01 06:29:24,arrival,6.51,12.0,11.2
CHK-002308,BAT-000770,2024-10-07 13:30:00,harvest,7.1,15.5,1.0
CHK-002309,BAT-000770,2025-02-26 15:50:24,pre_dispatch,5.55,11.8,4.6
CHK-002310,BAT-000770,2025-02-27 04:38:48,arrival,6.44,12.9,17.9
CHK-002311,BAT-000771,2024-08-20 08:30:00,harvest,8.29,11.6,1.5
CHK-002312,BAT-000771,2024-10-29 12:12:00,pre_dispatch,6.15,14.8,3.8
CHK-002313,BAT-000771,2024-10-30 00:31:24,arrival,4.63,12.9,11.2
CHK-002314,BAT-000772,2024-10-10 10:45:00,harvest,6.81,11.3,2.1
CHK-002315,BAT-000772,2025-02-14 13:18:36,pre_dispatch,6.7,15.2,4.8
CHK-002316,BAT-000772,2025-02-15 09:04:36,arrival,4.19,13.1,17.3
CHK-002317,BAT-000773,2024-09-22 10:45:00,harvest,6.56,12.6,0.6
CHK-002318,BAT-000773,2025-02-27 13:48:36,pre_dispatch,5.6,13.5,7.6
CHK-002319,BAT-000773,2025-02-28 08:27:00,arrival,4.77,11.9,17.5
CHK-002320,BAT-000774,2024-07-08 14:00:00,harvest,6.97,12.6,3.2
CHK-002321,BAT-000774,2024-07-27 14:03:36,pre_dispatch,6.04,15.6,8.3
CHK-002322,BAT-000774,2024-07-29 03:07:12,arrival,6.35,14.3,9.0
CHK-002323,BAT-000775,2024-09-23 08:15:00,harvest,6.95,12.0,1.5
CHK-002324,BAT-000775,2024-12-17 09:41:24,pre_dispatch,5.8,12.5,7.5
CHK-002325,BAT-000775,2024-12-19 05:25:24,arrival,4.57,15.2,14.6
CHK-002326,BAT-000776,2024-09-28 08:15:00,harvest,7.55,16.2,2.8
CHK-002327,BAT-000776,2025-01-16 10:31:48,pre_dispatch,6.11,12.0,3.1
CHK-002328,BAT-000776,2025-01-16 23:16:12,arrival,4.16,14.3,5.1
CHK-002329,BAT-000777,2024-08-30 08:15:00,harvest,6.87,12.8,3.8
CHK-002330,BAT-000777,2025-01-16 07:48:00,pre_dispatch,6.95,15.0,5.2
CHK-002331,BAT-000777,2025-01-16 19:50:36,arrival,5.11,13.7,17.5
CHK-002332,BAT-000778,2024-08-11 13:45:00,harvest,8.05,13.9,1.5
CHK-002333,BAT-000778,2024-08-29 16:28:48,pre_dispatch,6.98,14.9,1.5
CHK-002334,BAT-000778,2024-08-30 11:22:36,arrival,6.06,16.5,6.1
CHK-002335,BAT-000779,2024-10-10 11:00:00,harvest,8.12,15.6,1.1
CHK-002336,BAT-000779,2024-11-01 13:11:24,pre_dispatch,6.0,15.8,7.3
CHK-002337,BAT-000779,2024-11-02 06:59:24,arrival,6.29,13.9,14.4
CHK-002338,BAT-000780,2024-10-06 14:15:00,harvest,8.34,14.1,2.8
CHK-002339,BAT-000780,2024-10-25 17:32:24,pre_dispatch,5.07,16.6,6.7
CHK-002340,BAT-000780,2024-10-26 05:44:00,arrival,7.13,16.2,17.7
CHK-002341,BAT-000781,2024-08-25 13:30:00,harvest,7.79,13.0,3.9
CHK-002342,BAT-000781,2024-12-07 14:48:00,pre_dispatch,5.89,16.3,2.9
CHK-002343,BAT-000781,2024-12-08 00:53:36,arrival,4.14,15.9,13.3
CHK-002344,BAT-000782,2024-09-13 13:30:00,harvest,6.53,11.2,1.2
CHK-002345,BAT-000782,2024-12-09 16:21:00,pre_dispatch,6.2,14.9,7.2
CHK-002346,BAT-000782,2024-12-11 08:36:36,arrival,4.07,13.8,6.5
CHK-002347,BAT-000783,2024-10-13 08:30:00,harvest,7.57,11.5,1.8
CHK-002348,BAT-000783,2025-02-11 10:59:24,pre_dispatch,6.64,15.1,6.4
CHK-002349,BAT-000783,2025-02-12 07:15:48,arrival,6.45,13.0,6.3
CHK-002350,BAT-000784,2024-09-06 13:15:00,harvest,6.91,14.0,3.6
CHK-002351,BAT-000784,2024-12-27 13:40:12,pre_dispatch,6.62,16.3,6.6
CHK-002352,BAT-000784,2024-12-28 09:14:12,arrival,6.32,12.1,16.0
CHK-002353,BAT-000785,2024-10-24 12:15:00,harvest,7.42,15.8,1.8
CHK-002354,BAT-000785,2024-12-10 13:44:24,pre_dispatch,6.42,11.7,1.1
CHK-002355,BAT-000785,2024-12-12 02:38:00,arrival,5.17,17.0,17.7
CHK-002356,BAT-000786,2024-09-15 11:45:00,harvest,6.63,13.3,2.4
CHK-002357,BAT-000786,2024-10-05 14:14:24,pre_dispatch,6.82,14.8,1.4
CHK-002358,BAT-000786,2024-10-07 08:39:12,arrival,6.69,11.6,14.0
CHK-002359,BAT-000787,2024-09-22 14:45:00,harvest,7.5,14.2,2.8
CHK-002360,BAT-000787,2024-10-12 17:16:48,pre_dispatch,5.81,16.4,2.6
CHK-002361,BAT-000787,2024-10-13 11:53:36,arrival,5.63,11.6,4.4
CHK-002362,BAT-000788,2024-09-19 07:15:00,harvest,7.92,14.5,1.6
CHK-002363,BAT-000788,2025-01-27 08:18:00,pre_dispatch,6.17,13.9,5.8
CHK-002364,BAT-000788,2025-01-27 16:33:36,arrival,4.44,14.8,14.5
CHK-002365,BAT-000789,2024-09-18 12:30:00,harvest,7.78,16.2,2.4
CHK-002366,BAT-000789,2024-12-13 15:51:36,pre_dispatch,5.0,14.2,3.1
CHK-002367,BAT-000789,2024-12-14 12:27:00,arrival,5.65,16.2,17.6
CHK-002368,BAT-000790,2024-09-22 13:30:00,harvest,8.46,15.0,3.9
CHK-002369,BAT-000790,2025-02-01 14:16:12,pre_dispatch,7.28,14.3,1.6
CHK-002370,BAT-000790,2025-02-02 03:49:48,arrival,4.08,12.2,5.6
CHK-002371,BAT-000791,2024-05-26 10:15:00,harvest,7.25,11.3,2.3
CHK-002372,BAT-000791,2024-05-31 13:41:24,pre_dispatch,6.17,16.0,4.2
CHK-002373,BAT-000791,2024-06-02 08:35:48,arrival,6.35,13.0,8.8
CHK-002374,BAT-000792,2024-10-09 11:45:00,harvest,7.83,12.5,3.8
CHK-002375,BAT-000792,2025-02-08 13:04:48,pre_dispatch,5.8,16.5,4.2
CHK-002376,BAT-000792,2025-02-08 21:48:00,arrival,6.69,16.0,5.5
CHK-002377,BAT-000793,2024-05-31 10:45:00,harvest,6.85,14.5,1.6
CHK-002378,BAT-000793,2024-06-09 12:02:24,pre_dispatch,5.2,11.9,5.4
CHK-002379,BAT-000793,2024-06-09 20:47:24,arrival,6.91,12.3,14.6
CHK-002380,BAT-000794,2024-09-30 11:15:00,harvest,7.88,14.5,1.8
CHK-002381,BAT-000794,2024-10-24 14:01:48,pre_dispatch,7.02,12.0,7.9
CHK-002382,BAT-000794,2024-10-26 01:12:36,arrival,5.26,13.6,13.0
CHK-002383,BAT-000795,2024-08-24 13:30:00,harvest,7.89,11.8,3.7
CHK-002384,BAT-000795,2025-01-29 14:13:12,pre_dispatch,7.56,11.6,1.1
CHK-002385,BAT-000795,2025-01-31 04:44:12,arrival,7.07,12.4,11.0
CHK-002386,BAT-000796,2024-10-06 11:00:00,harvest,7.31,15.3,1.2
CHK-002387,BAT-000796,2024-12-13 12:49:12,pre_dispatch,7.35,15.1,5.5
CHK-002388,BAT-000796,2024-12-14 20:07:24,arrival,4.64,15.9,14.9
CHK-002389,BAT-000797,2024-07-21 09:00:00,harvest,6.8,15.5,2.0
CHK-002390,BAT-000797,2024-07-30 11:34:12,pre_dispatch,7.11,16.7,5.8
CHK-002391,BAT-000797,2024-08-01 00:15:00,arrival,5.23,14.8,8.1
CHK-002392,BAT-000798,2024-10-14 11:15:00,harvest,7.69,14.8,3.9
CHK-002393,BAT-000798,2025-02-18 12:34:48,pre_dispatch,6.9,13.7,3.1
CHK-002394,BAT-000798,2025-02-19 23:52:12,arrival,7.17,15.7,9.0
CHK-002395,BAT-000799,2024-09-06 07:45:00,harvest,7.36,12.2,2.0
CHK-002396,BAT-000799,2024-11-29 07:52:48,pre_dispatch,5.95,16.0,6.8
CHK-002397,BAT-000799,2024-11-30 19:13:12,arrival,4.62,13.9,4.9
CHK-002398,BAT-000800,2024-08-01 10:15:00,harvest,8.14,12.4,2.0
CHK-002399,BAT-000800,2024-08-13 13:00:00,pre_dispatch,5.92,14.6,7.5
CHK-002400,BAT-000800,2024-08-14 22:01:00,arrival,6.44,14.8,6.7
CHK-002401,BAT-000801,2024-08-23 09:30:00,harvest,7.49,11.1,3.1
CHK-002402,BAT-000801,2024-09-22 10:16:48,pre_dispatch,5.05,14.9,1.6
CHK-002403,BAT-000801,2024-09-23 04:12:36,arrival,4.34,12.5,7.4
CHK-002404,BAT-000802,2024-09-13 13:00:00,harvest,7.55,13.2,0.7
CHK-002405,BAT-000802,2024-11-30 15:19:48,pre_dispatch,6.27,14.9,5.5
CHK-002406,BAT-000802,2024-12-01 23:13:48,arrival,5.26,16.6,1.9
CHK-002407,BAT-000803,2024-06-15 07:15:00,harvest,8.42,12.0,2.5
CHK-002408,BAT-000803,2024-06-18 07:06:00,pre_dispatch,5.12,17.0,4.9
CHK-002409,BAT-000803,2024-06-18 16:00:00,arrival,6.17,13.9,3.8
CHK-002410,BAT-000804,2024-09-22 09:00:00,harvest,8.17,16.2,0.6
CHK-002411,BAT-000804,2024-10-06 11:13:48,pre_dispatch,6.22,13.9,7.9
CHK-002412,BAT-000804,2024-10-08 06:31:36,arrival,6.33,13.1,14.9
CHK-002413,BAT-000805,2024-08-26 09:15:00,harvest,7.64,11.2,1.7
CHK-002414,BAT-000805,2024-11-28 11:24:00,pre_dispatch,7.6,13.5,5.7
CHK-002415,BAT-000805,2024-11-28 19:22:24,arrival,5.68,13.2,17.6
CHK-002416,BAT-000806,2024-09-17 08:30:00,harvest,6.56,12.5,3.4
CHK-002417,BAT-000806,2024-11-30 09:29:24,pre_dispatch,6.62,12.8,2.1
CHK-002418,BAT-000806,2024-12-01 18:18:36,arrival,4.91,14.6,15.6
CHK-002419,BAT-000807,2024-09-22 14:45:00,harvest,8.44,14.6,2.0
CHK-002420,BAT-000807,2024-09-29 15:19:12,pre_dispatch,7.28,16.5,1.8
CHK-002421,BAT-000807,2024-09-29 23:31:12,arrival,4.75,14.4,15.4
CHK-002422,BAT-000808,2024-10-07 11:30:00,harvest,8.34,11.2,3.4
CHK-002423,BAT-000808,2024-11-28 14:43:48,pre_dispatch,5.76,12.0,5.2
CHK-002424,BAT-000808,2024-11-29 03:04:36,arrival,4.15,13.1,6.4
CHK-002425,BAT-000809,2024-08-25 10:00:00,harvest,6.78,14.2,1.9
CHK-002426,BAT-000809,2025-01-01 10:05:24,pre_dispatch,6.31,15.6,2.5
CHK-002427,BAT-000809,2025-01-02 05:25:12,arrival,5.61,11.8,2.3
CHK-002428,BAT-000810,2024-10-13 09:45:00,harvest,7.66,13.0,1.9
CHK-002429,BAT-000810,2024-12-04 13:08:24,pre_dispatch,7.29,15.0,2.3
CHK-002430,BAT-000810,2024-12-06 00:58:36,arrival,4.38,13.3,4.8
CHK-002431,BAT-000811,2024-09-01 10:15:00,harvest,8.31,12.8,1.7
CHK-002432,BAT-000811,2024-09-14 11:28:48,pre_dispatch,6.35,12.8,2.2
CHK-002433,BAT-000811,2024-09-15 00:59:12,arrival,5.5,12.4,16.5
CHK-002434,BAT-000812,2024-09-23 08:30:00,harvest,6.64,13.9,1.5
CHK-002435,BAT-000812,2025-01-14 11:12:36,pre_dispatch,5.12,15.7,3.8
CHK-002436,BAT-000812,2025-01-14 18:41:36,arrival,4.1,15.8,5.8
CHK-002437,BAT-000813,2024-09-13 07:00:00,harvest,8.08,12.2,2.1
CHK-002438,BAT-000813,2024-12-23 07:03:00,pre_dispatch,6.76,14.3,5.5
CHK-002439,BAT-000813,2024-12-23 20:32:24,arrival,4.9,15.9,14.6
CHK-002440,BAT-000814,2024-08-28 11:15:00,harvest,8.42,12.2,1.3
CHK-002441,BAT-000814,2025-02-18 11:16:12,pre_dispatch,5.43,13.9,3.3
CHK-002442,BAT-000814,2025-02-20 05:44:48,arrival,6.29,12.0,2.0
CHK-002443,BAT-000815,2024-08-25 11:45:00,harvest,8.03,16.0,1.5
CHK-002444,BAT-000815,2024-11-12 15:40:12,pre_dispatch,6.13,15.8,5.3
CHK-002445,BAT-000815,2024-11-14 10:10:48,arrival,6.66,15.2,1.8
CHK-002446,BAT-000816,2024-09-03 13:45:00,harvest,8.49,13.3,3.5
CHK-002447,BAT-000816,2024-10-05 15:07:48,pre_dispatch,5.29,13.5,2.8
CHK-002448,BAT-000816,2024-10-06 10:12:24,arrival,5.18,16.1,17.7
CHK-002449,BAT-000817,2024-08-30 15:15:00,harvest,8.15,11.1,2.8
CHK-002450,BAT-000817,2024-09-07 19:03:00,pre_dispatch,7.79,13.1,3.5
CHK-002451,BAT-000817,2024-09-08 02:46:36,arrival,4.54,11.7,17.1
CHK-002452,BAT-000818,2024-10-18 15:45:00,harvest,8.32,12.2,0.8
CHK-002453,BAT-000818,2025-01-04 18:28:48,pre_dispatch,7.77,15.6,3.5
CHK-002454,BAT-000818,2025-01-06 03:12:48,arrival,4.34,17.2,4.3
CHK-002455,BAT-000819,2024-10-06 11:15:00,harvest,7.71,11.5,1.0
CHK-002456,BAT-000819,2024-10-27 12:48:36,pre_dispatch,7.46,14.3,1.6
CHK-002457,BAT-000819,2024-10-28 00:31:36,arrival,6.27,17.2,3.7
CHK-002458,BAT-000820,2024-09-12 12:30:00,harvest,8.04,11.6,2.8
CHK-002459,BAT-000820,2025-01-02 14:48:36,pre_dispatch,7.16,15.5,3.5
CHK-002460,BAT-000820,2025-01-04 03:59:48,arrival,6.52,13.0,7.7
CHK-002461,BAT-000821,2024-10-12 09:00:00,harvest,6.78,11.2,2.5
CHK-002462,BAT-000821,2025-01-07 10:07:48,pre_dispatch,5.59,12.2,3.4
CHK-002463,BAT-000821,2025-01-07 18:07:48,arrival,6.84,13.4,15.1
CHK-002464,BAT-000822,2024-08-14 15:30:00,harvest,7.64,14.8,3.8
CHK-002465,BAT-000822,2024-08-17 15:06:36,pre_dispatch,7.05,16.9,8.3
CHK-002466,BAT-000822,2024-08-18 22:24:36,arrival,5.01,15.3,6.8
CHK-002467,BAT-000823,2024-09-09 09:00:00,harvest,6.59,11.1,0.8
CHK-002468,BAT-000823,2024-11-15 08:30:00,pre_dispatch,6.97,12.0,8.2
CHK-002469,BAT-000823,2024-11-15 21:20:48,arrival,6.54,14.2,13.1
CHK-002470,BAT-000824,2024-09-15 13:15:00,harvest,7.48,11.8,2.9
CHK-002471,BAT-000824,2024-10-13 15:10:12,pre_dispatch,5.25,14.2,7.9
CHK-002472,BAT-000824,2024-10-14 09:10:24,arrival,4.8,13.8,10.9
CHK-002473,BAT-000825,2024-10-12 08:30:00,harvest,7.66,15.8,3.9
CHK-002474,BAT-000825,2024-12-13 09:26:24,pre_dispatch,6.14,14.4,8.3
CHK-002475,BAT-000825,2024-12-13 18:31:00,arrival,7.02,12.0,6.8
CHK-002476,BAT-000826,2024-10-20 09:45:00,harvest,6.73,12.3,2.6
CHK-002477,BAT-000826,2025-01-12 11:02:24,pre_dispatch,5.47,14.2,5.3
CHK-002478,BAT-000826,2025-01-13 23:52:00,arrival,5.81,16.7,17.4
CHK-002479,BAT-000827,2024-10-06 15:00:00,harvest,7.54,14.6,2.0
CHK-002480,BAT-000827,2024-12-02 15:15:00,pre_dispatch,7.34,14.2,8.5
CHK-002481,BAT-000827,2024-12-03 11:42:48,arrival,5.92,16.7,13.3
CHK-002482,BAT-000828,2024-10-23 14:00:00,harvest,7.0,16.4,1.3
CHK-002483,BAT-000828,2024-12-28 13:53:24,pre_dispatch,6.5,15.5,1.4
CHK-002484,BAT-000828,2024-12-29 09:45:36,arrival,6.45,15.0,14.9
CHK-002485,BAT-000829,2024-08-03 10:45:00,harvest,7.92,14.7,2.1
CHK-002486,BAT-000829,2024-08-09 14:28:12,pre_dispatch,5.3,15.6,8.4
CHK-002487,BAT-000829,2024-08-10 09:24:48,arrival,6.72,15.6,8.4
CHK-002488,BAT-000830,2024-10-11 15:45:00,harvest,8.5,15.7,3.8
CHK-002489,BAT-000830,2024-12-17 16:19:12,pre_dispatch,6.67,11.9,5.4
CHK-002490,BAT-000830,2024-12-17 23:52:12,arrival,6.67,15.2,2.0
CHK-002491,BAT-000831,2024-07-05 10:45:00,harvest,7.09,15.2,3.3
CHK-002492,BAT-000831,2024-07-08 11:12:36,pre_dispatch,6.18,13.8,1.7
CHK-002493,BAT-000831,2024-07-10 13:18:12,arrival,4.71,15.5,13.0
CHK-002494,BAT-000832,2024-07-24 09:15:00,harvest,7.04,15.6,0.9
CHK-002495,BAT-000832,2024-08-03 09:44:24,pre_dispatch,6.81,15.6,2.9
CHK-002496,BAT-000832,2024-08-03 20:07:00,arrival,5.28,11.6,3.1
CHK-002497,BAT-000833,2024-06-22 07:15:00,harvest,7.66,12.3,3.2
CHK-002498,BAT-000833,2024-06-26 07:53:24,pre_dispatch,6.71,16.6,1.1
CHK-002499,BAT-000833,2024-06-28 01:09:36,arrival,4.57,14.3,5.4
CHK-002500,BAT-000834,2024-08-06 10:00:00,harvest,8.15,11.9,3.5
CHK-002501,BAT-000834,2024-08-27 12:16:12,pre_dispatch,7.11,14.5,2.5
CHK-002502,BAT-000834,2024-08-29 07:59:24,arrival,6.77,11.7,9.5
CHK-002503,BAT-000835,2024-10-03 11:45:00,harvest,8.01,14.2,1.3
CHK-002504,BAT-000835,2024-12-30 12:02:24,pre_dispatch,7.05,13.7,3.5
CHK-002505,BAT-000835,2024-12-31 07:40:00,arrival,7.16,16.3,10.6
CHK-002506,BAT-000836,2024-08-18 13:00:00,harvest,7.48,11.2,1.2
CHK-002507,BAT-000836,2024-09-13 15:52:12,pre_dispatch,7.58,13.0,8.4
CHK-002508,BAT-000836,2024-09-14 04:34:24,arrival,5.46,13.7,17.2
CHK-002509,BAT-000837,2024-08-25 14:30:00,harvest,7.15,14.7,2.0
CHK-002510,BAT-000837,2024-12-25 15:30:00,pre_dispatch,6.3,13.2,4.4
CHK-002511,BAT-000837,2024-12-25 23:59:00,arrival,4.41,16.4,3.0
CHK-002512,BAT-000838,2024-09-08 08:15:00,harvest,6.7,15.0,0.5
CHK-002513,BAT-000838,2024-11-18 10:25:48,pre_dispatch,6.4,13.2,1.3
CHK-002514,BAT-000838,2024-11-19 06:25:36,arrival,4.15,16.5,3.8
CHK-002515,BAT-000839,2024-10-15 07:00:00,harvest,8.3,15.0,3.7
CHK-002516,BAT-000839,2024-12-11 07:58:12,pre_dispatch,5.95,16.2,2.3
CHK-002517,BAT-000839,2024-12-12 20:03:24,arrival,4.51,12.6,3.1
CHK-002518,BAT-000840,2024-09-16 13:15:00,harvest,7.25,13.4,2.8
CHK-002519,BAT-000840,2025-02-06 16:38:24,pre_dispatch,6.83,16.7,4.6
CHK-002520,BAT-000840,2025-02-07 00:50:24,arrival,5.85,17.1,16.3
CHK-002521,BAT-000841,2024-09-18 12:00:00,harvest,7.26,15.3,0.8
CHK-002522,BAT-000841,2025-01-23 14:17:24,pre_dispatch,7.44,16.7,7.2
CHK-002523,BAT-000841,2025-01-23 23:47:48,arrival,6.22,16.7,6.6
CHK-002524,BAT-000842,2024-07-28 09:00:00,harvest,6.91,13.2,1.4
CHK-002525,BAT-000842,2024-07-31 10:34:48,pre_dispatch,6.67,14.6,6.6
CHK-002526,BAT-000842,2024-07-31 18:13:12,arrival,6.11,11.5,10.2
CHK-002527,BAT-000843,2024-09-06 09:00:00,harvest,7.02,13.1,1.3
CHK-002528,BAT-000843,2024-09-15 11:46:48,pre_dispatch,5.9,12.3,5.9
CHK-002529,BAT-000843,2024-09-16 08:18:00,arrival,6.33,12.9,9.0
CHK-002530,BAT-000844,2024-09-30 09:15:00,harvest,8.36,13.5,3.5
CHK-002531,BAT-000844,2024-12-23 10:05:24,pre_dispatch,7.28,15.1,3.4
CHK-002532,BAT-000844,2024-12-23 18:10:12,arrival,7.04,14.4,4.5
CHK-002533,BAT-000845,2024-10-03 10:15:00,harvest,8.11,14.6,1.5
CHK-002534,BAT-000845,2025-02-05 09:48:00,pre_dispatch,7.1,11.8,6.0
CHK-002535,BAT-000845,2025-02-07 04:28:48,arrival,5.79,13.0,4.6
CHK-002536,BAT-000846,2024-05-28 09:15:00,harvest,7.0,14.4,1.9
CHK-002537,BAT-000846,2024-05-31 10:32:24,pre_dispatch,5.42,15.5,2.5
CHK-002538,BAT-000846,2024-06-01 22:11:00,arrival,4.82,16.7,17.6
CHK-002539,BAT-000847,2024-07-27 09:00:00,harvest,6.88,12.0,1.0
CHK-002540,BAT-000847,2024-08-01 11:27:00,pre_dispatch,5.36,14.5,2.7
CHK-002541,BAT-000847,2024-08-01 23:17:24,arrival,4.61,13.8,8.5
CHK-002542,BAT-000848,2024-09-18 08:00:00,harvest,6.86,12.4,2.5
CHK-002543,BAT-000848,2024-10-31 07:39:36,pre_dispatch,5.19,16.4,5.2
CHK-002544,BAT-000848,2024-11-01 05:49:00,arrival,6.27,13.5,12.9
CHK-002545,BAT-000849,2024-10-17 08:00:00,harvest,8.06,12.7,1.3
CHK-002546,BAT-000849,2024-12-07 07:31:12,pre_dispatch,5.43,14.0,5.6
CHK-002547,BAT-000849,2024-12-07 16:10:12,arrival,5.39,13.7,15.1
CHK-002548,BAT-000850,2024-09-23 07:45:00,harvest,7.22,12.1,1.2
CHK-002549,BAT-000850,2025-01-11 08:33:00,pre_dispatch,5.62,16.1,4.3
CHK-002550,BAT-000850,2025-01-12 03:40:12,arrival,5.28,12.0,10.3
CHK-002551,BAT-000851,2024-09-06 09:45:00,harvest,8.29,15.2,1.6
CHK-002552,BAT-000851,2024-10-11 11:12:36,pre_dispatch,6.27,14.6,7.5
CHK-002553,BAT-000851,2024-10-12 07:50:12,arrival,5.49,12.6,6.8
CHK-002554,BAT-000852,2024-08-09 09:00:00,harvest,6.7,14.3,1.6
CHK-002555,BAT-000852,2024-08-24 11:34:12,pre_dispatch,7.66,14.0,7.2
CHK-002556,BAT-000852,2024-08-25 23:18:48,arrival,6.71,12.4,6.0
CHK-002557,BAT-000853,2024-07-07 07:45:00,harvest,7.9,12.5,0.5
CHK-002558,BAT-000853,2024-07-21 07:55:48,pre_dispatch,5.27,14.8,6.4
CHK-002559,BAT-000853,2024-07-22 03:27:48,arrival,6.27,14.6,17.6
CHK-002560,BAT-000854,2024-09-22 11:30:00,harvest,8.47,12.6,0.5
CHK-002561,BAT-000854,2024-11-27 11:33:36,pre_dispatch,5.66,14.6,2.9
CHK-002562,BAT-000854,2024-11-28 06:58:48,arrival,4.75,14.8,7.7
CHK-002563,BAT-000855,2024-09-03 11:30:00,harvest,7.61,15.2,3.9
CHK-002564,BAT-000855,2024-10-15 15:07:12,pre_dispatch,5.26,13.9,6.4
CHK-002565,BAT-000855,2024-10-16 23:29:48,arrival,4.73,13.0,3.7
CHK-002566,BAT-000856,2024-08-06 14:15:00,harvest,6.9,11.6,3.0
CHK-002567,BAT-000856,2024-08-22 15:46:48,pre_dispatch,6.25,12.7,1.5
CHK-002568,BAT-000856,2024-08-24 00:43:48,arrival,7.17,13.8,14.9
CHK-002569,BAT-000857,2024-09-11 08:45:00,harvest,7.93,14.2,3.3
CHK-002570,BAT-000857,2024-10-06 08:57:00,pre_dispatch,5.35,12.0,3.1
CHK-002571,BAT-000857,2024-10-08 02:57:36,arrival,4.22,12.5,4.9
CHK-002572,BAT-000858,2024-10-03 11:15:00,harvest,7.02,16.0,1.7
CHK-002573,BAT-000858,2024-11-21 13:22:12,pre_dispatch,6.58,11.8,6.1
CHK-002574,BAT-000858,2024-11-21 23:06:00,arrival,5.36,11.5,8.9
CHK-002575,BAT-000859,2024-09-11 10:00:00,harvest,6.53,13.5,2.4
CHK-002576,BAT-000859,2024-11-16 13:13:12,pre_dispatch,5.48,15.5,1.0
CHK-002577,BAT-000859,2024-11-17 06:48:00,arrival,7.12,15.4,15.3
CHK-002578,BAT-000860,2024-08-18 14:15:00,harvest,8.2,12.6,1.7
CHK-002579,BAT-000860,2024-09-27 18:05:24,pre_dispatch,7.53,15.7,1.8
CHK-002580,BAT-000860,2024-09-28 06:27:24,arrival,4.12,16.9,6.7
CHK-002581,BAT-000861,2024-09-03 09:45:00,harvest,6.91,15.0,1.0
CHK-002582,BAT-000861,2024-10-17 11:26:24,pre_dispatch,5.44,16.8,1.1
CHK-002583,BAT-000861,2024-10-18 13:20:12,arrival,7.16,17.0,3.3
CHK-002584,BAT-000862,2024-09-20 10:00:00,harvest,7.1,16.0,1.9
CHK-002585,BAT-000862,2024-12-05 11:11:24,pre_dispatch,6.24,14.2,6.7
CHK-002586,BAT-000862,2024-12-06 00:37:12,arrival,7.06,17.2,1.7
CHK-002587,BAT-000863,2024-09-01 13:00:00,harvest,6.95,13.0,2.1
CHK-002588,BAT-000863,2024-12-28 14:58:48,pre_dispatch,6.54,11.6,7.6
CHK-002589,BAT-000863,2024-12-30 09:41:00,arrival,4.08,15.9,12.6
CHK-002590,BAT-000864,2024-08-31 11:30:00,harvest,6.72,13.0,1.8
CHK-002591,BAT-000864,2024-09-09 13:06:36,pre_dispatch,5.57,12.8,6.1
CHK-002592,BAT-000864,2024-09-11 00:46:00,arrival,6.2,14.0,4.1
CHK-002593,BAT-000865,2024-10-21 13:00:00,harvest,6.54,15.4,2.5
CHK-002594,BAT-000865,2024-12-12 16:12:36,pre_dispatch,6.92,14.4,1.0
CHK-002595,BAT-000865,2024-12-13 01:18:24,arrival,4.96,16.9,17.0
CHK-002596,BAT-000866,2024-09-25 14:45:00,harvest,7.74,13.5,1.8
CHK-002597,BAT-000866,2025-02-06 18:19:12,pre_dispatch,5.34,14.4,3.2
CHK-002598,BAT-000866,2025-02-07 03:16:12,arrival,6.06,14.4,2.5
CHK-002599,BAT-000867,2024-08-22 14:45:00,harvest,6.7,15.7,1.4
CHK-002600,BAT-000867,2025-01-05 16:29:24,pre_dispatch,6.12,15.0,3.1
CHK-002601,BAT-000867,2025-01-06 06:33:36,arrival,5.66,14.8,9.9
CHK-002602,BAT-000868,2024-09-20 15:45:00,harvest,7.25,11.9,2.9
CHK-002603,BAT-000868,2025-01-27 18:40:12,pre_dispatch,5.42,16.2,5.8
CHK-002604,BAT-000868,2025-01-29 02:49:12,arrival,4.97,16.8,11.5
CHK-002605,BAT-000869,2024-08-12 15:30:00,harvest,6.57,15.7,2.6
CHK-002606,BAT-000869,2024-09-01 17:10:48,pre_dispatch,7.32,13.0,1.7
CHK-002607,BAT-000869,2024-09-03 10:38:00,arrival,6.86,16.9,6.8
CHK-002608,BAT-000870,2024-10-08 14:15:00,harvest,7.88,15.8,1.9
CHK-002609,BAT-000870,2025-01-08 14:40:12,pre_dispatch,5.34,11.8,4.7
CHK-002610,BAT-000870,2025-01-09 04:27:24,arrival,6.07,16.4,7.6
CHK-002611,BAT-000871,2024-10-17 13:45:00,harvest,8.47,15.7,3.8
CHK-002612,BAT-000871,2024-12-10 13:46:12,pre_dispatch,7.2,16.0,5.8
CHK-002613,BAT-000871,2024-12-12 08:07:12,arrival,4.23,13.1,1.9
CHK-002614,BAT-000872,2024-08-01 12:45:00,harvest,6.9,14.0,2.2
CHK-002615,BAT-000872,2024-08-11 13:34:48,pre_dispatch,7.75,14.3,3.2
CHK-002616,BAT-000872,2024-08-12 06:34:48,arrival,5.24,11.7,16.1
CHK-002617,BAT-000873,2024-09-23 10:30:00,harvest,7.73,14.6,2.9
CHK-002618,BAT-000873,2024-10-17 12:23:24,pre_dispatch,5.35,11.5,4.3
CHK-002619,BAT-000873,2024-10-18 19:31:12,arrival,7.16,12.0,5.4
CHK-002620,BAT-000874,2024-08-06 07:00:00,harvest,6.69,14.7,1.2
CHK-002621,BAT-000874,2024-08-11 08:56:24,pre_dispatch,5.8,16.9,4.1
CHK-002622,BAT-000874,2024-08-12 16:42:36,arrival,4.1,14.3,3.2
CHK-002623,BAT-000875,2024-08-19 07:00:00,harvest,6.68,11.5,2.5
CHK-002624,BAT-000875,2024-08-23 09:37:12,pre_dispatch,7.01,13.1,5.2
CHK-002625,BAT-000875,2024-08-24 18:50:00,arrival,6.72,15.0,15.7
CHK-002626,BAT-000876,2024-08-03 12:15:00,harvest,6.9,13.1,1.7
CHK-002627,BAT-000876,2024-08-23 13:19:48,pre_dispatch,7.54,15.0,1.0
CHK-002628,BAT-000876,2024-08-23 22:51:00,arrival,6.51,16.1,3.6
CHK-002629,BAT-000877,2024-09-21 10:00:00,harvest,7.7,15.9,3.1
CHK-002630,BAT-000877,2024-11-19 11:13:12,pre_dispatch,7.19,13.9,5.6
CHK-002631,BAT-000877,2024-11-20 06:15:48,arrival,4.95,13.3,9.0
CHK-002632,BAT-000878,2024-10-25 09:45:00,harvest,7.71,13.3,3.2
CHK-002633,BAT-000878,2025-01-17 10:15:00,pre_dispatch,7.45,13.5,4.6
CHK-002634,BAT-000878,2025-01-18 18:47:24,arrival,6.36,15.1,5.4
CHK-002635,BAT-000879,2024-10-08 08:30:00,harvest,8.45,13.3,4.0
CHK-002636,BAT-000879,2024-10-23 08:08:24,pre_dispatch,7.19,14.8,1.9
CHK-002637,BAT-000879,2024-10-24 20:15:00,arrival,5.9,15.2,3.8
CHK-002638,BAT-000880,2024-08-26 13:00:00,harvest,8.04,11.1,2.6
CHK-002639,BAT-000880,2024-10-25 16:37:12,pre_dispatch,6.5,14.2,1.4
CHK-002640,BAT-000880,2024-10-26 13:06:00,arrival,6.45,12.8,13.9
CHK-002641,BAT-000881,2024-09-07 10:45:00,harvest,6.72,13.7,2.7
CHK-002642,BAT-000881,2024-10-07 13:18:36,pre_dispatch,5.03,12.5,1.5
CHK-002643,BAT-000881,2024-10-09 06:43:24,arrival,4.37,11.8,11.0
CHK-002644,BAT-000882,2024-09-10 15:45:00,harvest,8.38,14.8,3.6
CHK-002645,BAT-000882,2024-09-27 15:48:00,pre_dispatch,5.63,14.3,2.1
CHK-002646,BAT-000882,2024-09-28 12:46:48,arrival,7.04,11.7,17.5
CHK-002647,BAT-000883,2024-10-05 12:00:00,harvest,7.17,15.8,0.7
CHK-002648,BAT-000883,2025-01-19 12:22:48,pre_dispatch,6.85,13.0,6.3
CHK-002649,BAT-000883,2025-01-20 06:53:00,arrival,6.95,11.9,12.3
CHK-002650,BAT-000884,2024-09-09 11:15:00,harvest,8.46,14.8,3.6
CHK-002651,BAT-000884,2024-10-08 10:46:12,pre_dispatch,7.61,16.3,3.4
CHK-002652,BAT-000884,2024-10-08 18:36:36,arrival,5.83,16.5,8.7
CHK-002653,BAT-000885,2024-10-01 12:45:00,harvest,8.4,12.5,1.7
CHK-002654,BAT-000885,2024-11-09 16:22:48,pre_dispatch,7.33,13.9,1.4
CHK-002655,BAT-000885,2024-11-10 00:34:48,arrival,4.33,12.6,6.1
CHK-002656,BAT-000886,2024-06-30 09:15:00,harvest,6.72,11.3,3.8
CHK-002657,BAT-000886,2024-07-15 10:49:48,pre_dispatch,5.67,14.4,7.2
CHK-002658,BAT-000886,2024-07-16 19:28:12,arrival,6.23,13.1,3.7
CHK-002659,BAT-000887,2024-09-16 12:30:00,harvest,6.96,15.9,1.8
CHK-002660,BAT-000887,2024-09-24 14:56:24,pre_dispatch,7.79,17.0,1.1
CHK-002661,BAT-000887,2024-09-24 22:38:48,arrival,4.94,12.7,4.4
CHK-002662,BAT-000888,2024-09-08 13:00:00,harvest,8.38,13.2,1.8
CHK-002663,BAT-000888,2024-11-18 14:23:24,pre_dispatch,5.17,15.8,5.9
CHK-002664,BAT-000888,2024-11-19 03:48:48,arrival,4.19,15.5,17.5
CHK-002665,BAT-000889,2024-09-01 09:30:00,harvest,8.24,15.9,0.8
CHK-002666,BAT-000889,2024-09-29 12:01:12,pre_dispatch,7.39,13.9,3.0
CHK-002667,BAT-000889,2024-10-01 06:39:00,arrival,6.24,15.6,2.1
CHK-002668,BAT-000890,2024-09-20 10:30:00,harvest,7.92,11.2,0.6
CHK-002669,BAT-000890,2024-12-02 10:37:48,pre_dispatch,6.66,13.2,5.1
CHK-002670,BAT-000890,2024-12-04 05:31:12,arrival,5.24,16.9,13.0
CHK-002671,BAT-000891,2024-08-03 12:00:00,harvest,7.07,15.9,2.8
CHK-002672,BAT-000891,2024-08-24 14:07:48,pre_dispatch,7.09,14.1,3.1
CHK-002673,BAT-000891,2024-08-25 09:20:24,arrival,6.53,17.1,13.1
CHK-002674,BAT-000892,2024-08-29 14:15:00,harvest,7.99,12.4,2.6
CHK-002675,BAT-000892,2024-12-17 16:36:36,pre_dispatch,5.91,12.1,2.2
CHK-002676,BAT-000892,2024-12-19 04:14:12,arrival,4.37,14.2,17.2
CHK-002677,BAT-000893,2024-10-01 13:30:00,harvest,7.8,11.2,2.7
CHK-002678,BAT-000893,2025-03-07 17:19:48,pre_dispatch,7.75,13.5,4.1
CHK-002679,BAT-000893,2025-03-09 14:24:00,arrival,4.16,15.9,9.5
CHK-002680,BAT-000894,2024-09-16 09:30:00,harvest,7.32,11.4,4.0
CHK-002681,BAT-000894,2024-10-20 13:20:24,pre_dispatch,7.43,15.6,4.5
CHK-002682,BAT-000894,2024-10-22 00:37:48,arrival,4.26,13.7,14.4
CHK-002683,BAT-000895,2024-10-13 10:00:00,harvest,7.63,14.3,1.6
CHK-002684,BAT-000895,2024-12-13 12:23:24,pre_dispatch,6.56,11.7,4.6
CHK-002685,BAT-000895,2024-12-15 05:25:48,arrival,5.72,14.9,13.6
CHK-002686,BAT-000896,2024-08-31 11:30:00,harvest,7.19,12.8,2.0
CHK-002687,BAT-000896,2024-09-25 14:01:48,pre_dispatch,5.43,11.6,2.0
CHK-002688,BAT-000896,2024-09-27 02:39:48,arrival,4.28,15.7,4.3
CHK-002689,BAT-000897,2024-08-07 12:45:00,harvest,7.24,15.6,0.7
CHK-002690,BAT-000897,2024-08-24 16:42:00,pre_dispatch,6.1,12.1,3.0
CHK-002691,BAT-000897,2024-08-25 02:44:24,arrival,4.65,16.5,3.8
CHK-002692,BAT-000898,2024-09-01 07:00:00,harvest,6.99,12.2,3.5
CHK-002693,BAT-000898,2024-11-17 09:18:00,pre_dispatch,7.13,12.1,8.2
CHK-002694,BAT-000898,2024-11-17 20:30:00,arrival,4.46,14.7,15.4
CHK-002695,BAT-000899,2024-07-26 15:15:00,harvest,6.98,12.5,1.3
CHK-002696,BAT-000899,2024-08-07 17:51:36,pre_dispatch,6.51,14.8,8.4
CHK-002697,BAT-000899,2024-08-09 12:40:24,arrival,5.63,13.5,11.0
CHK-002698,BAT-000900,2024-10-16 13:30:00,harvest,6.97,14.8,0.6
CHK-002699,BAT-000900,2025-01-01 15:44:24,pre_dispatch,7.7,15.9,6.2
CHK-002700,BAT-000900,2025-01-02 10:53:24,arrival,5.8,13.2,2.3
CHK-002701,BAT-000901,2025-10-14 12:00:00,harvest,6.93,11.3,1.4
CHK-002702,BAT-000901,2025-12-31 13:38:24,pre_dispatch,7.06,12.5,6.2
CHK-002703,BAT-000901,2026-01-02 06:39:00,arrival,5.09,14.6,2.9
CHK-002704,BAT-000902,2025-07-27 10:15:00,harvest,7.7,13.1,2.5
CHK-002705,BAT-000902,2025-08-04 14:06:00,pre_dispatch,6.44,12.5,1.9
CHK-002706,BAT-000902,2025-08-06 06:14:12,arrival,4.68,15.6,5.6
CHK-002707,BAT-000903,2025-09-19 08:45:00,harvest,7.51,15.4,2.9
CHK-002708,BAT-000903,2026-02-07 11:51:00,pre_dispatch,6.09,14.6,3.9
CHK-002709,BAT-000903,2026-02-09 00:04:12,arrival,4.1,15.5,14.1
CHK-002710,BAT-000904,2025-09-13 15:00:00,harvest,6.53,11.6,1.3
CHK-002711,BAT-000904,2025-10-23 18:40:12,pre_dispatch,7.17,15.3,1.5
CHK-002712,BAT-000904,2025-10-24 04:02:48,arrival,5.23,16.3,5.9
CHK-002713,BAT-000905,2025-09-10 11:45:00,harvest,8.35,16.2,1.8
CHK-002714,BAT-000905,2025-11-09 15:07:12,pre_dispatch,6.25,11.6,1.7
CHK-002715,BAT-000905,2025-11-10 02:16:12,arrival,6.16,15.5,9.3
CHK-002716,BAT-000906,2025-07-23 14:30:00,harvest,8.38,12.1,1.9
CHK-002717,BAT-000906,2025-08-02 16:09:36,pre_dispatch,7.53,14.7,2.5
CHK-002718,BAT-000906,2025-08-03 23:50:48,arrival,6.04,12.4,4.3
CHK-002719,BAT-000907,2025-06-17 08:15:00,harvest,6.85,11.4,3.4
CHK-002720,BAT-000907,2025-06-21 07:47:24,pre_dispatch,5.16,12.8,5.7
CHK-002721,BAT-000907,2025-06-23 02:22:48,arrival,7.04,17.1,13.1
CHK-002722,BAT-000908,2025-10-02 14:45:00,harvest,6.9,13.6,2.9
CHK-002723,BAT-000908,2026-01-09 17:57:36,pre_dispatch,7.34,13.0,1.2
CHK-002724,BAT-000908,2026-01-11 13:52:00,arrival,6.65,14.4,12.8
CHK-002725,BAT-000909,2025-10-13 15:45:00,harvest,7.89,13.4,3.6
CHK-002726,BAT-000909,2026-02-13 15:57:36,pre_dispatch,5.94,12.8,6.7
CHK-002727,BAT-000909,2026-02-15 00:05:12,arrival,4.08,14.1,2.5
CHK-002728,BAT-000910,2025-10-21 13:45:00,harvest,8.22,14.6,3.1
CHK-002729,BAT-000910,2025-11-30 14:13:48,pre_dispatch,5.56,12.1,2.6
CHK-002730,BAT-000910,2025-12-01 10:10:00,arrival,5.44,14.6,5.1
CHK-002731,BAT-000911,2025-09-21 07:00:00,harvest,7.0,13.7,3.1
CHK-002732,BAT-000911,2025-11-23 09:27:36,pre_dispatch,6.66,16.2,5.7
CHK-002733,BAT-000911,2025-11-24 06:13:12,arrival,4.25,11.9,7.7
CHK-002734,BAT-000912,2025-10-12 11:00:00,harvest,7.62,15.3,3.9
CHK-002735,BAT-000912,2026-03-16 13:26:24,pre_dispatch,5.04,16.3,3.3
CHK-002736,BAT-000912,2026-03-18 01:54:00,arrival,6.94,13.0,8.3
CHK-002737,BAT-000913,2025-06-23 09:30:00,harvest,7.45,15.5,3.0
CHK-002738,BAT-000913,2025-07-10 12:11:24,pre_dispatch,7.2,16.2,5.3
CHK-002739,BAT-000913,2025-07-11 19:48:12,arrival,7.19,13.0,11.5
CHK-002740,BAT-000914,2025-09-18 13:15:00,harvest,7.04,12.3,2.4
CHK-002741,BAT-000914,2025-10-12 15:14:24,pre_dispatch,7.56,16.2,1.6
CHK-002742,BAT-000914,2025-10-13 04:46:12,arrival,5.65,14.5,8.4
CHK-002743,BAT-000915,2025-08-23 10:45:00,harvest,8.13,13.9,3.9
CHK-002744,BAT-000915,2025-08-27 10:45:00,pre_dispatch,7.52,13.2,4.8
CHK-002745,BAT-000915,2025-08-27 23:02:12,arrival,4.82,16.7,15.0
CHK-002746,BAT-000916,2025-08-20 11:00:00,harvest,8.31,11.5,1.3
CHK-002747,BAT-000916,2025-09-02 11:27:00,pre_dispatch,6.83,12.9,4.0
CHK-002748,BAT-000916,2025-09-03 23:42:48,arrival,4.2,16.6,2.4
CHK-002749,BAT-000917,2025-09-07 08:00:00,harvest,6.61,16.4,3.1
CHK-002750,BAT-000917,2025-09-22 09:18:00,pre_dispatch,5.09,12.2,3.2
CHK-002751,BAT-000917,2025-09-22 23:57:00,arrival,6.56,11.7,16.5
CHK-002752,BAT-000918,2025-10-09 08:15:00,harvest,8.27,15.7,0.9
CHK-002753,BAT-000918,2026-02-14 08:52:48,pre_dispatch,6.35,16.3,8.2
CHK-002754,BAT-000918,2026-02-15 04:04:00,arrival,6.38,15.2,4.0
CHK-002755,BAT-000919,2025-10-23 12:15:00,harvest,7.73,15.6,1.4
CHK-002756,BAT-000919,2026-03-01 13:09:00,pre_dispatch,7.21,12.1,6.5
CHK-002757,BAT-000919,2026-03-01 21:33:36,arrival,6.23,16.7,7.5
CHK-002758,BAT-000920,2025-06-28 10:15:00,harvest,8.03,14.6,2.3
CHK-002759,BAT-000920,2025-07-02 09:59:24,pre_dispatch,6.64,12.1,8.1
CHK-002760,BAT-000920,2025-07-03 18:55:24,arrival,4.43,12.0,7.5
CHK-002761,BAT-000921,2025-10-13 09:30:00,harvest,7.81,16.2,2.7
CHK-002762,BAT-000921,2026-02-27 13:16:48,pre_dispatch,5.97,12.4,7.3
CHK-002763,BAT-000921,2026-02-28 06:48:24,arrival,4.34,12.2,10.8
CHK-002764,BAT-000922,2025-10-22 09:15:00,harvest,6.74,15.8,3.7
CHK-002765,BAT-000922,2025-11-22 12:24:36,pre_dispatch,7.25,11.7,4.2
CHK-002766,BAT-000922,2025-11-22 22:42:24,arrival,4.16,12.1,8.3
CHK-002767,BAT-000923,2025-10-21 09:00:00,harvest,6.74,11.6,2.6
CHK-002768,BAT-000923,2026-03-31 08:43:48,pre_dispatch,7.66,17.0,4.1
CHK-002769,BAT-000923,2026-03-31 20:34:24,arrival,4.06,16.4,9.1
CHK-002770,BAT-000924,2025-09-20 07:15:00,harvest,7.34,14.5,0.6
CHK-002771,BAT-000924,2026-01-21 10:01:48,pre_dispatch,6.24,11.7,6.9
CHK-002772,BAT-000924,2026-01-22 17:52:12,arrival,4.33,14.8,17.2
CHK-002773,BAT-000925,2025-10-01 09:45:00,harvest,8.44,12.6,1.8
CHK-002774,BAT-000925,2026-03-05 09:25:48,pre_dispatch,7.09,13.2,1.4
CHK-002775,BAT-000925,2026-03-06 05:14:48,arrival,6.5,16.1,16.0
CHK-002776,BAT-000926,2025-10-01 07:45:00,harvest,8.2,11.9,1.4
CHK-002777,BAT-000926,2026-02-24 08:32:24,pre_dispatch,5.37,11.6,7.0
CHK-002778,BAT-000926,2026-02-24 19:21:36,arrival,4.44,12.4,9.1
CHK-002779,BAT-000927,2025-08-24 11:00:00,harvest,7.32,16.4,1.8
CHK-002780,BAT-000927,2025-11-23 14:27:00,pre_dispatch,5.75,12.8,4.8
CHK-002781,BAT-000927,2025-11-24 23:06:36,arrival,6.76,16.0,17.8
CHK-002782,BAT-000928,2025-10-15 07:30:00,harvest,6.59,14.2,3.8
CHK-002783,BAT-000928,2025-12-15 08:14:24,pre_dispatch,7.41,13.9,2.1
CHK-002784,BAT-000928,2025-12-16 21:04:12,arrival,5.32,11.6,12.5
CHK-002785,BAT-000929,2025-09-17 15:00:00,harvest,7.07,12.8,2.4
CHK-002786,BAT-000929,2025-11-22 18:03:36,pre_dispatch,7.38,15.2,1.2
CHK-002787,BAT-000929,2025-11-23 06:57:36,arrival,7.15,11.6,15.5
CHK-002788,BAT-000930,2025-10-05 15:30:00,harvest,8.27,14.9,0.5
CHK-002789,BAT-000930,2025-10-17 17:49:12,pre_dispatch,6.01,16.0,6.8
CHK-002790,BAT-000930,2025-10-18 03:32:24,arrival,4.17,16.0,10.9
CHK-002791,BAT-000931,2025-09-23 15:15:00,harvest,6.84,13.2,3.0
CHK-002792,BAT-000931,2026-01-18 17:39:36,pre_dispatch,6.53,13.5,6.5
CHK-002793,BAT-000931,2026-01-20 02:40:24,arrival,6.54,16.5,13.1
CHK-002794,BAT-000932,2025-10-17 09:15:00,harvest,7.23,12.2,1.7
CHK-002795,BAT-000932,2026-01-23 10:02:24,pre_dispatch,7.15,14.3,1.2
CHK-002796,BAT-000932,2026-01-24 06:14:24,arrival,4.61,12.0,5.8
CHK-002797,BAT-000933,2025-09-27 13:45:00,harvest,7.23,15.1,0.7
CHK-002798,BAT-000933,2026-01-18 16:55:12,pre_dispatch,7.24,12.8,1.6
CHK-002799,BAT-000933,2026-01-19 11:51:12,arrival,7.19,15.7,13.6
CHK-002800,BAT-000934,2025-10-08 13:15:00,harvest,7.47,11.7,2.9
CHK-002801,BAT-000934,2025-11-15 16:48:00,pre_dispatch,5.44,14.0,2.3
CHK-002802,BAT-000934,2025-11-16 02:45:24,arrival,4.24,13.4,5.3
CHK-002803,BAT-000935,2025-09-29 15:15:00,harvest,8.49,14.6,1.3
CHK-002804,BAT-000935,2025-11-17 18:48:00,pre_dispatch,7.36,14.7,3.8
CHK-002805,BAT-000935,2025-11-19 14:03:36,arrival,5.06,14.2,3.8
CHK-002806,BAT-000936,2025-07-27 14:45:00,harvest,6.97,11.7,2.4
CHK-002807,BAT-000936,2025-08-12 16:28:12,pre_dispatch,7.18,12.9,1.3
CHK-002808,BAT-000936,2025-08-13 13:17:00,arrival,5.45,14.4,9.1
CHK-002809,BAT-000937,2025-10-11 14:45:00,harvest,7.84,13.1,3.7
CHK-002810,BAT-000937,2026-01-30 14:52:12,pre_dispatch,7.6,16.1,6.2
CHK-002811,BAT-000937,2026-01-31 02:44:12,arrival,4.98,15.2,2.8
CHK-002812,BAT-000938,2025-08-04 09:30:00,harvest,6.86,14.5,3.3
CHK-002813,BAT-000938,2025-08-13 11:53:24,pre_dispatch,7.31,15.6,2.5
CHK-002814,BAT-000938,2025-08-13 20:28:24,arrival,4.25,14.5,6.9
CHK-002815,BAT-000939,2025-07-04 10:45:00,harvest,6.64,14.9,3.1
CHK-002816,BAT-000939,2025-07-15 11:18:00,pre_dispatch,5.87,13.0,1.6
CHK-002817,BAT-000939,2025-07-15 19:58:12,arrival,6.54,12.5,3.8
CHK-002818,BAT-000940,2025-09-28 11:30:00,harvest,6.91,15.2,0.9
CHK-002819,BAT-000940,2026-01-15 13:30:36,pre_dispatch,7.53,17.0,3.6
CHK-002820,BAT-000940,2026-01-15 23:21:36,arrival,6.67,14.3,16.0
CHK-002821,BAT-000941,2025-09-10 09:15:00,harvest,8.46,12.0,1.6
CHK-002822,BAT-000941,2025-12-06 10:43:12,pre_dispatch,6.96,15.4,2.2
CHK-002823,BAT-000941,2025-12-06 23:22:36,arrival,4.97,13.2,14.9
CHK-002824,BAT-000942,2025-08-04 10:15:00,harvest,7.48,14.4,0.7
CHK-002825,BAT-000942,2025-09-12 11:45:36,pre_dispatch,6.8,12.5,5.8
CHK-002826,BAT-000942,2025-09-12 20:50:24,arrival,6.86,16.3,17.4
CHK-002827,BAT-000943,2025-09-10 14:15:00,harvest,7.7,12.1,2.3
CHK-002828,BAT-000943,2026-02-07 14:01:12,pre_dispatch,7.64,12.3,3.0
CHK-002829,BAT-000943,2026-02-07 21:33:12,arrival,6.59,12.4,3.4
CHK-002830,BAT-000944,2025-10-14 15:45:00,harvest,8.48,11.7,1.1
CHK-002831,BAT-000944,2025-11-27 17:43:12,pre_dispatch,6.51,15.9,2.4
CHK-002832,BAT-000944,2025-11-28 12:06:00,arrival,4.22,15.7,9.4
CHK-002833,BAT-000945,2025-07-10 08:30:00,harvest,7.67,14.3,1.0
CHK-002834,BAT-000945,2025-07-19 08:06:00,pre_dispatch,7.43,12.9,1.3
CHK-002835,BAT-000945,2025-07-19 21:03:00,arrival,4.99,16.3,9.5
CHK-002836,BAT-000946,2025-10-24 08:00:00,harvest,6.86,12.9,3.8
CHK-002837,BAT-000946,2025-12-14 09:26:24,pre_dispatch,7.8,16.3,1.9
CHK-002838,BAT-000946,2025-12-14 16:47:12,arrival,4.93,14.5,12.8
CHK-002839,BAT-000947,2025-10-13 13:15:00,harvest,6.54,13.1,1.3
CHK-002840,BAT-000947,2025-12-16 16:24:36,pre_dispatch,5.07,14.5,6.2
CHK-002841,BAT-000947,2025-12-17 12:42:00,arrival,5.57,13.7,9.3
CHK-002842,BAT-000948,2025-09-09 10:00:00,harvest,8.43,15.0,3.9
CHK-002843,BAT-000948,2025-10-22 12:16:12,pre_dispatch,5.81,12.4,2.6
CHK-002844,BAT-000948,2025-10-23 07:25:36,arrival,5.04,14.4,14.4
CHK-002845,BAT-000949,2025-09-04 07:15:00,harvest,8.33,14.0,3.9
CHK-002846,BAT-000949,2025-09-23 07:21:00,pre_dispatch,7.47,12.7,1.6
CHK-002847,BAT-000949,2025-09-25 01:19:12,arrival,7.03,14.8,15.4
CHK-002848,BAT-000950,2025-10-20 15:30:00,harvest,6.84,13.3,2.7
CHK-002849,BAT-000950,2025-11-29 19:11:24,pre_dispatch,6.56,13.8,3.2
CHK-002850,BAT-000950,2025-11-30 02:45:00,arrival,4.85,16.5,2.4
CHK-002851,BAT-000951,2025-08-12 12:45:00,harvest,6.65,12.0,2.9
CHK-002852,BAT-000951,2025-09-10 13:54:36,pre_dispatch,5.84,13.9,4.7
CHK-002853,BAT-000951,2025-09-12 01:15:36,arrival,4.54,12.5,2.1
CHK-002854,BAT-000952,2025-09-25 07:00:00,harvest,8.36,12.5,2.0
CHK-002855,BAT-000952,2025-12-29 07:46:48,pre_dispatch,5.15,13.5,1.8
CHK-002856,BAT-000952,2025-12-30 16:43:12,arrival,5.3,14.3,14.0
CHK-002857,BAT-000953,2025-09-25 08:15:00,harvest,6.59,11.6,4.0
CHK-002858,BAT-000953,2025-12-01 10:01:12,pre_dispatch,6.99,15.4,5.5
CHK-002859,BAT-000953,2025-12-02 04:06:48,arrival,4.18,11.5,14.3
CHK-002860,BAT-000954,2025-07-09 11:15:00,harvest,7.2,14.3,1.6
CHK-002861,BAT-000954,2025-07-25 13:15:00,pre_dispatch,5.34,12.5,4.4
CHK-002862,BAT-000954,2025-07-26 09:09:48,arrival,6.94,16.8,8.9
CHK-002863,BAT-000955,2025-10-05 15:45:00,harvest,8.03,16.4,2.4
CHK-002864,BAT-000955,2025-10-26 19:25:48,pre_dispatch,7.38,12.2,4.7
CHK-002865,BAT-000955,2025-10-27 03:10:24,arrival,4.99,12.4,13.9
CHK-002866,BAT-000956,2025-09-07 11:30:00,harvest,7.68,11.5,2.8
CHK-002867,BAT-000956,2025-12-14 13:03:36,pre_dispatch,5.63,14.8,6.4
CHK-002868,BAT-000956,2025-12-14 21:24:48,arrival,5.48,13.0,8.8
CHK-002869,BAT-000957,2025-08-29 08:30:00,harvest,7.58,16.2,1.4
CHK-002870,BAT-000957,2026-01-03 08:27:00,pre_dispatch,6.75,15.1,2.7
CHK-002871,BAT-000957,2026-01-03 15:40:12,arrival,6.35,13.2,17.4
CHK-002872,BAT-000958,2025-08-24 07:30:00,harvest,6.89,11.2,1.7
CHK-002873,BAT-000958,2026-01-19 08:27:00,pre_dispatch,6.12,13.5,7.3
CHK-002874,BAT-000958,2026-01-19 15:54:36,arrival,4.12,13.2,17.5
CHK-002875,BAT-000959,2025-10-21 10:00:00,harvest,8.14,16.3,1.5
CHK-002876,BAT-000959,2025-11-15 10:10:12,pre_dispatch,7.54,14.6,7.8
CHK-002877,BAT-000959,2025-11-16 19:45:36,arrival,6.1,12.3,14.1
CHK-002878,BAT-000960,2025-08-30 14:30:00,harvest,6.9,14.5,2.4
CHK-002879,BAT-000960,2025-09-13 16:30:36,pre_dispatch,7.46,14.6,1.7
CHK-002880,BAT-000960,2025-09-14 05:24:48,arrival,5.76,14.6,6.5
CHK-002881,BAT-000961,2025-09-27 07:00:00,harvest,8.29,12.8,1.3
CHK-002882,BAT-000961,2025-11-19 08:40:48,pre_dispatch,6.44,13.0,5.6
CHK-002883,BAT-000961,2025-11-21 03:10:48,arrival,5.52,12.4,9.0
CHK-002884,BAT-000962,2025-09-03 13:45:00,harvest,8.12,13.6,1.9
CHK-002885,BAT-000962,2025-11-28 15:31:48,pre_dispatch,6.59,13.5,5.5
CHK-002886,BAT-000962,2025-11-30 03:21:00,arrival,4.27,14.0,10.9
CHK-002887,BAT-000963,2025-09-17 07:00:00,harvest,8.08,14.0,0.5
CHK-002888,BAT-000963,2026-01-25 07:28:12,pre_dispatch,7.06,15.5,8.0
CHK-002889,BAT-000963,2026-01-25 19:56:00,arrival,5.64,16.8,15.1
CHK-002890,BAT-000964,2025-08-21 15:30:00,harvest,8.46,13.9,1.2
CHK-002891,BAT-000964,2025-11-06 17:37:12,pre_dispatch,6.22,13.4,6.7
CHK-002892,BAT-000964,2025-11-07 02:04:48,arrival,5.31,11.7,11.2
CHK-002893,BAT-000965,2025-09-15 09:15:00,harvest,6.98,12.7,1.0
CHK-002894,BAT-000965,2025-11-16 11:13:12,pre_dispatch,6.78,15.2,8.5
CHK-002895,BAT-000965,2025-11-17 23:42:00,arrival,4.92,14.5,2.4
CHK-002896,BAT-000966,2025-07-10 12:15:00,harvest,6.65,12.6,3.2
CHK-002897,BAT-000966,2025-07-23 13:31:48,pre_dispatch,5.35,12.1,3.7
CHK-002898,BAT-000966,2025-07-24 02:32:36,arrival,7.09,16.1,7.1
CHK-002899,BAT-000967,2025-10-22 15:30:00,harvest,6.76,12.5,1.5
CHK-002900,BAT-000967,2026-03-05 15:47:24,pre_dispatch,7.6,15.6,6.0
CHK-002901,BAT-000967,2026-03-06 11:51:00,arrival,6.16,12.1,14.2
CHK-002902,BAT-000968,2025-09-29 11:00:00,harvest,7.66,14.3,3.8
CHK-002903,BAT-000968,2026-02-25 14:33:00,pre_dispatch,5.17,14.8,6.0
CHK-002904,BAT-000968,2026-02-27 02:36:12,arrival,6.12,17.1,6.5
CHK-002905,BAT-000969,2025-10-06 08:45:00,harvest,6.87,11.4,1.1
CHK-002906,BAT-000969,2025-12-06 11:53:24,pre_dispatch,6.27,16.7,5.2
CHK-002907,BAT-000969,2025-12-07 00:48:48,arrival,5.11,12.9,2.1
CHK-002908,BAT-000970,2025-06-25 10:15:00,harvest,7.69,15.8,0.9
CHK-002909,BAT-000970,2025-07-02 11:24:00,pre_dispatch,5.71,15.8,8.4
CHK-002910,BAT-000970,2025-07-02 18:36:36,arrival,6.42,14.1,5.2
CHK-002911,BAT-000971,2025-10-22 12:00:00,harvest,6.53,12.6,1.5
CHK-002912,BAT-000971,2025-11-26 14:28:48,pre_dispatch,7.01,12.8,7.8
CHK-002913,BAT-000971,2025-11-27 10:37:00,arrival,4.99,12.3,12.7
CHK-002914,BAT-000972,2025-09-14 10:45:00,harvest,7.06,14.5,2.5
CHK-002915,BAT-000972,2025-11-11 13:01:48,pre_dispatch,6.37,13.8,1.2
CHK-002916,BAT-000972,2025-11-12 00:11:24,arrival,5.12,17.1,11.1
CHK-002917,BAT-000973,2025-10-14 15:30:00,harvest,6.62,14.1,2.6
CHK-002918,BAT-000973,2025-12-02 18:40:48,pre_dispatch,6.8,12.5,5.5
CHK-002919,BAT-000973,2025-12-03 04:29:12,arrival,4.44,15.1,8.5
CHK-002920,BAT-000974,2025-09-08 07:30:00,harvest,6.76,13.8,0.7
CHK-002921,BAT-000974,2026-01-08 07:34:12,pre_dispatch,6.65,11.7,4.8
CHK-002922,BAT-000974,2026-01-09 00:45:48,arrival,5.87,16.4,8.0
CHK-002923,BAT-000975,2025-08-09 09:00:00,harvest,6.93,12.6,1.4
CHK-002924,BAT-000975,2025-08-18 11:46:48,pre_dispatch,5.12,13.3,4.4
CHK-002925,BAT-000975,2025-08-19 19:02:24,arrival,7.02,14.5,14.0
CHK-002926,BAT-000976,2025-09-16 14:30:00,harvest,8.3,11.7,0.7
CHK-002927,BAT-000976,2025-12-29 14:06:36,pre_dispatch,5.88,15.6,1.4
CHK-002928,BAT-000976,2025-12-31 03:27:00,arrival,5.17,12.2,5.6
CHK-002929,BAT-000977,2025-09-04 11:15:00,harvest,6.73,16.2,4.0
CHK-002930,BAT-000977,2025-09-21 15:06:00,pre_dispatch,5.24,12.2,1.3
CHK-002931,BAT-000977,2025-09-22 09:40:12,arrival,4.01,11.8,7.2
CHK-002932,BAT-000978,2025-08-24 14:45:00,harvest,7.83,16.3,1.1
CHK-002933,BAT-000978,2025-09-15 18:29:24,pre_dispatch,5.72,13.5,8.2
CHK-002934,BAT-000978,2025-09-16 01:46:00,arrival,6.97,14.9,11.8
CHK-002935,BAT-000979,2025-09-15 09:00:00,harvest,6.85,12.1,3.5
CHK-002936,BAT-000979,2025-10-27 10:47:24,pre_dispatch,7.15,16.2,1.3
CHK-002937,BAT-000979,2025-10-28 04:01:24,arrival,4.15,12.3,11.3
CHK-002938,BAT-000980,2025-07-12 13:00:00,harvest,7.76,16.4,3.0
CHK-002939,BAT-000980,2025-07-29 14:42:36,pre_dispatch,7.37,14.2,4.6
CHK-002940,BAT-000980,2025-07-30 10:48:00,arrival,6.9,17.0,15.8
CHK-002941,BAT-000981,2025-10-09 15:30:00,harvest,7.43,16.1,2.4
CHK-002942,BAT-000981,2026-01-24 15:48:36,pre_dispatch,5.29,16.0,6.2
CHK-002943,BAT-000981,2026-01-25 01:31:12,arrival,6.83,14.1,17.5
CHK-002944,BAT-000982,2025-08-30 10:00:00,harvest,7.78,12.5,3.8
CHK-002945,BAT-000982,2025-12-23 10:40:12,pre_dispatch,7.78,12.6,4.9
CHK-002946,BAT-000982,2025-12-24 07:38:48,arrival,5.39,16.9,16.0
CHK-002947,BAT-000983,2025-09-09 10:15:00,harvest,7.89,14.5,1.0
CHK-002948,BAT-000983,2026-01-04 10:06:00,pre_dispatch,7.45,13.8,4.5
CHK-002949,BAT-000983,2026-01-05 21:40:12,arrival,4.95,15.7,9.6
CHK-002950,BAT-000984,2025-09-27 11:45:00,harvest,7.3,15.5,1.5
CHK-002951,BAT-000984,2025-10-11 11:36:00,pre_dispatch,5.38,13.6,8.1
CHK-002952,BAT-000984,2025-10-12 08:18:00,arrival,6.17,12.4,8.6
CHK-002953,BAT-000985,2025-09-11 12:30:00,harvest,7.56,13.9,1.9
CHK-002954,BAT-000985,2025-11-12 14:50:24,pre_dispatch,6.9,15.3,6.1
CHK-002955,BAT-000985,2025-11-12 23:22:24,arrival,4.57,13.3,15.6
CHK-002956,BAT-000986,2025-10-17 15:30:00,harvest,7.56,14.7,2.1
CHK-002957,BAT-000986,2026-01-26 15:52:12,pre_dispatch,6.96,17.0,5.8
CHK-002958,BAT-000986,2026-01-28 03:29:00,arrival,4.53,15.3,12.5
CHK-002959,BAT-000987,2025-08-25 11:00:00,harvest,8.28,13.1,2.8
CHK-002960,BAT-000987,2025-12-15 13:48:36,pre_dispatch,7.34,15.3,3.8
CHK-002961,BAT-000987,2025-12-16 08:34:12,arrival,6.68,16.5,13.1
CHK-002962,BAT-000988,2025-09-03 13:30:00,harvest,6.95,14.0,1.6
CHK-002963,BAT-000988,2025-12-09 15:12:00,pre_dispatch,5.14,15.9,2.6
CHK-002964,BAT-000988,2025-12-10 18:55:00,arrival,5.8,16.1,3.3
CHK-002965,BAT-000989,2025-06-16 08:00:00,harvest,7.02,12.6,2.1
CHK-002966,BAT-000989,2025-06-22 08:10:48,pre_dispatch,7.7,14.4,7.7
CHK-002967,BAT-000989,2025-06-23 21:09:24,arrival,6.41,15.8,6.8
CHK-002968,BAT-000990,2025-09-26 08:45:00,harvest,7.8,14.1,1.5
CHK-002969,BAT-000990,2025-11-05 09:08:24,pre_dispatch,6.59,14.2,8.3
CHK-002970,BAT-000990,2025-11-06 21:11:24,arrival,5.25,13.4,10.6
CHK-002971,BAT-000991,2025-09-04 13:30:00,harvest,7.51,16.0,2.4
CHK-002972,BAT-000991,2025-11-23 17:27:00,pre_dispatch,7.78,14.1,8.2
CHK-002973,BAT-000991,2025-11-24 14:49:12,arrival,4.19,12.5,8.0
CHK-002974,BAT-000992,2025-10-05 07:15:00,harvest,6.78,13.7,2.3
CHK-002975,BAT-000992,2025-12-12 09:51:00,pre_dispatch,6.07,13.1,4.7
CHK-002976,BAT-000992,2025-12-12 18:10:24,arrival,7.03,17.2,10.1
CHK-002977,BAT-000993,2025-05-26 07:45:00,harvest,6.93,15.5,2.5
CHK-002978,BAT-000993,2025-06-01 07:24:36,pre_dispatch,7.35,16.2,1.9
CHK-002979,BAT-000993,2025-06-01 17:12:36,arrival,5.44,16.0,13.9
CHK-002980,BAT-000994,2025-10-12 09:00:00,harvest,7.89,15.1,3.3
CHK-002981,BAT-000994,2026-02-23 12:31:12,pre_dispatch,5.79,15.5,2.4
CHK-002982,BAT-000994,2026-02-23 21:42:00,arrival,6.51,16.9,1.6
CHK-002983,BAT-000995,2025-10-25 13:00:00,harvest,7.26,15.4,1.1
CHK-002984,BAT-000995,2026-03-11 14:25:12,pre_dispatch,6.24,13.6,7.1
CHK-002985,BAT-000995,2026-03-13 09:54:36,arrival,5.44,14.2,15.0
CHK-002986,BAT-000996,2025-05-31 07:15:00,harvest,7.57,15.6,1.4
CHK-002987,BAT-000996,2025-06-08 07:36:36,pre_dispatch,7.32,13.8,8.0
CHK-002988,BAT-000996,2025-06-08 15:45:48,arrival,6.24,15.4,11.4
CHK-002989,BAT-000997,2025-09-24 15:00:00,harvest,7.51,12.6,1.1
CHK-002990,BAT-000997,2025-11-17 15:11:24,pre_dispatch,6.82,15.2,4.7
CHK-002991,BAT-000997,2025-11-19 12:29:00,arrival,5.25,13.9,16.9
CHK-002992,BAT-000998,2025-10-07 12:15:00,harvest,7.38,13.4,3.8
CHK-002993,BAT-000998,2026-01-18 12:59:24,pre_dispatch,6.46,15.0,4.8
CHK-002994,BAT-000998,2026-01-20 07:57:36,arrival,5.68,14.1,10.7
CHK-002995,BAT-000999,2025-10-04 13:00:00,harvest,8.38,15.8,1.2
CHK-002996,BAT-000999,2025-10-17 15:49:12,pre_dispatch,6.26,12.9,2.3
CHK-002997,BAT-000999,2025-10-18 00:36:36,arrival,4.31,13.4,8.0
CHK-002998,BAT-001000,2025-09-02 14:15:00,harvest,8.11,11.4,3.5
CHK-002999,BAT-001000,2025-10-09 15:03:36,pre_dispatch,6.82,16.0,7.5
CHK-003000,BAT-001000,2025-10-10 03:36:24,arrival,6.46,13.1,3.3
CHK-003001,BAT-001001,2025-09-29 08:30:00,harvest,8.33,13.3,0.8
CHK-003002,BAT-001001,2025-10-31 12:24:00,pre_dispatch,5.9,16.2,7.7
CHK-003003,BAT-001001,2025-11-01 00:21:24,arrival,5.83,13.9,14.3
CHK-003004,BAT-001002,2025-10-13 10:45:00,harvest,8.36,13.6,1.1
CHK-003005,BAT-001002,2025-12-19 14:15:00,pre_dispatch,6.01,13.9,6.6
CHK-003006,BAT-001002,2025-12-21 08:02:36,arrival,4.04,17.0,4.9
CHK-003007,BAT-001003,2025-07-04 09:30:00,harvest,7.12,11.4,3.9
CHK-003008,BAT-001003,2025-07-31 11:37:12,pre_dispatch,7.05,15.4,4.1
CHK-003009,BAT-001003,2025-07-31 19:50:24,arrival,7.18,16.6,3.4
CHK-003010,BAT-001004,2025-07-15 15:15:00,harvest,7.91,12.7,1.7
CHK-003011,BAT-001004,2025-07-30 16:24:00,pre_dispatch,7.74,13.7,5.7
CHK-003012,BAT-001004,2025-07-31 12:24:12,arrival,5.65,15.2,16.4
CHK-003013,BAT-001005,2025-10-13 12:30:00,harvest,6.55,15.2,2.9
CHK-003014,BAT-001005,2025-12-08 12:08:24,pre_dispatch,7.39,13.5,6.2
CHK-003015,BAT-001005,2025-12-09 19:34:48,arrival,7.19,15.4,16.5
CHK-003016,BAT-001006,2025-09-28 07:15:00,harvest,7.99,13.7,1.7
CHK-003017,BAT-001006,2025-11-17 11:03:36,pre_dispatch,6.26,13.7,2.6
CHK-003018,BAT-001006,2025-11-18 18:37:24,arrival,5.04,12.2,11.4
CHK-003019,BAT-001007,2025-10-21 07:30:00,harvest,7.03,15.6,0.6
CHK-003020,BAT-001007,2025-12-11 08:00:00,pre_dispatch,7.45,15.6,6.3
CHK-003021,BAT-001007,2025-12-12 20:34:12,arrival,5.49,15.9,5.1
CHK-003022,BAT-001008,2025-10-24 12:45:00,harvest,6.92,12.5,1.6
CHK-003023,BAT-001008,2026-01-02 12:39:36,pre_dispatch,5.08,14.2,8.4
CHK-003024,BAT-001008,2026-01-03 20:13:00,arrival,7.09,15.1,5.3
CHK-003025,BAT-001009,2025-10-02 15:30:00,harvest,7.96,11.8,1.2
CHK-003026,BAT-001009,2025-11-19 18:19:12,pre_dispatch,6.73,14.7,6.0
CHK-003027,BAT-001009,2025-11-20 13:43:00,arrival,4.25,15.1,6.3
CHK-003028,BAT-001010,2025-10-01 13:15:00,harvest,8.21,12.7,1.1
CHK-003029,BAT-001010,2025-11-15 14:33:36,pre_dispatch,7.57,15.8,2.7
CHK-003030,BAT-001010,2025-11-15 22:54:36,arrival,4.76,17.2,14.2
CHK-003031,BAT-001011,2025-10-04 14:15:00,harvest,7.59,11.2,2.6
CHK-003032,BAT-001011,2025-11-21 17:54:00,pre_dispatch,7.12,13.7,7.9
CHK-003033,BAT-001011,2025-11-23 19:24:24,arrival,4.11,11.7,17.5
CHK-003034,BAT-001012,2025-09-23 15:00:00,harvest,8.26,11.6,2.2
CHK-003035,BAT-001012,2025-12-02 14:51:00,pre_dispatch,6.98,13.4,8.0
CHK-003036,BAT-001012,2025-12-04 08:35:00,arrival,5.06,13.0,3.0
CHK-003037,BAT-001013,2025-10-10 15:15:00,harvest,7.93,15.8,2.2
CHK-003038,BAT-001013,2025-10-28 16:39:00,pre_dispatch,5.39,15.4,1.8
CHK-003039,BAT-001013,2025-10-29 01:19:24,arrival,6.87,13.3,11.0
CHK-003040,BAT-001014,2025-10-08 09:45:00,harvest,8.28,12.2,1.2
CHK-003041,BAT-001014,2025-12-07 09:31:12,pre_dispatch,5.91,15.6,5.7
CHK-003042,BAT-001014,2025-12-07 20:58:48,arrival,6.71,12.0,12.1
CHK-003043,BAT-001015,2025-10-09 08:30:00,harvest,7.92,11.7,2.8
CHK-003044,BAT-001015,2026-01-29 10:59:24,pre_dispatch,5.22,14.0,8.1
CHK-003045,BAT-001015,2026-01-30 18:40:48,arrival,4.64,16.4,14.6
CHK-003046,BAT-001016,2025-10-25 12:30:00,harvest,6.53,16.3,2.9
CHK-003047,BAT-001016,2026-03-26 13:08:24,pre_dispatch,6.83,11.7,2.5
CHK-003048,BAT-001016,2026-03-27 01:20:48,arrival,6.27,16.9,15.6
CHK-003049,BAT-001017,2025-09-29 10:00:00,harvest,6.72,12.8,1.4
CHK-003050,BAT-001017,2025-12-23 11:34:48,pre_dispatch,7.77,14.4,7.8
CHK-003051,BAT-001017,2025-12-23 20:06:36,arrival,5.84,12.4,4.7
CHK-003052,BAT-001018,2025-08-08 11:45:00,harvest,8.21,13.9,3.6
CHK-003053,BAT-001018,2025-09-01 12:51:00,pre_dispatch,6.41,14.9,4.4
CHK-003054,BAT-001018,2025-09-03 06:55:36,arrival,4.74,13.6,3.8
CHK-003055,BAT-001019,2025-09-02 13:30:00,harvest,7.63,13.2,0.7
CHK-003056,BAT-001019,2026-01-21 16:33:00,pre_dispatch,5.98,15.9,7.4
CHK-003057,BAT-001019,2026-01-23 03:53:12,arrival,5.09,14.6,8.2
CHK-003058,BAT-001020,2025-09-04 11:15:00,harvest,6.96,15.0,3.3
CHK-003059,BAT-001020,2025-10-05 14:33:36,pre_dispatch,7.67,16.5,8.3
CHK-003060,BAT-001020,2025-10-06 21:52:48,arrival,6.41,16.3,5.5
CHK-003061,BAT-001021,2025-10-04 11:15:00,harvest,7.36,13.8,3.6
CHK-003062,BAT-001021,2025-10-31 12:48:00,pre_dispatch,5.26,12.4,5.2
CHK-003063,BAT-001021,2025-11-01 07:11:24,arrival,5.83,16.2,5.2
CHK-003064,BAT-001022,2025-08-24 11:30:00,harvest,6.91,12.2,3.8
CHK-003065,BAT-001022,2025-09-07 15:07:12,pre_dispatch,7.37,15.1,7.8
CHK-003066,BAT-001022,2025-09-08 00:01:24,arrival,6.11,15.4,14.6
CHK-003067,BAT-001023,2025-08-26 09:15:00,harvest,8.1,12.4,3.8
CHK-003068,BAT-001023,2026-01-19 09:17:24,pre_dispatch,6.02,11.6,2.6
CHK-003069,BAT-001023,2026-01-20 21:25:12,arrival,5.81,12.5,10.4
CHK-003070,BAT-001024,2025-09-08 12:30:00,harvest,6.64,14.3,3.5
CHK-003071,BAT-001024,2025-09-28 12:33:00,pre_dispatch,6.69,15.1,6.1
CHK-003072,BAT-001024,2025-09-30 06:02:24,arrival,6.05,12.6,8.4
CHK-003073,BAT-001025,2025-07-23 14:15:00,harvest,8.3,12.7,3.7
CHK-003074,BAT-001025,2025-08-02 17:10:48,pre_dispatch,6.41,15.1,4.5
CHK-003075,BAT-001025,2025-08-03 02:51:36,arrival,6.87,12.5,9.9
CHK-003076,BAT-001026,2025-10-03 12:15:00,harvest,7.07,14.3,3.6
CHK-003077,BAT-001026,2026-01-15 13:25:48,pre_dispatch,5.07,13.7,2.3
CHK-003078,BAT-001026,2026-01-15 21:05:24,arrival,4.39,12.1,8.5
CHK-003079,BAT-001027,2025-10-19 07:45:00,harvest,6.6,14.9,2.7
CHK-003080,BAT-001027,2026-01-19 10:27:00,pre_dispatch,7.43,13.7,8.1
CHK-003081,BAT-001027,2026-01-21 09:58:48,arrival,6.04,15.4,13.7
CHK-003082,BAT-001028,2025-08-30 14:00:00,harvest,6.89,12.7,1.4
CHK-003083,BAT-001028,2025-11-24 17:10:12,pre_dispatch,6.55,11.8,3.2
CHK-003084,BAT-001028,2025-11-26 05:42:00,arrival,4.4,15.3,5.2
CHK-003085,BAT-001029,2025-09-15 13:45:00,harvest,7.54,11.7,4.0
CHK-003086,BAT-001029,2025-10-15 13:56:24,pre_dispatch,5.51,14.4,2.7
CHK-003087,BAT-001029,2025-10-17 03:07:00,arrival,4.27,14.0,10.0
CHK-003088,BAT-001030,2025-09-19 10:45:00,harvest,6.58,14.8,2.4
CHK-003089,BAT-001030,2025-10-29 12:57:36,pre_dispatch,7.51,12.0,6.5
CHK-003090,BAT-001030,2025-10-30 06:22:48,arrival,6.02,14.9,16.5
CHK-003091,BAT-001031,2025-09-06 14:45:00,harvest,7.34,12.4,3.6
CHK-003092,BAT-001031,2025-10-26 18:21:00,pre_dispatch,7.17,12.3,3.5
CHK-003093,BAT-001031,2025-10-27 06:16:36,arrival,4.76,16.0,8.1
CHK-003094,BAT-001032,2025-10-18 09:45:00,harvest,7.36,16.1,1.1
CHK-003095,BAT-001032,2026-04-03 10:30:36,pre_dispatch,7.36,15.9,1.6
CHK-003096,BAT-001032,2026-04-03 23:24:12,arrival,5.27,16.1,10.4
CHK-003097,BAT-001033,2025-07-01 14:45:00,harvest,8.46,14.7,1.7
CHK-003098,BAT-001033,2025-07-04 14:16:48,pre_dispatch,6.69,13.2,8.0
CHK-003099,BAT-001033,2025-07-05 08:45:48,arrival,6.64,13.5,2.1
CHK-003100,BAT-001034,2025-09-28 09:00:00,harvest,7.91,14.5,3.1
CHK-003101,BAT-001034,2026-01-03 11:07:48,pre_dispatch,6.9,16.3,7.3
CHK-003102,BAT-001034,2026-01-04 22:25:12,arrival,5.69,14.0,14.4
CHK-003103,BAT-001035,2025-10-22 12:15:00,harvest,8.38,13.5,1.0
CHK-003104,BAT-001035,2026-01-18 15:50:24,pre_dispatch,6.8,12.9,1.2
CHK-003105,BAT-001035,2026-01-19 23:45:12,arrival,4.65,16.4,14.4
CHK-003106,BAT-001036,2025-08-04 07:15:00,harvest,7.39,11.6,2.4
CHK-003107,BAT-001036,2025-08-25 10:45:36,pre_dispatch,6.06,14.1,4.9
CHK-003108,BAT-001036,2025-08-26 19:55:00,arrival,6.45,12.2,17.4
CHK-003109,BAT-001037,2025-09-14 13:30:00,harvest,6.69,11.0,1.6
CHK-003110,BAT-001037,2025-11-22 16:25:12,pre_dispatch,5.83,13.5,8.0
CHK-003111,BAT-001037,2025-11-24 10:12:36,arrival,6.18,16.7,6.1
CHK-003112,BAT-001038,2025-08-30 12:00:00,harvest,7.58,13.1,3.3
CHK-003113,BAT-001038,2025-11-09 14:29:24,pre_dispatch,6.59,16.1,2.7
CHK-003114,BAT-001038,2025-11-09 22:35:12,arrival,4.71,14.1,16.4
CHK-003115,BAT-001039,2025-09-29 08:30:00,harvest,7.91,14.5,3.8
CHK-003116,BAT-001039,2025-10-30 08:35:24,pre_dispatch,7.43,12.6,1.0
CHK-003117,BAT-001039,2025-10-31 19:17:00,arrival,4.36,12.2,11.9
CHK-003118,BAT-001040,2025-09-14 12:15:00,harvest,7.65,11.2,2.4
CHK-003119,BAT-001040,2025-11-16 12:09:00,pre_dispatch,5.3,13.0,5.5
CHK-003120,BAT-001040,2025-11-16 23:35:48,arrival,5.69,12.6,13.7
CHK-003121,BAT-001041,2025-09-25 14:30:00,harvest,7.0,14.7,2.0
CHK-003122,BAT-001041,2025-10-12 14:51:00,pre_dispatch,7.61,16.4,8.0
CHK-003123,BAT-001041,2025-10-14 04:15:12,arrival,6.23,15.4,14.7
CHK-003124,BAT-001042,2025-09-27 07:30:00,harvest,8.16,15.0,1.9
CHK-003125,BAT-001042,2025-10-15 09:19:48,pre_dispatch,6.67,17.0,1.4
CHK-003126,BAT-001042,2025-10-16 07:38:12,arrival,6.83,14.9,11.9
CHK-003127,BAT-001043,2025-10-23 10:15:00,harvest,8.25,13.9,1.6
CHK-003128,BAT-001043,2025-11-29 09:54:00,pre_dispatch,6.39,12.3,2.3
CHK-003129,BAT-001043,2025-11-30 07:32:48,arrival,6.97,12.5,14.5
CHK-003130,BAT-001044,2025-10-18 11:45:00,harvest,7.82,13.7,1.8
CHK-003131,BAT-001044,2026-01-29 15:28:12,pre_dispatch,7.51,13.3,3.8
CHK-003132,BAT-001044,2026-01-30 04:47:24,arrival,4.53,12.5,7.7
CHK-003133,BAT-001045,2025-10-21 12:30:00,harvest,7.91,11.4,1.2
CHK-003134,BAT-001045,2025-12-31 14:55:48,pre_dispatch,5.07,13.4,2.0
CHK-003135,BAT-001045,2026-01-01 08:19:12,arrival,4.39,17.0,7.5
CHK-003136,BAT-001046,2025-08-26 09:30:00,harvest,7.24,12.0,3.1
CHK-003137,BAT-001046,2025-12-07 11:45:00,pre_dispatch,5.4,13.9,3.9
CHK-003138,BAT-001046,2025-12-07 21:08:00,arrival,6.51,12.2,9.3
CHK-003139,BAT-001047,2025-09-28 13:30:00,harvest,7.52,11.8,1.1
CHK-003140,BAT-001047,2025-11-05 15:43:48,pre_dispatch,6.06,16.0,6.8
CHK-003141,BAT-001047,2025-11-06 01:41:36,arrival,4.79,17.1,6.2
CHK-003142,BAT-001048,2025-10-10 11:45:00,harvest,6.98,15.5,1.1
CHK-003143,BAT-001048,2025-11-06 13:22:48,pre_dispatch,7.71,12.5,5.1
CHK-003144,BAT-001048,2025-11-07 22:04:00,arrival,5.29,16.0,13.1
CHK-003145,BAT-001049,2025-09-01 15:15:00,harvest,7.93,16.4,1.0
CHK-003146,BAT-001049,2025-10-20 17:07:12,pre_dispatch,7.21,14.9,3.1
CHK-003147,BAT-001049,2025-10-21 11:54:12,arrival,5.61,16.6,1.9
CHK-003148,BAT-001050,2025-08-23 14:30:00,harvest,7.15,13.1,2.7
CHK-003149,BAT-001050,2025-12-13 16:37:48,pre_dispatch,6.59,12.3,3.5
CHK-003150,BAT-001050,2025-12-15 05:20:36,arrival,5.67,17.0,9.9
CHK-003151,BAT-001051,2025-08-08 11:30:00,harvest,7.7,13.5,2.3
CHK-003152,BAT-001051,2025-08-20 14:43:48,pre_dispatch,7.15,15.5,2.8
CHK-003153,BAT-001051,2025-08-22 08:35:00,arrival,5.5,15.9,3.0
CHK-003154,BAT-001052,2025-09-25 11:00:00,harvest,7.95,15.3,2.3
CHK-003155,BAT-001052,2026-02-10 12:04:12,pre_dispatch,5.96,15.4,3.5
CHK-003156,BAT-001052,2026-02-12 16:34:48,arrival,5.83,16.7,12.5
CHK-003157,BAT-001053,2025-09-01 07:45:00,harvest,6.72,16.4,1.2
CHK-003158,BAT-001053,2025-11-17 09:17:24,pre_dispatch,6.68,15.0,5.9
CHK-003159,BAT-001053,2025-11-17 17:58:24,arrival,4.86,13.3,16.1
CHK-003160,BAT-001054,2025-10-20 08:45:00,harvest,6.88,15.8,3.2
CHK-003161,BAT-001054,2026-01-25 10:39:36,pre_dispatch,6.02,16.1,5.2
CHK-003162,BAT-001054,2026-01-27 05:03:00,arrival,5.23,12.8,3.4
CHK-003163,BAT-001055,2025-09-29 10:30:00,harvest,7.49,11.3,2.8
CHK-003164,BAT-001055,2026-01-09 10:47:24,pre_dispatch,6.91,12.0,4.2
CHK-003165,BAT-001055,2026-01-10 08:12:00,arrival,4.42,16.3,16.0
CHK-003166,BAT-001056,2025-08-11 07:30:00,harvest,7.83,13.1,2.7
CHK-003167,BAT-001056,2025-08-29 09:59:24,pre_dispatch,5.55,13.4,1.7
CHK-003168,BAT-001056,2025-08-29 22:29:00,arrival,5.28,17.2,10.7
CHK-003169,BAT-001057,2025-06-21 14:45:00,harvest,6.53,13.8,2.5
CHK-003170,BAT-001057,2025-06-29 17:19:12,pre_dispatch,5.64,16.6,6.6
CHK-003171,BAT-001057,2025-06-30 17:41:24,arrival,5.75,13.3,4.9
CHK-003172,BAT-001058,2025-10-05 07:45:00,harvest,7.19,13.9,1.7
CHK-003173,BAT-001058,2025-10-26 09:36:00,pre_dispatch,6.61,13.7,5.8
CHK-003174,BAT-001058,2025-10-26 18:39:24,arrival,4.87,16.4,2.2
CHK-003175,BAT-001059,2025-06-29 10:15:00,harvest,8.01,14.1,1.0
CHK-003176,BAT-001059,2025-07-15 10:14:24,pre_dispatch,5.47,12.7,7.8
CHK-003177,BAT-001059,2025-07-17 03:41:12,arrival,7.01,13.0,10.5
CHK-003178,BAT-001060,2025-10-04 13:00:00,harvest,7.87,15.2,2.3
CHK-003179,BAT-001060,2025-12-11 16:56:24,pre_dispatch,7.52,13.4,7.9
CHK-003180,BAT-001060,2025-12-12 10:40:12,arrival,5.3,16.9,3.4
CHK-003181,BAT-001061,2025-09-12 12:45:00,harvest,7.51,12.8,2.5
CHK-003182,BAT-001061,2026-01-12 14:30:00,pre_dispatch,7.71,15.6,3.6
CHK-003183,BAT-001061,2026-01-14 02:00:24,arrival,7.11,13.2,4.9
CHK-003184,BAT-001062,2025-10-06 13:30:00,harvest,7.47,11.5,2.5
CHK-003185,BAT-001062,2025-12-25 15:03:00,pre_dispatch,6.17,16.5,1.8
CHK-003186,BAT-001062,2025-12-26 10:18:00,arrival,4.64,12.2,13.7
CHK-003187,BAT-001063,2025-09-26 09:00:00,harvest,8.01,12.8,3.5
CHK-003188,BAT-001063,2026-01-10 10:49:12,pre_dispatch,6.92,13.6,7.0
CHK-003189,BAT-001063,2026-01-12 05:23:12,arrival,6.8,14.3,4.0
CHK-003190,BAT-001064,2025-08-26 10:15:00,harvest,8.47,16.5,1.7
CHK-003191,BAT-001064,2025-09-06 13:11:24,pre_dispatch,5.89,14.4,4.0
CHK-003192,BAT-001064,2025-09-07 01:02:12,arrival,5.52,12.9,8.2
CHK-003193,BAT-001065,2025-09-19 08:00:00,harvest,7.69,12.4,3.3
CHK-003194,BAT-001065,2025-09-28 10:10:12,pre_dispatch,7.23,16.5,7.7
CHK-003195,BAT-001065,2025-09-29 17:48:12,arrival,7.04,15.4,11.9
CHK-003196,BAT-001066,2025-10-15 09:15:00,harvest,6.83,11.4,2.0
CHK-003197,BAT-001066,2025-12-31 09:29:24,pre_dispatch,6.04,15.7,5.1
CHK-003198,BAT-001066,2026-01-01 05:52:24,arrival,6.73,11.5,7.6
CHK-003199,BAT-001067,2025-09-19 07:30:00,harvest,7.44,14.2,2.5
CHK-003200,BAT-001067,2026-01-12 08:15:36,pre_dispatch,7.16,11.7,3.8
CHK-003201,BAT-001067,2026-01-13 16:54:36,arrival,7.07,12.0,3.1
CHK-003202,BAT-001068,2025-09-24 14:45:00,harvest,8.26,12.5,0.6
CHK-003203,BAT-001068,2025-12-13 14:58:12,pre_dispatch,5.28,14.1,8.3
CHK-003204,BAT-001068,2025-12-15 00:16:36,arrival,5.9,12.2,2.7
CHK-003205,BAT-001069,2025-09-23 14:30:00,harvest,6.52,14.0,3.3
CHK-003206,BAT-001069,2025-12-14 14:58:12,pre_dispatch,5.51,15.0,8.0
CHK-003207,BAT-001069,2025-12-16 03:48:00,arrival,5.87,16.5,17.0
CHK-003208,BAT-001070,2025-10-03 07:15:00,harvest,8.34,15.1,2.1
CHK-003209,BAT-001070,2025-10-20 07:57:00,pre_dispatch,6.13,15.0,7.9
CHK-003210,BAT-001070,2025-10-20 21:50:00,arrival,5.59,15.4,11.2
CHK-003211,BAT-001071,2025-10-22 12:45:00,harvest,8.26,16.0,1.4
CHK-003212,BAT-001071,2026-01-24 12:21:36,pre_dispatch,5.67,13.7,4.9
CHK-003213,BAT-001071,2026-01-25 08:10:12,arrival,7.08,16.8,12.0
CHK-003214,BAT-001072,2025-06-23 14:15:00,harvest,7.99,14.6,1.2
CHK-003215,BAT-001072,2025-07-13 17:25:48,pre_dispatch,6.27,13.9,6.1
CHK-003216,BAT-001072,2025-07-14 05:41:00,arrival,4.18,14.7,5.9
CHK-003217,BAT-001073,2025-09-10 10:45:00,harvest,7.51,13.2,1.4
CHK-003218,BAT-001073,2025-11-21 13:28:12,pre_dispatch,7.16,13.8,8.1
CHK-003219,BAT-001073,2025-11-23 02:09:00,arrival,5.57,13.2,1.6
CHK-003220,BAT-001074,2025-08-19 14:45:00,harvest,8.45,14.7,3.7
CHK-003221,BAT-001074,2025-09-03 18:36:36,pre_dispatch,5.48,11.8,3.7
CHK-003222,BAT-001074,2025-09-05 12:09:36,arrival,5.17,13.6,6.0
CHK-003223,BAT-001075,2025-09-07 08:15:00,harvest,8.0,14.2,3.1
CHK-003224,BAT-001075,2025-12-05 10:46:48,pre_dispatch,7.48,16.4,6.1
CHK-003225,BAT-001075,2025-12-05 21:30:36,arrival,6.35,11.8,12.7
CHK-003226,BAT-001076,2025-10-09 15:15:00,harvest,6.62,16.3,2.4
CHK-003227,BAT-001076,2025-11-10 16:09:00,pre_dispatch,6.93,15.0,2.6
CHK-003228,BAT-001076,2025-11-11 14:06:24,arrival,4.11,15.6,5.0
CHK-003229,BAT-001077,2025-10-04 12:30:00,harvest,8.16,15.9,1.4
CHK-003230,BAT-001077,2026-02-10 15:02:24,pre_dispatch,5.99,16.1,1.3
CHK-003231,BAT-001077,2026-02-11 03:12:36,arrival,5.11,15.9,11.5
CHK-003232,BAT-001078,2025-08-25 08:15:00,harvest,7.87,12.5,3.3
CHK-003233,BAT-001078,2025-09-29 11:38:24,pre_dispatch,6.25,12.3,2.1
CHK-003234,BAT-001078,2025-09-29 21:08:24,arrival,6.83,11.7,10.0
CHK-003235,BAT-001079,2025-10-10 13:30:00,harvest,7.28,11.3,2.2
CHK-003236,BAT-001079,2025-12-30 17:29:24,pre_dispatch,6.5,14.2,5.5
CHK-003237,BAT-001079,2026-01-01 11:05:24,arrival,4.24,15.0,2.3
CHK-003238,BAT-001080,2025-09-29 15:15:00,harvest,7.36,11.4,1.6
CHK-003239,BAT-001080,2025-11-02 16:27:36,pre_dispatch,5.81,16.9,1.7
CHK-003240,BAT-001080,2025-11-03 01:24:36,arrival,6.29,15.5,16.2
CHK-003241,BAT-001081,2025-10-09 07:45:00,harvest,6.68,12.3,0.5
CHK-003242,BAT-001081,2025-10-25 10:28:48,pre_dispatch,7.46,13.9,6.0
CHK-003243,BAT-001081,2025-10-26 19:21:24,arrival,5.06,12.9,14.6
CHK-003244,BAT-001082,2025-10-13 13:30:00,harvest,7.01,14.9,3.0
CHK-003245,BAT-001082,2025-12-20 14:51:00,pre_dispatch,7.4,13.3,6.4
CHK-003246,BAT-001082,2025-12-21 23:34:24,arrival,6.85,12.7,16.0
CHK-003247,BAT-001083,2025-09-23 13:00:00,harvest,7.02,13.0,3.3
CHK-003248,BAT-001083,2025-10-03 12:30:00,pre_dispatch,6.79,11.8,3.0
CHK-003249,BAT-001083,2025-10-04 21:40:48,arrival,6.77,13.5,2.2
CHK-003250,BAT-001084,2025-08-26 11:45:00,harvest,8.26,12.2,2.7
CHK-003251,BAT-001084,2025-09-21 12:07:12,pre_dispatch,6.4,12.8,2.5
CHK-003252,BAT-001084,2025-09-22 07:45:48,arrival,5.04,13.8,8.2
CHK-003253,BAT-001085,2025-08-27 14:45:00,harvest,8.02,15.5,3.6
CHK-003254,BAT-001085,2025-12-29 15:01:48,pre_dispatch,6.28,12.0,5.8
CHK-003255,BAT-001085,2025-12-30 11:59:36,arrival,5.41,17.0,2.9
CHK-003256,BAT-001086,2025-08-05 08:45:00,harvest,6.71,13.9,0.9
CHK-003257,BAT-001086,2025-08-16 08:54:00,pre_dispatch,6.98,11.6,7.6
CHK-003258,BAT-001086,2025-08-17 21:09:00,arrival,6.39,11.5,17.7
CHK-003259,BAT-001087,2025-09-27 11:15:00,harvest,7.48,14.7,3.6
CHK-003260,BAT-001087,2026-01-29 12:51:00,pre_dispatch,6.96,16.4,1.6
CHK-003261,BAT-001087,2026-01-30 00:21:00,arrival,6.57,11.9,12.3
CHK-003262,BAT-001088,2025-05-21 14:00:00,harvest,7.47,15.5,2.6
CHK-003263,BAT-001088,2025-05-25 13:35:24,pre_dispatch,7.68,11.8,6.3
CHK-003264,BAT-001088,2025-05-25 22:57:48,arrival,6.94,17.1,4.5
CHK-003265,BAT-001089,2025-10-11 07:30:00,harvest,8.47,12.7,1.0
CHK-003266,BAT-001089,2026-01-17 10:00:00,pre_dispatch,7.73,15.6,3.2
CHK-003267,BAT-001089,2026-01-17 19:37:36,arrival,6.03,13.7,12.9
CHK-003268,BAT-001090,2025-08-26 15:15:00,harvest,6.5,14.7,2.2
CHK-003269,BAT-001090,2025-11-23 15:06:00,pre_dispatch,7.77,13.8,5.1
CHK-003270,BAT-001090,2025-11-23 23:56:36,arrival,4.12,12.5,5.6
CHK-003271,BAT-001091,2025-09-12 15:30:00,harvest,7.15,13.1,2.9
CHK-003272,BAT-001091,2025-12-03 17:45:00,pre_dispatch,7.24,16.2,7.5
CHK-003273,BAT-001091,2025-12-04 05:54:00,arrival,7.08,11.8,17.5
CHK-003274,BAT-001092,2025-09-10 12:00:00,harvest,7.71,16.3,1.2
CHK-003275,BAT-001092,2025-09-30 12:46:12,pre_dispatch,6.59,12.8,1.0
CHK-003276,BAT-001092,2025-09-30 22:10:00,arrival,5.76,12.5,13.5
CHK-003277,BAT-001093,2025-09-19 13:45:00,harvest,7.74,15.1,1.0
CHK-003278,BAT-001093,2025-10-23 14:25:12,pre_dispatch,5.22,13.6,4.0
CHK-003279,BAT-001093,2025-10-25 09:01:12,arrival,4.56,16.1,13.6
CHK-003280,BAT-001094,2025-10-15 15:00:00,harvest,6.78,11.2,2.7
CHK-003281,BAT-001094,2025-12-28 15:13:12,pre_dispatch,6.54,15.1,5.3
CHK-003282,BAT-001094,2025-12-29 03:08:36,arrival,5.7,12.1,16.0
CHK-003283,BAT-001095,2025-08-26 11:15:00,harvest,7.96,14.4,3.4
CHK-003284,BAT-001095,2025-11-15 10:52:12,pre_dispatch,6.88,12.4,3.7
CHK-003285,BAT-001095,2025-11-16 09:22:00,arrival,6.08,17.0,2.1
CHK-003286,BAT-001096,2025-06-10 11:30:00,harvest,8.31,16.2,1.3
CHK-003287,BAT-001096,2025-06-14 14:15:00,pre_dispatch,6.85,15.6,7.2
CHK-003288,BAT-001096,2025-06-15 10:05:48,arrival,4.77,16.9,4.5
CHK-003289,BAT-001097,2025-10-11 08:45:00,harvest,8.14,15.4,0.7
CHK-003290,BAT-001097,2026-01-05 09:25:12,pre_dispatch,5.08,16.2,2.7
CHK-003291,BAT-001097,2026-01-05 19:01:12,arrival,4.39,14.5,10.2
CHK-003292,BAT-001098,2025-10-02 15:45:00,harvest,7.52,16.0,2.2
CHK-003293,BAT-001098,2025-10-20 18:40:12,pre_dispatch,6.05,14.9,5.0
CHK-003294,BAT-001098,2025-10-22 09:26:36,arrival,5.68,13.8,16.0
CHK-003295,BAT-001099,2025-07-06 10:15:00,harvest,7.49,14.4,3.0
CHK-003296,BAT-001099,2025-07-20 10:43:12,pre_dispatch,5.38,15.9,4.5
CHK-003297,BAT-001099,2025-07-21 06:13:00,arrival,5.17,14.7,14.5
CHK-003298,BAT-001100,2025-09-14 14:00:00,harvest,6.85,14.4,3.9
CHK-003299,BAT-001100,2025-11-08 17:25:12,pre_dispatch,5.9,16.6,5.1
CHK-003300,BAT-001100,2025-11-09 03:39:48,arrival,7.15,16.9,15.9
CHK-003301,BAT-001101,2025-09-01 15:15:00,harvest,6.89,15.9,2.4
CHK-003302,BAT-001101,2025-12-31 14:46:12,pre_dispatch,5.61,16.3,8.4
CHK-003303,BAT-001101,2026-01-01 00:08:48,arrival,7.03,16.6,4.5
CHK-003304,BAT-001102,2025-08-27 12:45:00,harvest,8.01,13.3,0.9
CHK-003305,BAT-001102,2025-11-26 15:27:00,pre_dispatch,6.36,13.5,2.0
CHK-003306,BAT-001102,2025-11-27 11:58:00,arrival,5.36,13.3,13.8
CHK-003307,BAT-001103,2025-09-28 08:15:00,harvest,8.44,14.5,1.1
CHK-003308,BAT-001103,2026-02-05 07:48:36,pre_dispatch,5.48,15.6,3.2
CHK-003309,BAT-001103,2026-02-07 01:52:48,arrival,6.13,16.2,11.5
CHK-003310,BAT-001104,2025-06-07 08:45:00,harvest,6.8,15.0,3.7
CHK-003311,BAT-001104,2025-06-12 10:18:36,pre_dispatch,6.75,15.2,6.0
CHK-003312,BAT-001104,2025-06-12 19:56:24,arrival,4.77,12.0,11.7
CHK-003313,BAT-001105,2025-09-02 14:30:00,harvest,6.87,13.0,3.3
CHK-003314,BAT-001105,2025-11-15 16:41:24,pre_dispatch,5.1,12.2,1.7
CHK-003315,BAT-001105,2025-11-17 12:59:48,arrival,6.67,16.7,11.8
CHK-003316,BAT-001106,2025-09-04 13:15:00,harvest,7.26,11.3,2.6
CHK-003317,BAT-001106,2025-10-12 16:21:36,pre_dispatch,7.08,11.8,5.6
CHK-003318,BAT-001106,2025-10-13 00:15:12,arrival,7.04,15.0,4.3
CHK-003319,BAT-001107,2025-08-09 11:30:00,harvest,7.81,11.9,2.0
CHK-003320,BAT-001107,2025-08-16 12:46:12,pre_dispatch,5.24,14.1,5.4
CHK-003321,BAT-001107,2025-08-16 21:11:48,arrival,5.52,12.6,14.7
CHK-003322,BAT-001108,2025-08-21 08:15:00,harvest,7.18,15.0,2.4
CHK-003323,BAT-001108,2025-12-29 09:46:12,pre_dispatch,6.4,17.0,4.7
CHK-003324,BAT-001108,2025-12-29 17:58:48,arrival,7.1,15.7,14.5
CHK-003325,BAT-001109,2025-09-04 15:30:00,harvest,6.88,14.3,2.7
CHK-003326,BAT-001109,2025-12-21 16:01:48,pre_dispatch,7.05,13.5,6.4
CHK-003327,BAT-001109,2025-12-21 23:41:00,arrival,4.35,13.5,11.8
CHK-003328,BAT-001110,2025-08-16 12:15:00,harvest,7.59,11.3,2.2
CHK-003329,BAT-001110,2025-08-31 13:35:24,pre_dispatch,7.65,14.8,5.2
CHK-003330,BAT-001110,2025-09-01 10:02:36,arrival,6.04,13.7,9.1
CHK-003331,BAT-001111,2025-08-28 11:30:00,harvest,7.42,14.7,1.0
CHK-003332,BAT-001111,2025-09-08 13:29:24,pre_dispatch,5.91,15.6,1.4
CHK-003333,BAT-001111,2025-09-10 02:14:24,arrival,4.88,14.3,11.9
CHK-003334,BAT-001112,2025-10-12 14:15:00,harvest,7.21,12.0,1.2
CHK-003335,BAT-001112,2026-01-19 14:55:12,pre_dispatch,6.74,13.0,7.0
CHK-003336,BAT-001112,2026-01-20 03:01:48,arrival,4.09,17.2,15.2
CHK-003337,BAT-001113,2025-10-03 08:00:00,harvest,7.97,14.7,2.8
CHK-003338,BAT-001113,2025-11-08 10:33:00,pre_dispatch,6.78,16.9,7.2
CHK-003339,BAT-001113,2025-11-08 22:20:48,arrival,4.64,15.4,13.3
CHK-003340,BAT-001114,2025-08-21 12:00:00,harvest,7.18,12.6,1.4
CHK-003341,BAT-001114,2025-09-10 12:33:00,pre_dispatch,6.04,15.2,3.4
CHK-003342,BAT-001114,2025-09-12 01:50:36,arrival,6.16,13.4,5.5
CHK-003343,BAT-001115,2025-10-23 09:15:00,harvest,7.18,11.8,1.5
CHK-003344,BAT-001115,2026-02-01 12:39:00,pre_dispatch,5.97,11.6,3.2
CHK-003345,BAT-001115,2026-02-02 15:23:48,arrival,7.02,16.4,1.7
CHK-003346,BAT-001116,2025-07-03 08:15:00,harvest,7.19,14.7,1.6
CHK-003347,BAT-001116,2025-07-24 09:19:12,pre_dispatch,7.4,12.0,4.8
CHK-003348,BAT-001116,2025-07-24 20:11:12,arrival,5.49,13.5,6.0
CHK-003349,BAT-001117,2025-09-15 14:30:00,harvest,8.09,11.6,0.7
CHK-003350,BAT-001117,2025-09-24 17:04:48,pre_dispatch,6.83,12.5,7.9
CHK-003351,BAT-001117,2025-09-26 06:00:24,arrival,4.36,13.1,9.7
CHK-003352,BAT-001118,2025-10-21 14:15:00,harvest,7.32,11.6,0.8
CHK-003353,BAT-001118,2025-12-05 17:46:12,pre_dispatch,6.15,16.3,5.8
CHK-003354,BAT-001118,2025-12-06 06:24:12,arrival,6.41,16.7,2.5
CHK-003355,BAT-001119,2025-10-07 12:00:00,harvest,7.46,15.3,0.5
CHK-003356,BAT-001119,2025-12-29 12:37:48,pre_dispatch,6.67,13.5,7.2
CHK-003357,BAT-001119,2025-12-30 06:38:12,arrival,5.93,16.8,4.6
CHK-003358,BAT-001120,2025-09-15 14:00:00,harvest,8.13,14.2,4.0
CHK-003359,BAT-001120,2026-03-01 15:45:36,pre_dispatch,7.44,15.3,7.6
CHK-003360,BAT-001120,2026-03-02 03:10:00,arrival,6.7,12.1,5.8
CHK-003361,BAT-001121,2025-09-26 09:30:00,harvest,6.73,12.0,3.7
CHK-003362,BAT-001121,2025-10-12 09:57:36,pre_dispatch,7.0,14.1,6.0
CHK-003363,BAT-001121,2025-10-13 22:45:24,arrival,4.68,15.0,5.6
CHK-003364,BAT-001122,2025-07-26 12:45:00,harvest,6.87,13.1,1.1
CHK-003365,BAT-001122,2025-08-07 16:33:00,pre_dispatch,7.31,16.7,4.3
CHK-003366,BAT-001122,2025-08-08 04:29:48,arrival,7.17,14.8,13.6
CHK-003367,BAT-001123,2025-09-18 12:30:00,harvest,7.58,11.9,2.7
CHK-003368,BAT-001123,2026-03-04 16:05:24,pre_dispatch,5.33,13.4,3.8
CHK-003369,BAT-001123,2026-03-05 12:04:48,arrival,4.33,14.9,9.7
CHK-003370,BAT-001124,2025-08-25 09:15:00,harvest,7.04,12.1,0.6
CHK-003371,BAT-001124,2025-10-27 12:22:48,pre_dispatch,5.71,12.5,4.4
CHK-003372,BAT-001124,2025-10-27 22:28:24,arrival,6.3,15.8,17.8
CHK-003373,BAT-001125,2025-10-08 07:00:00,harvest,6.77,11.9,3.8
CHK-003374,BAT-001125,2026-02-25 07:46:48,pre_dispatch,6.92,16.1,4.2
CHK-003375,BAT-001125,2026-02-26 04:38:12,arrival,4.54,11.6,17.1
CHK-003376,BAT-001126,2025-09-26 09:15:00,harvest,6.51,12.1,3.6
CHK-003377,BAT-001126,2026-01-09 09:15:36,pre_dispatch,5.67,13.2,7.0
CHK-003378,BAT-001126,2026-01-10 19:43:12,arrival,5.5,12.3,15.6
CHK-003379,BAT-001127,2025-08-11 12:00:00,harvest,7.2,16.3,2.5
CHK-003380,BAT-001127,2025-08-28 12:52:12,pre_dispatch,5.68,12.9,2.5
CHK-003381,BAT-001127,2025-08-28 22:26:00,arrival,6.04,17.1,5.2
CHK-003382,BAT-001128,2025-07-06 12:15:00,harvest,6.76,11.9,1.7
CHK-003383,BAT-001128,2025-07-22 13:34:12,pre_dispatch,7.72,15.7,2.1
CHK-003384,BAT-001128,2025-07-22 20:57:36,arrival,7.16,15.9,17.1
CHK-003385,BAT-001129,2025-10-18 08:45:00,harvest,7.2,12.1,3.5
CHK-003386,BAT-001129,2025-12-22 08:20:24,pre_dispatch,5.48,14.9,3.1
CHK-003387,BAT-001129,2025-12-23 09:50:12,arrival,4.21,13.8,2.9
CHK-003388,BAT-001130,2025-09-18 09:15:00,harvest,6.94,12.7,3.9
CHK-003389,BAT-001130,2025-10-26 12:40:48,pre_dispatch,7.54,15.1,4.2
CHK-003390,BAT-001130,2025-10-27 06:42:24,arrival,5.46,13.8,7.8
CHK-003391,BAT-001131,2025-08-24 10:30:00,harvest,8.2,11.8,3.7
CHK-003392,BAT-001131,2025-09-19 11:39:00,pre_dispatch,6.23,12.3,2.4
CHK-003393,BAT-001131,2025-09-20 10:38:12,arrival,4.74,14.0,8.7
CHK-003394,BAT-001132,2025-09-03 13:00:00,harvest,8.03,16.4,1.3
CHK-003395,BAT-001132,2025-09-09 15:55:48,pre_dispatch,5.5,16.5,3.8
CHK-003396,BAT-001132,2025-09-11 10:42:00,arrival,5.62,11.9,15.9
CHK-003397,BAT-001133,2025-09-02 10:30:00,harvest,7.93,11.2,3.6
CHK-003398,BAT-001133,2025-12-10 14:28:12,pre_dispatch,6.88,13.2,6.8
CHK-003399,BAT-001133,2025-12-12 02:54:36,arrival,6.3,16.4,1.6
CHK-003400,BAT-001134,2025-07-02 12:00:00,harvest,7.27,12.2,2.5
CHK-003401,BAT-001134,2025-07-08 15:29:24,pre_dispatch,6.81,12.7,2.9
CHK-003402,BAT-001134,2025-07-09 23:24:24,arrival,5.88,12.2,3.8
CHK-003403,BAT-001135,2025-10-02 11:00:00,harvest,6.51,15.7,2.4
CHK-003404,BAT-001135,2025-12-30 12:27:00,pre_dispatch,5.73,13.0,1.4
CHK-003405,BAT-001135,2025-12-31 01:40:12,arrival,5.72,15.1,12.4
CHK-003406,BAT-001136,2025-09-09 10:30:00,harvest,7.79,15.8,2.1
CHK-003407,BAT-001136,2025-09-20 13:56:24,pre_dispatch,6.49,16.8,7.0
CHK-003408,BAT-001136,2025-09-22 01:20:48,arrival,7.02,16.8,8.0
CHK-003409,BAT-001137,2025-10-10 08:15:00,harvest,7.16,14.5,3.4
CHK-003410,BAT-001137,2025-10-28 09:50:24,pre_dispatch,5.81,16.2,6.7
CHK-003411,BAT-001137,2025-10-29 18:15:12,arrival,7.12,12.3,10.3
CHK-003412,BAT-001138,2025-08-31 13:00:00,harvest,7.23,11.0,3.0
CHK-003413,BAT-001138,2026-01-05 13:12:00,pre_dispatch,6.18,12.9,4.9
CHK-003414,BAT-001138,2026-01-05 22:57:24,arrival,4.64,16.1,9.9
CHK-003415,BAT-001139,2025-09-26 11:30:00,harvest,6.63,11.6,2.6
CHK-003416,BAT-001139,2025-12-20 14:03:00,pre_dispatch,7.23,14.6,8.3
CHK-003417,BAT-001139,2025-12-21 07:24:24,arrival,4.75,16.1,16.4
CHK-003418,BAT-001140,2025-10-15 07:00:00,harvest,6.77,13.9,0.8
CHK-003419,BAT-001140,2026-01-07 10:27:36,pre_dispatch,5.94,15.6,7.7
CHK-003420,BAT-001140,2026-01-09 00:07:12,arrival,4.1,13.7,15.3
CHK-003421,BAT-001141,2025-10-03 10:30:00,harvest,6.96,12.7,2.9
CHK-003422,BAT-001141,2025-12-04 11:13:12,pre_dispatch,7.62,15.4,2.5
CHK-003423,BAT-001141,2025-12-04 20:36:00,arrival,7.06,13.9,4.4
CHK-003424,BAT-001142,2025-09-10 08:00:00,harvest,7.44,12.4,1.2
CHK-003425,BAT-001142,2025-10-31 08:38:24,pre_dispatch,5.58,15.1,3.1
CHK-003426,BAT-001142,2025-11-01 04:43:36,arrival,5.53,11.8,15.0
CHK-003427,BAT-001143,2025-09-07 11:15:00,harvest,7.9,12.8,3.9
CHK-003428,BAT-001143,2025-09-26 12:49:48,pre_dispatch,7.15,12.0,4.3
CHK-003429,BAT-001143,2025-09-28 06:11:00,arrival,5.88,12.3,8.2
CHK-003430,BAT-001144,2025-07-09 14:45:00,harvest,7.19,13.1,2.2
CHK-003431,BAT-001144,2025-07-14 18:31:12,pre_dispatch,7.3,16.9,5.0
CHK-003432,BAT-001144,2025-07-15 14:59:00,arrival,5.57,15.1,16.1
CHK-003433,BAT-001145,2025-10-03 12:15:00,harvest,8.34,13.1,3.3
CHK-003434,BAT-001145,2026-01-15 13:54:00,pre_dispatch,5.13,12.6,4.5
CHK-003435,BAT-001145,2026-01-16 07:51:00,arrival,7.15,12.4,5.7
CHK-003436,BAT-001146,2025-10-08 11:30:00,harvest,8.05,14.8,3.3
CHK-003437,BAT-001146,2025-12-25 13:25:48,pre_dispatch,6.32,16.4,4.3
CHK-003438,BAT-001146,2025-12-26 06:33:00,arrival,5.46,14.0,14.5
CHK-003439,BAT-001147,2025-09-13 09:45:00,harvest,6.61,14.1,1.7
CHK-003440,BAT-001147,2025-10-31 11:33:36,pre_dispatch,5.38,16.3,2.5
CHK-003441,BAT-001147,2025-10-31 19:01:36,arrival,5.59,15.2,10.6
CHK-003442,BAT-001148,2025-09-30 12:30:00,harvest,7.87,13.3,3.3
CHK-003443,BAT-001148,2025-11-22 14:45:36,pre_dispatch,7.08,15.1,5.4
CHK-003444,BAT-001148,2025-11-23 02:48:00,arrival,5.82,12.9,3.0
CHK-003445,BAT-001149,2025-09-27 15:45:00,harvest,7.91,11.3,3.8
CHK-003446,BAT-001149,2025-11-30 18:14:24,pre_dispatch,5.24,12.4,7.1
CHK-003447,BAT-001149,2025-12-01 06:29:12,arrival,4.91,16.4,8.3
CHK-003448,BAT-001150,2025-09-20 08:30:00,harvest,7.48,11.5,3.7
CHK-003449,BAT-001150,2025-11-09 09:20:24,pre_dispatch,6.62,11.7,4.3
CHK-003450,BAT-001150,2025-11-10 04:43:12,arrival,6.01,12.9,1.7
CHK-003451,BAT-001151,2025-08-15 08:30:00,harvest,6.85,14.5,2.3
CHK-003452,BAT-001151,2025-09-06 08:52:12,pre_dispatch,6.98,15.0,3.3
CHK-003453,BAT-001151,2025-09-06 21:47:12,arrival,6.75,15.0,6.0
CHK-003454,BAT-001152,2025-09-09 09:00:00,harvest,6.8,11.6,0.5
CHK-003455,BAT-001152,2025-12-20 09:45:00,pre_dispatch,6.69,14.8,2.3
CHK-003456,BAT-001152,2025-12-20 18:06:12,arrival,6.74,16.4,3.4
CHK-003457,BAT-001153,2025-08-22 11:45:00,harvest,7.16,12.8,3.8
CHK-003458,BAT-001153,2025-09-11 14:08:24,pre_dispatch,6.12,13.9,3.0
CHK-003459,BAT-001153,2025-09-13 08:43:00,arrival,5.96,15.9,13.3
CHK-003460,BAT-001154,2025-07-31 11:15:00,harvest,7.82,14.3,3.1
CHK-003461,BAT-001154,2025-08-16 14:21:00,pre_dispatch,5.73,15.7,2.0
CHK-003462,BAT-001154,2025-08-18 02:52:12,arrival,5.2,17.0,3.8
CHK-003463,BAT-001155,2025-05-30 11:15:00,harvest,6.79,16.2,1.6
CHK-003464,BAT-001155,2025-06-04 11:20:24,pre_dispatch,5.88,11.9,6.5
CHK-003465,BAT-001155,2025-06-05 08:08:12,arrival,6.25,14.9,9.5
CHK-003466,BAT-001156,2025-10-10 15:00:00,harvest,6.82,15.5,2.1
CHK-003467,BAT-001156,2026-01-20 17:42:36,pre_dispatch,6.37,16.2,8.4
CHK-003468,BAT-001156,2026-01-22 11:53:48,arrival,4.2,11.8,4.0
CHK-003469,BAT-001157,2025-10-03 07:45:00,harvest,6.58,11.5,2.6
CHK-003470,BAT-001157,2025-11-07 09:48:00,pre_dispatch,5.31,15.9,5.0
CHK-003471,BAT-001157,2025-11-08 03:06:24,arrival,4.12,15.7,6.4
CHK-003472,BAT-001158,2025-10-14 13:00:00,harvest,7.66,16.2,0.6
CHK-003473,BAT-001158,2026-01-01 16:24:36,pre_dispatch,7.08,12.2,2.0
CHK-003474,BAT-001158,2026-01-02 08:20:00,arrival,6.74,16.9,1.8
CHK-003475,BAT-001159,2025-09-01 08:45:00,harvest,7.67,15.5,2.7
CHK-003476,BAT-001159,2025-12-26 09:13:48,pre_dispatch,7.14,16.5,5.6
CHK-003477,BAT-001159,2025-12-27 05:47:48,arrival,5.19,13.7,15.1
CHK-003478,BAT-001160,2025-08-28 09:00:00,harvest,7.15,14.2,1.5
CHK-003479,BAT-001160,2025-11-15 10:25:48,pre_dispatch,7.25,13.6,1.4
CHK-003480,BAT-001160,2025-11-16 22:50:24,arrival,6.48,14.6,4.8
CHK-003481,BAT-001161,2025-10-21 15:00:00,harvest,7.67,11.4,3.1
CHK-003482,BAT-001161,2026-02-04 15:43:12,pre_dispatch,6.44,12.6,1.8
CHK-003483,BAT-001161,2026-02-06 12:32:48,arrival,6.49,16.7,6.6
CHK-003484,BAT-001162,2025-08-09 07:45:00,harvest,6.97,13.4,0.8
CHK-003485,BAT-001162,2025-09-02 08:36:36,pre_dispatch,7.66,12.5,8.0
CHK-003486,BAT-001162,2025-09-02 21:49:00,arrival,6.58,17.0,14.0
CHK-003487,BAT-001163,2025-08-24 08:15:00,harvest,7.58,13.9,3.2
CHK-003488,BAT-001163,2025-12-16 11:31:12,pre_dispatch,5.45,11.7,3.7
CHK-003489,BAT-001163,2025-12-18 00:34:48,arrival,5.22,13.1,2.6
CHK-003490,BAT-001164,2025-06-20 13:00:00,harvest,7.32,16.0,0.9
CHK-003491,BAT-001164,2025-06-28 12:48:00,pre_dispatch,6.41,12.0,5.2
CHK-003492,BAT-001164,2025-06-28 21:43:12,arrival,5.01,14.0,8.4
CHK-003493,BAT-001165,2025-06-27 14:30:00,harvest,6.56,14.3,3.4
CHK-003494,BAT-001165,2025-07-14 18:00:36,pre_dispatch,5.81,14.0,8.2
CHK-003495,BAT-001165,2025-07-15 11:07:12,arrival,4.88,15.5,3.3
CHK-003496,BAT-001166,2025-09-27 12:00:00,harvest,8.2,16.0,0.7
CHK-003497,BAT-001166,2025-12-08 13:30:36,pre_dispatch,5.09,11.9,4.6
CHK-003498,BAT-001166,2025-12-09 22:24:12,arrival,5.42,12.7,12.4
CHK-003499,BAT-001167,2025-09-20 11:45:00,harvest,7.39,15.6,0.9
CHK-003500,BAT-001167,2025-10-04 11:33:00,pre_dispatch,5.77,16.1,1.9
CHK-003501,BAT-001167,2025-10-04 22:40:00,arrival,6.35,15.2,5.9
CHK-003502,BAT-001168,2025-09-20 15:15:00,harvest,7.73,12.4,2.4
CHK-003503,BAT-001168,2025-11-23 14:55:12,pre_dispatch,7.45,12.2,5.3
CHK-003504,BAT-001168,2025-11-24 12:06:48,arrival,4.57,15.7,15.0
CHK-003505,BAT-001169,2025-09-28 15:45:00,harvest,7.54,16.0,3.2
CHK-003506,BAT-001169,2026-02-13 17:39:36,pre_dispatch,5.78,13.7,1.0
CHK-003507,BAT-001169,2026-02-15 10:45:48,arrival,6.69,16.7,11.1
CHK-003508,BAT-001170,2025-10-15 08:45:00,harvest,7.83,16.4,3.0
CHK-003509,BAT-001170,2026-01-27 08:27:00,pre_dispatch,6.71,11.6,5.5
CHK-003510,BAT-001170,2026-01-28 17:16:48,arrival,4.81,15.9,3.9
CHK-003511,BAT-001171,2025-08-12 10:45:00,harvest,7.6,13.8,1.4
CHK-003512,BAT-001171,2025-08-21 11:15:00,pre_dispatch,7.02,12.5,4.9
CHK-003513,BAT-001171,2025-08-23 05:03:12,arrival,4.86,16.9,12.8
CHK-003514,BAT-001172,2025-10-21 15:30:00,harvest,6.87,12.7,1.7
CHK-003515,BAT-001172,2026-03-05 16:52:12,pre_dispatch,6.15,16.4,3.7
CHK-003516,BAT-001172,2026-03-06 05:25:12,arrival,5.58,13.1,13.1
CHK-003517,BAT-001173,2025-08-29 15:45:00,harvest,8.21,13.7,1.3
CHK-003518,BAT-001173,2025-12-11 17:19:12,pre_dispatch,6.84,16.5,4.3
CHK-003519,BAT-001173,2025-12-13 04:48:12,arrival,4.86,13.6,13.4
CHK-003520,BAT-001174,2025-08-14 11:30:00,harvest,7.24,14.7,2.7
CHK-003521,BAT-001174,2025-08-25 12:44:24,pre_dispatch,5.52,12.9,5.6
CHK-003522,BAT-001174,2025-08-26 09:44:36,arrival,6.79,16.1,9.8
CHK-003523,BAT-001175,2025-08-22 08:00:00,harvest,6.51,13.0,1.8
CHK-003524,BAT-001175,2026-01-20 10:34:48,pre_dispatch,6.53,15.2,1.7
CHK-003525,BAT-001175,2026-01-22 04:26:24,arrival,5.65,13.6,9.1
CHK-003526,BAT-001176,2025-10-14 09:45:00,harvest,7.63,11.3,0.9
CHK-003527,BAT-001176,2025-12-04 09:24:36,pre_dispatch,6.52,15.0,6.3
CHK-003528,BAT-001176,2025-12-05 05:15:36,arrival,5.73,16.0,7.5
CHK-003529,BAT-001177,2025-10-21 11:30:00,harvest,8.32,11.2,1.5
CHK-003530,BAT-001177,2025-12-01 12:10:12,pre_dispatch,6.18,14.8,3.3
CHK-003531,BAT-001177,2025-12-02 08:46:48,arrival,7.08,13.5,7.1
CHK-003532,BAT-001178,2025-08-29 12:15:00,harvest,8.28,13.8,0.7
CHK-003533,BAT-001178,2025-09-18 12:30:00,pre_dispatch,6.53,11.9,2.0
CHK-003534,BAT-001178,2025-09-18 20:40:24,arrival,6.42,16.8,16.4
CHK-003535,BAT-001179,2025-10-17 15:45:00,harvest,7.12,13.1,1.2
CHK-003536,BAT-001179,2026-01-14 15:31:12,pre_dispatch,7.8,12.4,2.5
CHK-003537,BAT-001179,2026-01-15 12:28:24,arrival,6.02,13.9,5.3
CHK-003538,BAT-001180,2025-08-22 09:45:00,harvest,7.26,16.4,3.1
CHK-003539,BAT-001180,2025-12-10 12:31:48,pre_dispatch,6.02,13.9,5.5
CHK-003540,BAT-001180,2025-12-10 22:43:48,arrival,5.93,15.4,12.9
CHK-003541,BAT-001181,2025-09-26 13:30:00,harvest,8.19,14.2,1.8
CHK-003542,BAT-001181,2025-10-10 14:47:24,pre_dispatch,6.47,11.7,4.7
CHK-003543,BAT-001181,2025-10-10 23:32:12,arrival,6.42,14.2,3.0
CHK-003544,BAT-001182,2025-10-23 09:00:00,harvest,8.12,14.4,2.2
CHK-003545,BAT-001182,2026-01-14 09:42:36,pre_dispatch,5.68,16.4,4.9
CHK-003546,BAT-001182,2026-01-16 03:44:36,arrival,4.71,13.5,15.0
CHK-003547,BAT-001183,2025-09-15 15:15:00,harvest,7.08,14.2,2.3
CHK-003548,BAT-001183,2025-11-14 18:16:12,pre_dispatch,5.91,11.5,6.8
CHK-003549,BAT-001183,2025-11-16 12:12:12,arrival,5.82,14.7,15.4
CHK-003550,BAT-001184,2025-10-05 15:30:00,harvest,7.96,16.1,1.8
CHK-003551,BAT-001184,2026-02-10 18:16:48,pre_dispatch,5.16,14.4,2.3
CHK-003552,BAT-001184,2026-02-12 12:30:36,arrival,6.26,15.8,6.8
CHK-003553,BAT-001185,2025-08-24 15:45:00,harvest,7.54,16.4,3.8
CHK-003554,BAT-001185,2025-11-07 17:45:00,pre_dispatch,5.31,14.5,1.2
CHK-003555,BAT-001185,2025-11-09 12:00:36,arrival,6.09,12.0,4.3
CHK-003556,BAT-001186,2025-08-30 13:15:00,harvest,7.27,13.7,3.2
CHK-003557,BAT-001186,2025-09-16 13:18:00,pre_dispatch,5.86,15.1,1.4
CHK-003558,BAT-001186,2025-09-16 21:50:24,arrival,5.67,14.4,4.7
CHK-003559,BAT-001187,2025-09-27 08:00:00,harvest,8.17,13.0,1.6
CHK-003560,BAT-001187,2025-12-03 09:26:24,pre_dispatch,6.38,11.7,3.1
CHK-003561,BAT-001187,2025-12-03 22:05:00,arrival,5.51,16.0,11.8
CHK-003562,BAT-001188,2025-08-25 11:45:00,harvest,7.22,12.4,1.7
CHK-003563,BAT-001188,2025-08-28 14:00:36,pre_dispatch,7.38,14.7,5.5
CHK-003564,BAT-001188,2025-08-29 01:47:24,arrival,4.35,12.2,13.8
CHK-003565,BAT-001189,2025-07-25 13:00:00,harvest,7.6,15.1,3.3
CHK-003566,BAT-001189,2025-08-01 14:51:00,pre_dispatch,7.37,13.2,6.0
CHK-003567,BAT-001189,2025-08-02 10:27:36,arrival,6.13,15.1,5.2
CHK-003568,BAT-001190,2025-09-11 11:00:00,harvest,6.96,12.8,3.0
CHK-003569,BAT-001190,2025-12-05 12:09:36,pre_dispatch,6.17,15.0,2.7
CHK-003570,BAT-001190,2025-12-06 20:44:24,arrival,6.34,12.3,10.3
CHK-003571,BAT-001191,2025-09-17 15:45:00,harvest,7.69,14.2,3.1
CHK-003572,BAT-001191,2026-01-01 15:28:48,pre_dispatch,5.18,14.9,8.1
CHK-003573,BAT-001191,2026-01-02 00:38:48,arrival,4.18,13.4,14.6
CHK-003574,BAT-001192,2025-09-15 12:30:00,harvest,8.18,15.2,1.4
CHK-003575,BAT-001192,2025-12-03 12:54:00,pre_dispatch,7.08,14.8,7.4
CHK-003576,BAT-001192,2025-12-04 09:10:12,arrival,4.93,15.6,14.9
CHK-003577,BAT-001193,2025-09-28 11:00:00,harvest,7.65,11.3,1.0
CHK-003578,BAT-001193,2026-01-31 14:02:24,pre_dispatch,7.34,12.8,4.3
CHK-003579,BAT-001193,2026-02-01 00:00:00,arrival,5.55,12.2,2.2
CHK-003580,BAT-001194,2025-10-11 11:45:00,harvest,6.99,13.4,1.2
CHK-003581,BAT-001194,2025-12-03 12:06:00,pre_dispatch,6.88,14.5,6.8
CHK-003582,BAT-001194,2025-12-04 00:25:00,arrival,5.92,14.4,14.1
CHK-003583,BAT-001195,2025-09-11 15:00:00,harvest,8.35,11.6,1.4
CHK-003584,BAT-001195,2026-01-10 16:17:24,pre_dispatch,7.07,16.7,2.9
CHK-003585,BAT-001195,2026-01-12 00:52:36,arrival,6.84,13.5,6.8
CHK-003586,BAT-001196,2025-09-09 09:30:00,harvest,6.9,13.7,2.6
CHK-003587,BAT-001196,2025-11-29 13:00:36,pre_dispatch,6.3,12.6,1.4
CHK-003588,BAT-001196,2025-11-30 00:13:00,arrival,7.14,12.3,12.3
CHK-003589,BAT-001197,2025-10-17 07:30:00,harvest,8.49,11.8,2.0
CHK-003590,BAT-001197,2026-01-18 07:41:24,pre_dispatch,5.95,15.4,2.2
CHK-003591,BAT-001197,2026-01-18 18:51:00,arrival,4.52,16.6,10.4
CHK-003592,BAT-001198,2025-10-02 15:45:00,harvest,7.08,14.3,2.5
CHK-003593,BAT-001198,2026-01-02 15:57:00,pre_dispatch,6.85,14.5,2.7
CHK-003594,BAT-001198,2026-01-04 03:31:12,arrival,5.39,13.2,10.5
CHK-003595,BAT-001199,2025-09-21 13:30:00,harvest,7.21,13.4,1.3
CHK-003596,BAT-001199,2025-11-13 16:00:36,pre_dispatch,7.7,16.8,6.2
CHK-003597,BAT-001199,2025-11-14 11:41:36,arrival,6.85,15.0,5.2
CHK-003598,BAT-001200,2025-10-04 08:15:00,harvest,8.28,15.4,0.8
CHK-003599,BAT-001200,2025-12-05 12:14:24,pre_dispatch,6.12,14.6,2.7
CHK-003600,BAT-001200,2025-12-05 21:42:36,arrival,4.47,12.7,14.6
CHK-003601,BAT-001201,2025-10-02 11:30:00,harvest,7.84,11.6,0.6
CHK-003602,BAT-001201,2025-12-05 15:07:48,pre_dispatch,7.18,12.7,3.2
CHK-003603,BAT-001201,2025-12-05 23:34:24,arrival,5.56,15.0,12.8
CHK-003604,BAT-001202,2025-09-01 15:45:00,harvest,7.29,14.5,1.0
CHK-003605,BAT-001202,2025-09-15 17:43:12,pre_dispatch,7.71,14.6,5.8
CHK-003606,BAT-001202,2025-09-16 06:38:00,arrival,4.41,11.7,2.3
CHK-003607,BAT-001203,2025-06-22 15:15:00,harvest,7.94,12.5,0.9
CHK-003608,BAT-001203,2025-06-25 17:54:00,pre_dispatch,7.03,15.6,7.9
CHK-003609,BAT-001203,2025-06-27 11:14:24,arrival,4.04,13.6,4.2
CHK-003610,BAT-001204,2025-09-26 07:15:00,harvest,7.16,14.5,1.9
CHK-003611,BAT-001204,2026-02-25 10:58:48,pre_dispatch,5.39,13.6,3.5
CHK-003612,BAT-001204,2026-02-26 23:33:24,arrival,5.52,15.3,7.8
CHK-003613,BAT-001205,2025-10-13 09:00:00,harvest,7.88,13.7,1.6
CHK-003614,BAT-001205,2026-01-25 12:55:48,pre_dispatch,6.61,13.5,1.4
CHK-003615,BAT-001205,2026-01-27 07:42:00,arrival,6.72,12.9,8.4
CHK-003616,BAT-001206,2025-10-10 07:15:00,harvest,7.18,14.4,1.7
CHK-003617,BAT-001206,2025-10-30 06:47:24,pre_dispatch,6.7,14.2,2.6
CHK-003618,BAT-001206,2025-10-30 16:29:36,arrival,4.01,14.2,14.0
CHK-003619,BAT-001207,2025-07-15 15:00:00,harvest,7.32,14.6,2.0
CHK-003620,BAT-001207,2025-08-04 17:08:24,pre_dispatch,6.52,16.0,1.5
CHK-003621,BAT-001207,2025-08-05 12:05:00,arrival,4.39,16.0,7.5
CHK-003622,BAT-001208,2025-08-17 12:15:00,harvest,7.13,15.7,1.8
CHK-003623,BAT-001208,2025-09-08 12:02:24,pre_dispatch,7.51,11.8,4.3
CHK-003624,BAT-001208,2025-09-08 22:00:48,arrival,5.88,12.5,10.5
CHK-003625,BAT-001209,2025-08-25 10:30:00,harvest,6.74,12.3,1.8
CHK-003626,BAT-001209,2026-01-01 10:49:48,pre_dispatch,6.28,14.8,5.4
CHK-003627,BAT-001209,2026-01-02 08:06:48,arrival,6.82,17.0,12.9
CHK-003628,BAT-001210,2025-10-09 10:00:00,harvest,7.96,12.6,3.0
CHK-003629,BAT-001210,2025-10-28 11:34:48,pre_dispatch,6.45,16.9,1.6
CHK-003630,BAT-001210,2025-10-28 23:07:36,arrival,4.02,12.4,3.7
CHK-003631,BAT-001211,2025-08-03 09:45:00,harvest,7.33,13.2,1.6
CHK-003632,BAT-001211,2025-08-12 10:20:24,pre_dispatch,5.11,16.4,7.9
CHK-003633,BAT-001211,2025-08-13 22:01:24,arrival,6.43,15.9,10.1
CHK-003634,BAT-001212,2025-10-15 12:00:00,harvest,6.78,14.4,2.3
CHK-003635,BAT-001212,2026-01-13 14:45:36,pre_dispatch,5.76,11.7,8.3
CHK-003636,BAT-001212,2026-01-13 23:11:48,arrival,5.06,14.2,14.7
CHK-003637,BAT-001213,2025-10-20 08:30:00,harvest,7.74,15.4,3.5
CHK-003638,BAT-001213,2025-11-30 11:18:00,pre_dispatch,5.22,16.8,7.2
CHK-003639,BAT-001213,2025-11-30 20:49:48,arrival,6.47,11.9,4.1
CHK-003640,BAT-001214,2025-09-03 08:45:00,harvest,7.14,13.3,1.9
CHK-003641,BAT-001214,2026-01-14 09:31:48,pre_dispatch,6.91,14.8,7.0
CHK-003642,BAT-001214,2026-01-15 05:39:12,arrival,5.32,16.0,16.4
CHK-003643,BAT-001215,2025-10-07 10:15:00,harvest,7.66,16.2,3.7
CHK-003644,BAT-001215,2026-01-16 09:59:24,pre_dispatch,5.37,16.3,2.4
CHK-003645,BAT-001215,2026-01-17 20:06:00,arrival,7.04,13.8,12.2
CHK-003646,BAT-001216,2025-06-23 08:00:00,harvest,6.83,14.0,0.8
CHK-003647,BAT-001216,2025-06-27 09:50:24,pre_dispatch,7.0,13.0,4.8
CHK-003648,BAT-001216,2025-06-28 06:43:48,arrival,5.41,14.0,8.2
CHK-003649,BAT-001217,2025-09-22 12:00:00,harvest,7.93,15.0,1.2
CHK-003650,BAT-001217,2025-10-10 14:20:24,pre_dispatch,6.35,12.4,7.2
CHK-003651,BAT-001217,2025-10-11 21:35:24,arrival,5.48,13.7,2.4
CHK-003652,BAT-001218,2025-09-29 07:45:00,harvest,6.76,12.4,1.9
CHK-003653,BAT-001218,2026-02-25 08:15:36,pre_dispatch,5.93,14.4,5.7
CHK-003654,BAT-001218,2026-02-26 02:19:36,arrival,7.01,15.1,13.4
CHK-003655,BAT-001219,2025-08-15 07:15:00,harvest,8.29,13.9,3.4
CHK-003656,BAT-001219,2025-09-04 08:04:12,pre_dispatch,6.59,14.3,8.0
CHK-003657,BAT-001219,2025-09-05 16:51:24,arrival,4.26,13.3,6.5
CHK-003658,BAT-001220,2025-09-24 11:30:00,harvest,8.03,13.0,3.2
CHK-003659,BAT-001220,2025-12-08 13:24:00,pre_dispatch,7.05,13.6,4.4
CHK-003660,BAT-001220,2025-12-09 08:43:12,arrival,6.9,13.4,12.7
CHK-003661,BAT-001221,2025-10-21 11:15:00,harvest,6.83,15.9,1.7
CHK-003662,BAT-001221,2026-01-13 14:33:00,pre_dispatch,7.0,13.0,3.1
CHK-003663,BAT-001221,2026-01-14 04:52:48,arrival,4.78,12.1,10.1
CHK-003664,BAT-001222,2025-09-18 13:15:00,harvest,8.03,12.1,2.2
CHK-003665,BAT-001222,2025-10-19 15:29:24,pre_dispatch,5.1,12.5,5.5
CHK-003666,BAT-001222,2025-10-20 09:12:24,arrival,6.99,15.3,4.6
CHK-003667,BAT-001223,2025-06-14 11:30:00,harvest,7.83,15.3,0.9
CHK-003668,BAT-001223,2025-06-22 13:50:24,pre_dispatch,7.09,15.7,1.9
CHK-003669,BAT-001223,2025-06-23 10:43:00,arrival,7.04,14.4,2.2
CHK-003670,BAT-001224,2025-09-30 11:45:00,harvest,8.11,12.3,2.8
CHK-003671,BAT-001224,2025-10-10 13:34:12,pre_dispatch,6.82,14.1,7.3
CHK-003672,BAT-001224,2025-10-11 08:31:12,arrival,5.33,13.9,6.8
CHK-003673,BAT-001225,2025-10-20 09:15:00,harvest,8.03,16.3,2.1
CHK-003674,BAT-001225,2025-11-14 11:18:00,pre_dispatch,7.79,11.7,1.6
CHK-003675,BAT-001225,2025-11-14 21:23:00,arrival,5.31,11.9,6.8
CHK-003676,BAT-001226,2025-09-19 13:45:00,harvest,8.42,14.8,3.2
CHK-003677,BAT-001226,2025-10-29 17:00:00,pre_dispatch,7.23,11.9,4.7
CHK-003678,BAT-001226,2025-10-31 04:51:00,arrival,6.11,12.3,2.1
CHK-003679,BAT-001227,2025-09-14 14:30:00,harvest,6.85,13.9,1.9
CHK-003680,BAT-001227,2025-10-25 16:06:36,pre_dispatch,6.37,13.3,4.5
CHK-003681,BAT-001227,2025-10-27 09:35:36,arrival,4.96,13.8,7.3
CHK-003682,BAT-001228,2025-09-01 12:15:00,harvest,6.84,13.6,1.9
CHK-003683,BAT-001228,2025-11-18 12:34:48,pre_dispatch,6.12,14.9,6.0
CHK-003684,BAT-001228,2025-11-20 06:22:48,arrival,4.45,16.3,12.1
CHK-003685,BAT-001229,2025-10-14 13:45:00,harvest,7.06,15.6,2.9
CHK-003686,BAT-001229,2026-01-17 17:18:00,pre_dispatch,5.82,11.6,2.6
CHK-003687,BAT-001229,2026-01-18 04:59:12,arrival,4.48,16.7,13.7
CHK-003688,BAT-001230,2025-10-04 14:00:00,harvest,7.17,16.5,2.8
CHK-003689,BAT-001230,2025-11-01 16:28:12,pre_dispatch,6.16,15.8,4.9
CHK-003690,BAT-001230,2025-11-03 04:20:00,arrival,5.58,15.3,6.5
CHK-003691,BAT-001231,2025-10-06 11:30:00,harvest,7.6,15.9,0.8
CHK-003692,BAT-001231,2026-03-05 11:58:12,pre_dispatch,7.12,15.2,4.0
CHK-003693,BAT-001231,2026-03-05 20:18:36,arrival,5.07,13.1,9.6
CHK-003694,BAT-001232,2025-09-06 08:00:00,harvest,7.88,13.1,2.6
CHK-003695,BAT-001232,2025-09-16 10:49:48,pre_dispatch,7.5,12.9,7.3
CHK-003696,BAT-001232,2025-09-18 04:46:48,arrival,5.14,11.6,16.6
CHK-003697,BAT-001233,2025-08-31 09:00:00,harvest,7.71,14.1,3.5
CHK-003698,BAT-001233,2025-11-29 11:42:36,pre_dispatch,5.45,16.4,5.3
CHK-003699,BAT-001233,2025-11-30 06:37:12,arrival,7.01,13.4,3.5
CHK-003700,BAT-001234,2025-10-15 08:00:00,harvest,6.94,14.8,2.7
CHK-003701,BAT-001234,2026-02-04 10:35:24,pre_dispatch,5.76,13.5,8.0
CHK-003702,BAT-001234,2026-02-05 06:47:12,arrival,6.43,15.3,17.1
CHK-003703,BAT-001235,2025-09-26 11:15:00,harvest,7.18,11.6,1.2
CHK-003704,BAT-001235,2025-10-24 10:59:24,pre_dispatch,5.35,15.4,7.5
CHK-003705,BAT-001235,2025-10-24 23:10:24,arrival,5.49,12.1,17.5
CHK-003706,BAT-001236,2025-10-21 09:45:00,harvest,7.88,11.3,1.3
CHK-003707,BAT-001236,2025-12-09 09:28:12,pre_dispatch,7.61,12.3,6.2
CHK-003708,BAT-001236,2025-12-10 16:42:00,arrival,4.53,13.6,5.1
CHK-003709,BAT-001237,2025-09-30 09:45:00,harvest,7.4,12.7,0.7
CHK-003710,BAT-001237,2025-11-01 10:43:12,pre_dispatch,5.53,14.2,5.2
CHK-003711,BAT-001237,2025-11-03 04:29:00,arrival,6.48,15.1,11.4
CHK-003712,BAT-001238,2025-08-18 15:45:00,harvest,6.52,15.7,1.4
CHK-003713,BAT-001238,2025-09-22 17:37:48,pre_dispatch,6.47,14.2,4.7
CHK-003714,BAT-001238,2025-09-24 05:50:36,arrival,5.15,16.4,15.2
CHK-003715,BAT-001239,2025-10-17 14:15:00,harvest,7.12,13.7,1.7
CHK-003716,BAT-001239,2026-01-02 17:09:36,pre_dispatch,7.09,16.0,2.4
CHK-003717,BAT-001239,2026-01-03 01:39:00,arrival,6.87,14.1,11.1
CHK-003718,BAT-001240,2025-07-24 13:00:00,harvest,7.06,13.5,2.6
CHK-003719,BAT-001240,2025-08-07 15:04:48,pre_dispatch,6.76,13.0,3.6
CHK-003720,BAT-001240,2025-08-08 11:20:24,arrival,5.74,13.5,8.6
CHK-003721,BAT-001241,2025-09-04 10:45:00,harvest,6.72,13.7,1.5
CHK-003722,BAT-001241,2026-01-02 13:49:48,pre_dispatch,5.67,13.1,6.7
CHK-003723,BAT-001241,2026-01-03 21:20:48,arrival,5.72,13.4,3.8
CHK-003724,BAT-001242,2025-09-25 07:15:00,harvest,7.58,15.3,3.0
CHK-003725,BAT-001242,2026-03-17 07:53:24,pre_dispatch,5.28,14.3,7.7
CHK-003726,BAT-001242,2026-03-19 01:42:24,arrival,6.97,11.5,9.9
CHK-003727,BAT-001243,2025-09-14 10:45:00,harvest,6.65,13.5,3.3
CHK-003728,BAT-001243,2025-09-23 13:49:12,pre_dispatch,5.63,14.8,8.1
CHK-003729,BAT-001243,2025-09-23 23:23:36,arrival,6.58,13.5,15.4
CHK-003730,BAT-001244,2025-09-05 11:45:00,harvest,6.94,12.9,0.7
CHK-003731,BAT-001244,2025-10-23 14:55:12,pre_dispatch,6.22,15.9,4.5
CHK-003732,BAT-001244,2025-10-24 00:21:36,arrival,4.99,12.5,7.8
CHK-003733,BAT-001245,2025-09-11 12:45:00,harvest,7.48,16.0,2.3
CHK-003734,BAT-001245,2025-10-19 12:25:12,pre_dispatch,7.77,15.0,3.9
CHK-003735,BAT-001245,2025-10-20 06:23:48,arrival,4.57,13.8,13.4
CHK-003736,BAT-001246,2025-09-01 13:45:00,harvest,7.55,16.4,0.9
CHK-003737,BAT-001246,2026-01-18 13:57:36,pre_dispatch,6.83,15.2,7.2
CHK-003738,BAT-001246,2026-01-19 01:59:48,arrival,4.44,11.9,17.8
CHK-003739,BAT-001247,2025-08-24 09:15:00,harvest,7.58,12.6,1.6
CHK-003740,BAT-001247,2026-01-07 12:09:00,pre_dispatch,6.05,15.8,7.8
CHK-003741,BAT-001247,2026-01-08 23:50:24,arrival,4.03,15.0,8.2
CHK-003742,BAT-001248,2025-09-06 15:45:00,harvest,7.98,13.7,3.8
CHK-003743,BAT-001248,2025-09-15 16:18:36,pre_dispatch,6.66,14.3,7.7
CHK-003744,BAT-001248,2025-09-16 00:45:36,arrival,5.84,14.4,3.6
CHK-003745,BAT-001249,2025-08-20 15:30:00,harvest,7.42,13.6,1.9
CHK-003746,BAT-001249,2025-11-13 17:45:00,pre_dispatch,7.04,13.5,5.1
CHK-003747,BAT-001249,2025-11-14 02:32:12,arrival,4.46,12.4,9.5
CHK-003748,BAT-001250,2025-08-25 10:15:00,harvest,8.45,11.6,1.3
CHK-003749,BAT-001250,2025-11-10 10:05:24,pre_dispatch,7.17,16.6,7.1
CHK-003750,BAT-001250,2025-11-12 05:38:48,arrival,5.55,17.2,13.6
CHK-003751,BAT-001251,2025-09-22 15:15:00,harvest,8.1,16.4,2.2
CHK-003752,BAT-001251,2025-11-25 18:35:24,pre_dispatch,6.72,13.3,2.3
CHK-003753,BAT-001251,2025-11-26 02:31:36,arrival,4.76,14.2,15.7
CHK-003754,BAT-001252,2025-09-01 07:45:00,harvest,7.87,13.0,3.3
CHK-003755,BAT-001252,2025-10-14 07:51:36,pre_dispatch,6.29,15.4,2.4
CHK-003756,BAT-001252,2025-10-15 21:48:00,arrival,6.19,13.6,3.2
CHK-003757,BAT-001253,2025-08-14 14:00:00,harvest,6.84,16.3,3.4
CHK-003758,BAT-001253,2025-09-08 13:30:36,pre_dispatch,6.83,13.4,1.9
CHK-003759,BAT-001253,2025-09-09 01:41:24,arrival,5.73,16.4,14.5
CHK-003760,BAT-001254,2025-09-29 08:30:00,harvest,7.08,11.1,1.7
CHK-003761,BAT-001254,2025-10-31 10:40:12,pre_dispatch,6.55,15.5,6.6
CHK-003762,BAT-001254,2025-11-01 04:16:12,arrival,4.5,16.1,4.3
CHK-003763,BAT-001255,2025-09-18 15:00:00,harvest,7.14,14.8,1.0
CHK-003764,BAT-001255,2025-10-26 15:04:12,pre_dispatch,5.96,14.5,3.3
CHK-003765,BAT-001255,2025-10-28 15:15:12,arrival,6.81,15.6,4.5
CHK-003766,BAT-001256,2025-10-23 07:15:00,harvest,6.86,11.6,2.0
CHK-003767,BAT-001256,2025-12-27 09:58:12,pre_dispatch,7.72,12.4,3.9
CHK-003768,BAT-001256,2025-12-28 00:35:12,arrival,4.57,14.7,9.3
CHK-003769,BAT-001257,2025-10-04 12:00:00,harvest,7.49,12.6,2.8
CHK-003770,BAT-001257,2025-10-12 11:54:36,pre_dispatch,7.53,15.5,5.9
CHK-003771,BAT-001257,2025-10-14 13:32:36,arrival,5.38,14.8,16.4
CHK-003772,BAT-001258,2025-09-07 15:30:00,harvest,7.85,14.0,1.0
CHK-003773,BAT-001258,2025-09-16 16:41:24,pre_dispatch,7.64,14.5,7.5
CHK-003774,BAT-001258,2025-09-18 11:27:12,arrival,6.48,16.9,10.4
CHK-003775,BAT-001259,2025-10-11 13:00:00,harvest,7.92,12.4,0.9
CHK-003776,BAT-001259,2026-01-08 16:15:36,pre_dispatch,6.13,11.8,2.8
CHK-003777,BAT-001259,2026-01-09 01:42:24,arrival,5.0,11.7,5.7
CHK-003778,BAT-001260,2025-10-18 09:15:00,harvest,7.73,15.8,3.3
CHK-003779,BAT-001260,2026-01-12 10:30:36,pre_dispatch,6.9,15.6,2.1
CHK-003780,BAT-001260,2026-01-14 03:39:36,arrival,5.53,13.1,9.4
CHK-003781,BAT-001261,2025-10-18 15:15:00,harvest,7.75,14.3,2.8
CHK-003782,BAT-001261,2026-03-03 18:07:12,pre_dispatch,5.89,12.1,7.8
CHK-003783,BAT-001261,2026-03-05 09:00:12,arrival,5.84,12.4,8.8
CHK-003784,BAT-001262,2025-10-02 15:15:00,harvest,8.22,13.5,3.7
CHK-003785,BAT-001262,2025-10-27 17:15:00,pre_dispatch,6.35,15.6,5.9
CHK-003786,BAT-001262,2025-10-28 02:33:36,arrival,6.62,12.1,13.2
CHK-003787,BAT-001263,2025-09-14 14:00:00,harvest,7.86,13.8,3.1
CHK-003788,BAT-001263,2025-10-28 16:09:00,pre_dispatch,6.9,16.4,1.8
CHK-003789,BAT-001263,2025-10-29 00:51:36,arrival,4.21,12.9,8.4
CHK-003790,BAT-001264,2025-07-07 11:45:00,harvest,8.06,15.8,1.9
CHK-003791,BAT-001264,2025-07-11 11:57:00,pre_dispatch,7.45,15.0,5.1
CHK-003792,BAT-001264,2025-07-12 22:25:48,arrival,6.72,12.1,17.2
CHK-003793,BAT-001265,2025-10-08 12:45:00,harvest,6.94,11.7,2.7
CHK-003794,BAT-001265,2025-10-17 15:34:12,pre_dispatch,5.26,12.3,3.6
CHK-003795,BAT-001265,2025-10-18 00:36:36,arrival,5.38,14.8,14.1
CHK-003796,BAT-001266,2025-09-18 11:00:00,harvest,7.79,16.1,2.8
CHK-003797,BAT-001266,2026-03-01 11:29:24,pre_dispatch,5.16,15.7,6.5
CHK-003798,BAT-001266,2026-03-02 19:13:36,arrival,5.81,14.0,5.1
CHK-003799,BAT-001267,2025-08-31 09:45:00,harvest,7.11,14.5,3.4
CHK-003800,BAT-001267,2025-10-03 11:41:24,pre_dispatch,6.62,14.4,2.1
CHK-003801,BAT-001267,2025-10-04 22:58:24,arrival,5.48,14.9,3.4
CHK-003802,BAT-001268,2025-07-13 11:00:00,harvest,6.75,15.2,1.5
CHK-003803,BAT-001268,2025-07-17 10:40:48,pre_dispatch,7.7,12.5,3.5
CHK-003804,BAT-001268,2025-07-19 04:36:48,arrival,5.37,13.0,4.8
CHK-003805,BAT-001269,2025-09-15 13:30:00,harvest,6.9,13.4,2.2
CHK-003806,BAT-001269,2025-10-02 16:52:12,pre_dispatch,5.73,15.0,7.6
CHK-003807,BAT-001269,2025-10-03 13:09:24,arrival,5.01,12.3,3.2
CHK-003808,BAT-001270,2025-08-26 11:45:00,harvest,6.83,14.7,3.7
CHK-003809,BAT-001270,2025-09-14 15:28:12,pre_dispatch,7.56,11.9,7.3
CHK-003810,BAT-001270,2025-09-16 01:08:36,arrival,5.0,12.1,14.8
CHK-003811,BAT-001271,2025-09-12 07:45:00,harvest,7.72,16.3,0.9
CHK-003812,BAT-001271,2025-12-03 08:11:24,pre_dispatch,6.81,16.7,7.1
CHK-003813,BAT-001271,2025-12-04 16:29:36,arrival,5.29,14.1,2.5
CHK-003814,BAT-001272,2025-08-22 12:30:00,harvest,7.08,11.9,2.7
CHK-003815,BAT-001272,2025-09-01 13:13:48,pre_dispatch,5.8,13.9,8.1
CHK-003816,BAT-001272,2025-09-03 02:56:00,arrival,5.21,16.2,13.2
CHK-003817,BAT-001273,2025-08-27 10:45:00,harvest,8.02,11.4,2.6
CHK-003818,BAT-001273,2025-11-07 10:19:12,pre_dispatch,6.74,13.4,7.7
CHK-003819,BAT-001273,2025-11-08 04:22:48,arrival,4.55,14.7,17.9
CHK-003820,BAT-001274,2025-09-22 12:30:00,harvest,7.86,15.2,3.0
CHK-003821,BAT-001274,2025-12-11 13:34:48,pre_dispatch,5.48,11.6,2.8
CHK-003822,BAT-001274,2025-12-12 01:11:24,arrival,6.02,13.5,8.1
CHK-003823,BAT-001275,2025-10-21 15:00:00,harvest,7.81,12.3,3.3
CHK-003824,BAT-001275,2026-03-24 17:03:36,pre_dispatch,7.72,11.6,5.5
CHK-003825,BAT-001275,2026-03-26 00:56:12,arrival,5.47,16.3,6.9
CHK-003826,BAT-001276,2025-09-16 07:45:00,harvest,7.91,15.0,2.7
CHK-003827,BAT-001276,2026-02-04 09:13:48,pre_dispatch,7.54,16.5,1.8
CHK-003828,BAT-001276,2026-02-05 06:19:12,arrival,6.04,17.1,16.6
CHK-003829,BAT-001277,2025-10-11 12:45:00,harvest,6.58,14.8,1.7
CHK-003830,BAT-001277,2026-01-06 12:39:36,pre_dispatch,5.39,11.5,4.0
CHK-003831,BAT-001277,2026-01-08 06:33:36,arrival,6.03,15.1,9.0
CHK-003832,BAT-001278,2025-10-04 07:15:00,harvest,7.04,12.0,2.0
CHK-003833,BAT-001278,2025-10-31 10:35:24,pre_dispatch,6.67,15.2,7.8
CHK-003834,BAT-001278,2025-11-01 23:21:36,arrival,7.06,17.0,3.6
CHK-003835,BAT-001279,2025-08-18 08:00:00,harvest,8.0,14.4,0.8
CHK-003836,BAT-001279,2025-09-13 11:30:00,pre_dispatch,5.52,15.5,3.0
CHK-003837,BAT-001279,2025-09-13 19:53:24,arrival,5.02,13.0,9.1
CHK-003838,BAT-001280,2025-10-07 09:00:00,harvest,7.78,14.7,2.3
CHK-003839,BAT-001280,2026-01-01 11:27:36,pre_dispatch,5.87,11.6,2.5
CHK-003840,BAT-001280,2026-01-02 08:48:00,arrival,6.36,15.8,10.8
CHK-003841,BAT-001281,2025-08-28 09:45:00,harvest,8.08,11.4,3.4
CHK-003842,BAT-001281,2025-10-16 09:55:48,pre_dispatch,7.05,12.2,4.4
CHK-003843,BAT-001281,2025-10-17 08:17:48,arrival,4.61,17.0,17.8
CHK-003844,BAT-001282,2025-09-30 15:15:00,harvest,8.48,12.3,2.5
CHK-003845,BAT-001282,2025-10-05 17:34:12,pre_dispatch,6.01,13.3,5.9
CHK-003846,BAT-001282,2025-10-06 06:21:36,arrival,5.99,14.8,10.8
CHK-003847,BAT-001283,2025-09-14 11:00:00,harvest,7.02,13.1,3.2
CHK-003848,BAT-001283,2025-10-29 10:42:00,pre_dispatch,5.06,13.0,4.3
CHK-003849,BAT-001283,2025-10-31 06:20:36,arrival,6.25,14.2,4.2
CHK-003850,BAT-001284,2025-09-29 09:00:00,harvest,6.71,12.8,3.9
CHK-003851,BAT-001284,2025-11-19 09:45:36,pre_dispatch,6.98,13.3,2.5
CHK-003852,BAT-001284,2025-11-19 18:21:00,arrival,7.01,16.2,10.6
CHK-003853,BAT-001285,2025-09-09 12:45:00,harvest,6.62,12.8,1.7
CHK-003854,BAT-001285,2025-11-05 15:48:00,pre_dispatch,6.16,13.5,1.8
CHK-003855,BAT-001285,2025-11-06 00:35:24,arrival,6.08,11.8,4.7
CHK-003856,BAT-001286,2025-09-25 08:15:00,harvest,7.34,15.7,2.2
CHK-003857,BAT-001286,2026-02-02 10:25:12,pre_dispatch,7.45,14.8,4.2
CHK-003858,BAT-001286,2026-02-03 04:56:00,arrival,5.51,16.5,8.7
CHK-003859,BAT-001287,2025-07-27 14:15:00,harvest,7.25,15.0,2.5
CHK-003860,BAT-001287,2025-08-04 17:01:48,pre_dispatch,7.54,11.7,3.1
CHK-003861,BAT-001287,2025-08-06 05:55:12,arrival,4.34,17.0,12.2
CHK-003862,BAT-001288,2025-09-14 13:00:00,harvest,7.93,12.1,1.6
CHK-003863,BAT-001288,2025-09-29 13:27:36,pre_dispatch,5.23,15.4,6.9
CHK-003864,BAT-001288,2025-09-30 02:17:12,arrival,6.36,15.7,17.4
CHK-003865,BAT-001289,2025-10-16 13:45:00,harvest,7.57,13.6,2.6
CHK-003866,BAT-001289,2026-01-22 14:22:12,pre_dispatch,5.87,15.7,2.1
CHK-003867,BAT-001289,2026-01-22 22:54:36,arrival,5.77,13.2,9.9
CHK-003868,BAT-001290,2025-09-23 14:15:00,harvest,6.64,11.3,2.3
CHK-003869,BAT-001290,2026-01-14 14:30:36,pre_dispatch,7.79,15.1,1.3
CHK-003870,BAT-001290,2026-01-15 23:31:12,arrival,6.28,16.4,1.7
CHK-003871,BAT-001291,2025-07-16 13:15:00,harvest,8.42,16.2,2.1
CHK-003872,BAT-001291,2025-07-19 15:39:00,pre_dispatch,5.46,15.7,4.6
CHK-003873,BAT-001291,2025-07-20 01:54:12,arrival,5.04,16.6,17.6
CHK-003874,BAT-001292,2025-09-01 10:45:00,harvest,7.9,15.9,3.8
CHK-003875,BAT-001292,2025-11-28 14:06:00,pre_dispatch,7.42,11.6,8.5
CHK-003876,BAT-001292,2025-11-30 02:41:24,arrival,5.94,11.9,15.2
CHK-003877,BAT-001293,2025-09-16 11:30:00,harvest,7.14,16.5,2.0
CHK-003878,BAT-001293,2025-12-31 11:35:24,pre_dispatch,5.59,15.9,1.1
CHK-003879,BAT-001293,2025-12-31 19:28:36,arrival,5.13,12.0,11.5
CHK-003880,BAT-001294,2025-10-20 11:00:00,harvest,6.8,15.6,2.9
CHK-003881,BAT-001294,2026-01-27 11:12:00,pre_dispatch,7.21,16.3,2.4
CHK-003882,BAT-001294,2026-01-28 00:36:24,arrival,4.18,14.3,2.9
CHK-003883,BAT-001295,2025-10-05 12:15:00,harvest,6.79,15.6,2.8
CHK-003884,BAT-001295,2025-12-08 16:06:00,pre_dispatch,6.99,11.7,2.8
CHK-003885,BAT-001295,2025-12-10 05:41:24,arrival,7.1,14.8,16.8
CHK-003886,BAT-001296,2025-09-28 08:30:00,harvest,7.15,15.8,3.4
CHK-003887,BAT-001296,2025-10-21 09:34:48,pre_dispatch,5.6,11.5,2.0
CHK-003888,BAT-001296,2025-10-21 19:28:12,arrival,4.54,16.2,4.3
CHK-003889,BAT-001297,2025-09-02 14:00:00,harvest,6.86,16.0,1.1
CHK-003890,BAT-001297,2025-10-10 16:20:24,pre_dispatch,5.93,16.2,5.0
CHK-003891,BAT-001297,2025-10-11 06:31:00,arrival,5.31,15.2,14.5
CHK-003892,BAT-001298,2025-10-09 07:30:00,harvest,7.77,15.5,1.4
CHK-003893,BAT-001298,2025-10-30 09:43:48,pre_dispatch,6.39,16.6,5.9
CHK-003894,BAT-001298,2025-10-30 18:50:48,arrival,6.96,12.7,8.3
CHK-003895,BAT-001299,2025-10-11 14:15:00,harvest,8.32,13.7,3.6
CHK-003896,BAT-001299,2026-01-21 16:46:48,pre_dispatch,5.81,12.8,4.0
CHK-003897,BAT-001299,2026-01-23 07:49:24,arrival,5.04,14.3,9.6
CHK-003898,BAT-001300,2025-08-15 15:00:00,harvest,6.67,14.1,1.5
CHK-003899,BAT-001300,2025-09-17 17:56:24,pre_dispatch,6.51,13.4,5.8
CHK-003900,BAT-001300,2025-09-19 02:24:12,arrival,5.52,15.6,15.6
CHK-003901,BAT-001301,2025-09-02 14:15:00,harvest,7.13,11.8,1.6
CHK-003902,BAT-001301,2025-10-09 14:21:36,pre_dispatch,6.66,14.1,6.9
CHK-003903,BAT-001301,2025-10-11 08:03:48,arrival,4.07,14.6,6.5
CHK-003904,BAT-001302,2025-09-08 13:45:00,harvest,6.95,13.8,2.9
CHK-003905,BAT-001302,2025-12-26 15:22:48,pre_dispatch,6.83,16.9,2.1
CHK-003906,BAT-001302,2025-12-28 00:02:00,arrival,6.28,15.2,12.1
CHK-003907,BAT-001303,2025-09-11 11:15:00,harvest,7.97,12.6,1.7
CHK-003908,BAT-001303,2025-10-19 13:30:00,pre_dispatch,5.3,14.5,5.8
CHK-003909,BAT-001303,2025-10-20 07:34:12,arrival,6.44,12.6,2.5
CHK-003910,BAT-001304,2025-08-26 08:30:00,harvest,8.03,16.4,2.2
CHK-003911,BAT-001304,2025-12-25 10:35:24,pre_dispatch,5.69,16.7,4.7
CHK-003912,BAT-001304,2025-12-26 18:10:12,arrival,5.81,14.7,3.2
CHK-003913,BAT-001305,2025-08-15 07:00:00,harvest,7.49,15.1,3.9
CHK-003914,BAT-001305,2025-11-22 10:42:36,pre_dispatch,5.49,14.5,3.5
CHK-003915,BAT-001305,2025-11-24 03:20:12,arrival,5.65,13.0,12.3
CHK-003916,BAT-001306,2025-10-02 07:30:00,harvest,7.06,11.4,1.2
CHK-003917,BAT-001306,2026-01-14 07:00:36,pre_dispatch,6.24,15.4,5.1
CHK-003918,BAT-001306,2026-01-14 16:09:24,arrival,6.29,15.4,4.6
CHK-003919,BAT-001307,2025-09-09 13:00:00,harvest,7.72,12.9,1.6
CHK-003920,BAT-001307,2025-10-31 13:52:12,pre_dispatch,6.95,15.1,5.1
CHK-003921,BAT-001307,2025-11-01 08:09:48,arrival,6.31,12.4,2.8
CHK-003922,BAT-001308,2025-09-19 09:15:00,harvest,8.03,12.1,2.4
CHK-003923,BAT-001308,2026-01-06 11:47:24,pre_dispatch,5.78,15.3,4.6
CHK-003924,BAT-001308,2026-01-07 08:38:24,arrival,6.08,14.7,15.1
CHK-003925,BAT-001309,2025-10-08 08:45:00,harvest,6.86,13.4,1.9
CHK-003926,BAT-001309,2025-12-17 11:53:24,pre_dispatch,6.77,14.9,4.0
CHK-003927,BAT-001309,2025-12-18 07:00:00,arrival,6.79,13.7,14.3
CHK-003928,BAT-001310,2025-06-28 10:45:00,harvest,8.26,14.5,0.7
CHK-003929,BAT-001310,2025-07-14 12:06:00,pre_dispatch,6.81,13.4,2.1
CHK-003930,BAT-001310,2025-07-15 23:54:12,arrival,4.15,12.0,1.6
CHK-003931,BAT-001311,2025-08-25 07:15:00,harvest,7.33,13.1,2.0
CHK-003932,BAT-001311,2025-11-03 07:14:24,pre_dispatch,7.57,12.1,6.0
CHK-003933,BAT-001311,2025-11-03 16:14:24,arrival,4.44,14.2,13.0
CHK-003934,BAT-001312,2025-07-28 09:30:00,harvest,8.23,11.5,0.6
CHK-003935,BAT-001312,2025-08-14 09:37:48,pre_dispatch,6.9,12.1,6.3
CHK-003936,BAT-001312,2025-08-15 03:48:00,arrival,6.24,13.0,5.5
CHK-003937,BAT-001313,2025-10-18 07:45:00,harvest,7.02,14.2,2.7
CHK-003938,BAT-001313,2026-02-17 08:41:24,pre_dispatch,5.76,12.5,1.6
CHK-003939,BAT-001313,2026-02-18 18:01:24,arrival,5.2,11.6,15.4
CHK-003940,BAT-001314,2025-08-23 13:15:00,harvest,7.22,14.5,0.7
CHK-003941,BAT-001314,2025-11-03 16:09:00,pre_dispatch,5.74,16.5,7.2
CHK-003942,BAT-001314,2025-11-05 11:01:24,arrival,4.2,16.2,7.1
CHK-003943,BAT-001315,2025-10-13 08:15:00,harvest,6.78,15.6,2.3
CHK-003944,BAT-001315,2025-11-09 08:16:48,pre_dispatch,7.74,16.2,7.6
CHK-003945,BAT-001315,2025-11-09 16:12:36,arrival,4.84,14.4,4.9
CHK-003946,BAT-001316,2025-09-20 07:00:00,harvest,7.94,16.1,2.7
CHK-003947,BAT-001316,2025-10-15 10:25:48,pre_dispatch,7.41,13.0,3.2
CHK-003948,BAT-001316,2025-10-17 04:18:36,arrival,6.23,16.2,8.4
CHK-003949,BAT-001317,2025-09-16 14:45:00,harvest,7.69,14.7,3.8
CHK-003950,BAT-001317,2025-11-08 16:34:12,pre_dispatch,6.64,16.6,7.0
CHK-003951,BAT-001317,2025-11-09 01:01:36,arrival,5.52,11.5,2.7
CHK-003952,BAT-001318,2025-08-20 15:15:00,harvest,6.96,11.9,3.8
CHK-003953,BAT-001318,2025-09-02 19:08:24,pre_dispatch,6.74,12.5,3.1
CHK-003954,BAT-001318,2025-09-04 06:35:12,arrival,5.58,14.6,12.3
CHK-003955,BAT-001319,2025-09-30 14:30:00,harvest,6.57,16.4,3.6
CHK-003956,BAT-001319,2025-11-30 14:00:36,pre_dispatch,7.54,16.4,7.5
CHK-003957,BAT-001319,2025-11-30 23:22:24,arrival,6.35,16.1,12.0
CHK-003958,BAT-001320,2025-09-20 12:15:00,harvest,6.62,13.3,1.6
CHK-003959,BAT-001320,2025-10-28 14:37:48,pre_dispatch,5.34,12.6,2.3
CHK-003960,BAT-001320,2025-10-29 11:04:00,arrival,4.54,11.5,3.4
CHK-003961,BAT-001321,2025-06-20 13:00:00,harvest,7.92,14.9,1.7
CHK-003962,BAT-001321,2025-06-25 12:47:24,pre_dispatch,5.86,13.0,6.6
CHK-003963,BAT-001321,2025-06-26 00:02:24,arrival,5.77,14.1,8.0
CHK-003964,BAT-001322,2025-10-14 13:00:00,harvest,6.71,15.5,2.8
CHK-003965,BAT-001322,2026-02-01 14:25:48,pre_dispatch,7.07,16.8,4.5
CHK-003966,BAT-001322,2026-02-02 08:46:48,arrival,4.55,14.5,12.4
CHK-003967,BAT-001323,2025-09-20 12:00:00,harvest,6.67,13.7,3.8
CHK-003968,BAT-001323,2025-12-04 12:03:00,pre_dispatch,5.81,16.7,7.8
CHK-003969,BAT-001323,2025-12-05 06:56:24,arrival,4.74,12.2,17.2
CHK-003970,BAT-001324,2025-10-04 13:00:00,harvest,7.22,15.9,3.2
CHK-003971,BAT-001324,2026-01-16 15:22:12,pre_dispatch,6.59,14.5,6.1
CHK-003972,BAT-001324,2026-01-18 11:12:00,arrival,6.3,17.2,16.6
CHK-003973,BAT-001325,2025-10-25 15:45:00,harvest,6.6,11.8,0.8
CHK-003974,BAT-001325,2025-12-05 18:22:12,pre_dispatch,7.05,14.2,6.5
CHK-003975,BAT-001325,2025-12-07 02:23:36,arrival,4.51,12.5,2.3
CHK-003976,BAT-001326,2025-09-16 15:15:00,harvest,7.61,16.2,1.4
CHK-003977,BAT-001326,2025-10-10 18:03:36,pre_dispatch,7.35,12.1,4.7
CHK-003978,BAT-001326,2025-10-11 02:22:12,arrival,6.01,13.7,7.5
CHK-003979,BAT-001327,2025-10-05 12:15:00,harvest,7.74,15.1,1.2
CHK-003980,BAT-001327,2025-11-08 13:50:24,pre_dispatch,6.19,15.1,3.4
CHK-003981,BAT-001327,2025-11-10 07:25:12,arrival,4.79,16.7,4.4
CHK-003982,BAT-001328,2025-07-01 10:00:00,harvest,7.7,12.1,2.5
CHK-003983,BAT-001328,2025-07-10 09:47:24,pre_dispatch,6.84,16.5,5.3
CHK-003984,BAT-001328,2025-07-12 02:03:12,arrival,5.54,16.5,17.4
CHK-003985,BAT-001329,2025-09-13 11:15:00,harvest,7.99,11.4,1.3
CHK-003986,BAT-001329,2025-09-29 14:16:48,pre_dispatch,6.69,12.1,5.3
CHK-003987,BAT-001329,2025-10-01 10:05:48,arrival,4.33,13.6,14.7
CHK-003988,BAT-001330,2025-09-23 09:30:00,harvest,6.71,14.4,0.8
CHK-003989,BAT-001330,2025-11-16 12:31:48,pre_dispatch,5.28,12.4,6.5
CHK-003990,BAT-001330,2025-11-18 01:34:12,arrival,4.15,15.9,4.3
CHK-003991,BAT-001331,2025-08-10 11:15:00,harvest,7.37,11.6,0.7
CHK-003992,BAT-001331,2025-08-30 10:55:12,pre_dispatch,5.41,16.8,1.4
CHK-003993,BAT-001331,2025-08-31 06:30:00,arrival,4.02,12.5,12.0
CHK-003994,BAT-001332,2025-08-05 14:00:00,harvest,8.17,13.3,0.9
CHK-003995,BAT-001332,2025-08-09 17:20:24,pre_dispatch,7.17,16.0,4.3
CHK-003996,BAT-001332,2025-08-10 02:08:48,arrival,5.94,13.3,7.5
CHK-003997,BAT-001333,2025-09-03 08:00:00,harvest,7.55,12.6,3.7
CHK-003998,BAT-001333,2025-11-09 07:54:00,pre_dispatch,7.46,12.5,8.4
CHK-003999,BAT-001333,2025-11-10 03:21:48,arrival,4.65,12.1,10.6
CHK-004000,BAT-001334,2025-09-19 13:30:00,harvest,8.27,14.2,1.5
CHK-004001,BAT-001334,2025-12-23 15:15:00,pre_dispatch,6.06,16.3,1.8
CHK-004002,BAT-001334,2025-12-25 09:29:00,arrival,7.09,15.6,14.0
CHK-004003,BAT-001335,2025-10-12 08:45:00,harvest,7.19,15.7,3.9
CHK-004004,BAT-001335,2026-01-24 09:15:00,pre_dispatch,5.59,12.1,5.3
CHK-004005,BAT-001335,2026-01-25 05:48:12,arrival,4.23,12.7,7.6
CHK-004006,BAT-001336,2025-08-06 10:45:00,harvest,7.39,12.6,0.7
CHK-004007,BAT-001336,2025-08-16 14:30:36,pre_dispatch,6.79,14.2,3.9
CHK-004008,BAT-001336,2025-08-18 02:02:12,arrival,4.9,12.1,12.2
CHK-004009,BAT-001337,2025-09-01 12:00:00,harvest,6.54,11.4,0.8
CHK-004010,BAT-001337,2025-10-08 14:40:48,pre_dispatch,6.33,16.3,4.2
CHK-004011,BAT-001337,2025-10-10 09:39:48,arrival,6.78,14.8,3.0
CHK-004012,BAT-001338,2025-10-03 09:45:00,harvest,6.96,15.7,3.2
CHK-004013,BAT-001338,2025-10-11 09:24:36,pre_dispatch,5.5,12.7,4.3
CHK-004014,BAT-001338,2025-10-11 20:07:12,arrival,5.19,16.3,7.0
CHK-004015,BAT-001339,2025-10-01 08:45:00,harvest,7.15,15.1,2.1
CHK-004016,BAT-001339,2025-12-06 08:50:24,pre_dispatch,7.39,11.9,4.3
CHK-004017,BAT-001339,2025-12-06 17:16:48,arrival,5.18,16.7,10.5
CHK-004018,BAT-001340,2025-08-29 07:30:00,harvest,7.41,15.0,1.4
CHK-004019,BAT-001340,2025-11-06 07:59:24,pre_dispatch,7.26,14.0,6.8
CHK-004020,BAT-001340,2025-11-07 15:55:48,arrival,5.84,15.8,6.2
CHK-004021,BAT-001341,2025-09-17 08:30:00,harvest,7.67,15.1,0.6
CHK-004022,BAT-001341,2025-12-02 11:00:36,pre_dispatch,6.65,15.3,1.9
CHK-004023,BAT-001341,2025-12-03 06:57:12,arrival,4.31,14.0,5.6
CHK-004024,BAT-001342,2025-10-17 14:15:00,harvest,8.31,11.8,3.4
CHK-004025,BAT-001342,2026-02-02 14:47:24,pre_dispatch,7.3,12.7,5.4
CHK-004026,BAT-001342,2026-02-04 07:58:24,arrival,4.13,11.6,17.3
CHK-004027,BAT-001343,2025-10-19 11:45:00,harvest,7.72,14.2,2.5
CHK-004028,BAT-001343,2026-01-29 14:50:24,pre_dispatch,5.51,16.4,2.7
CHK-004029,BAT-001343,2026-01-31 00:12:24,arrival,4.28,15.5,17.7
CHK-004030,BAT-001344,2025-07-19 09:45:00,harvest,8.35,11.8,2.1
CHK-004031,BAT-001344,2025-07-25 11:07:48,pre_dispatch,6.76,17.0,7.7
CHK-004032,BAT-001344,2025-07-27 04:10:48,arrival,5.32,12.9,12.4
CHK-004033,BAT-001345,2025-07-14 09:00:00,harvest,6.5,12.7,2.8
CHK-004034,BAT-001345,2025-07-25 10:14:24,pre_dispatch,7.46,15.9,4.7
CHK-004035,BAT-001345,2025-07-25 19:20:00,arrival,6.58,12.6,5.4
CHK-004036,BAT-001346,2025-10-21 14:00:00,harvest,6.81,11.2,1.2
CHK-004037,BAT-001346,2026-01-21 17:21:36,pre_dispatch,5.82,12.2,3.6
CHK-004038,BAT-001346,2026-01-23 12:15:12,arrival,5.55,15.1,14.6
CHK-004039,BAT-001347,2025-09-03 11:00:00,harvest,6.64,16.1,2.8
CHK-004040,BAT-001347,2026-01-29 14:10:48,pre_dispatch,5.46,13.4,4.0
CHK-004041,BAT-001347,2026-01-30 08:50:36,arrival,7.14,12.4,8.6
CHK-004042,BAT-001348,2025-08-05 07:45:00,harvest,6.69,13.9,3.2
CHK-004043,BAT-001348,2025-08-15 08:16:12,pre_dispatch,5.98,14.3,1.2
CHK-004044,BAT-001348,2025-08-15 15:44:48,arrival,5.43,15.3,16.2
CHK-004045,BAT-001349,2025-09-09 12:45:00,harvest,8.45,13.1,3.4
CHK-004046,BAT-001349,2025-12-06 13:44:24,pre_dispatch,7.36,13.7,4.3
CHK-004047,BAT-001349,2025-12-08 03:35:24,arrival,5.08,14.0,15.5
CHK-004048,BAT-001350,2025-10-20 11:00:00,harvest,8.12,16.5,2.3
CHK-004049,BAT-001350,2026-02-12 14:33:36,pre_dispatch,5.0,16.8,6.1
CHK-004050,BAT-001350,2026-02-12 23:38:00,arrival,5.73,16.0,3.5
CHK-004051,BAT-001351,2025-07-20 08:45:00,harvest,8.14,12.9,1.1
CHK-004052,BAT-001351,2025-08-12 11:04:48,pre_dispatch,5.43,14.1,7.9
CHK-004053,BAT-001351,2025-08-13 19:26:36,arrival,7.04,16.6,4.7
CHK-004054,BAT-001352,2025-08-24 08:30:00,harvest,7.87,14.1,3.8
CHK-004055,BAT-001352,2025-09-29 09:53:24,pre_dispatch,5.69,13.9,3.5
CHK-004056,BAT-001352,2025-09-30 18:43:12,arrival,5.74,12.2,7.6
CHK-004057,BAT-001353,2025-08-30 15:00:00,harvest,7.95,13.3,3.8
CHK-004058,BAT-001353,2025-11-04 16:45:00,pre_dispatch,6.17,12.6,7.3
CHK-004059,BAT-001353,2025-11-06 10:38:36,arrival,5.19,13.3,16.2
CHK-004060,BAT-001354,2025-09-13 12:15:00,harvest,7.36,11.8,1.0
CHK-004061,BAT-001354,2025-11-14 15:45:00,pre_dispatch,7.74,16.5,4.8
CHK-004062,BAT-001354,2025-11-16 10:14:00,arrival,4.11,15.3,9.2
CHK-004063,BAT-001355,2025-09-16 14:30:00,harvest,7.9,13.2,2.6
CHK-004064,BAT-001355,2025-10-02 14:37:12,pre_dispatch,5.93,12.8,1.3
CHK-004065,BAT-001355,2025-10-04 09:01:24,arrival,5.6,13.2,17.0
CHK-004066,BAT-001356,2025-07-15 08:30:00,harvest,8.37,14.7,0.7
CHK-004067,BAT-001356,2025-07-25 09:10:12,pre_dispatch,6.83,15.0,2.4
CHK-004068,BAT-001356,2025-07-25 20:54:24,arrival,5.89,12.9,9.0
CHK-004069,BAT-001357,2025-08-27 07:45:00,harvest,6.74,12.4,3.7
CHK-004070,BAT-001357,2025-11-17 07:15:36,pre_dispatch,7.12,14.8,8.4
CHK-004071,BAT-001357,2025-11-18 00:35:48,arrival,5.5,15.6,16.8
CHK-004072,BAT-001358,2025-08-24 12:45:00,harvest,8.13,13.1,0.5
CHK-004073,BAT-001358,2025-11-13 16:21:36,pre_dispatch,7.75,11.5,3.7
CHK-004074,BAT-001358,2025-11-15 02:40:48,arrival,4.09,16.4,8.8
CHK-004075,BAT-001359,2025-09-12 15:15:00,harvest,8.07,14.6,1.0
CHK-004076,BAT-001359,2025-12-06 18:01:48,pre_dispatch,6.08,14.6,2.3
CHK-004077,BAT-001359,2025-12-07 17:19:48,arrival,5.83,13.1,2.0
CHK-004078,BAT-001360,2025-08-15 10:00:00,harvest,6.52,14.1,3.5
CHK-004079,BAT-001360,2025-09-03 12:51:36,pre_dispatch,5.31,15.1,5.8
CHK-004080,BAT-001360,2025-09-05 07:16:12,arrival,4.34,12.1,10.8
CHK-004081,BAT-001361,2025-10-02 13:15:00,harvest,6.5,14.2,1.2
CHK-004082,BAT-001361,2026-02-21 12:49:12,pre_dispatch,6.9,13.0,4.7
CHK-004083,BAT-001361,2026-02-21 21:51:48,arrival,4.19,12.2,10.1
CHK-004084,BAT-001362,2025-08-28 11:45:00,harvest,7.28,13.8,1.5
CHK-004085,BAT-001362,2025-11-17 12:45:00,pre_dispatch,6.33,14.8,7.6
CHK-004086,BAT-001362,2025-11-19 05:55:36,arrival,5.58,15.0,1.7
CHK-004087,BAT-001363,2025-10-16 13:15:00,harvest,7.82,13.2,3.4
CHK-004088,BAT-001363,2025-11-29 14:10:48,pre_dispatch,7.75,14.9,5.4
CHK-004089,BAT-001363,2025-12-01 02:34:48,arrival,5.58,13.4,14.5
CHK-004090,BAT-001364,2025-08-26 07:45:00,harvest,8.41,11.5,1.2
CHK-004091,BAT-001364,2025-09-06 10:53:24,pre_dispatch,7.58,13.2,2.4
CHK-004092,BAT-001364,2025-09-06 20:25:12,arrival,6.23,15.7,12.3
CHK-004093,BAT-001365,2025-09-24 14:00:00,harvest,8.12,14.3,2.5
CHK-004094,BAT-001365,2025-12-28 15:58:12,pre_dispatch,6.64,14.9,7.1
CHK-004095,BAT-001365,2025-12-30 03:56:36,arrival,6.62,12.8,6.3
CHK-004096,BAT-001366,2025-09-19 11:45:00,harvest,8.3,15.4,1.4
CHK-004097,BAT-001366,2025-10-23 12:54:36,pre_dispatch,6.22,16.1,5.2
CHK-004098,BAT-001366,2025-10-24 01:33:24,arrival,4.87,14.0,7.5
CHK-004099,BAT-001367,2025-09-14 14:00:00,harvest,7.94,15.5,2.7
CHK-004100,BAT-001367,2025-11-15 17:41:24,pre_dispatch,6.96,12.5,7.4
CHK-004101,BAT-001367,2025-11-17 12:31:36,arrival,5.95,11.7,17.6
CHK-004102,BAT-001368,2025-08-25 12:15:00,harvest,7.65,16.4,1.5
CHK-004103,BAT-001368,2025-11-11 12:18:00,pre_dispatch,5.13,12.6,3.6
CHK-004104,BAT-001368,2025-11-11 20:50:12,arrival,5.79,12.0,11.4
CHK-004105,BAT-001369,2025-10-21 09:00:00,harvest,6.73,14.3,3.7
CHK-004106,BAT-001369,2026-01-29 12:54:36,pre_dispatch,7.24,14.9,6.6
CHK-004107,BAT-001369,2026-01-30 02:38:24,arrival,6.93,17.2,5.0
CHK-004108,BAT-001370,2025-09-12 08:00:00,harvest,7.48,13.0,0.7
CHK-004109,BAT-001370,2025-10-29 08:27:36,pre_dispatch,5.62,17.0,3.4
CHK-004110,BAT-001370,2025-10-31 03:30:00,arrival,5.71,14.2,4.7
CHK-004111,BAT-001371,2025-10-18 13:15:00,harvest,6.96,13.3,2.7
CHK-004112,BAT-001371,2026-01-30 13:49:48,pre_dispatch,7.6,12.0,3.3
CHK-004113,BAT-001371,2026-01-31 20:49:48,arrival,4.38,16.4,11.4
CHK-004114,BAT-001372,2025-10-02 11:30:00,harvest,6.54,11.2,2.2
CHK-004115,BAT-001372,2025-12-06 14:51:00,pre_dispatch,5.78,15.5,4.4
CHK-004116,BAT-001372,2025-12-07 04:20:48,arrival,6.84,15.2,5.7
CHK-004117,BAT-001373,2025-09-20 07:00:00,harvest,6.8,12.2,2.8
CHK-004118,BAT-001373,2025-12-25 08:36:00,pre_dispatch,6.39,14.9,6.4
CHK-004119,BAT-001373,2025-12-25 17:31:24,arrival,7.07,13.1,12.0
CHK-004120,BAT-001374,2025-06-22 08:30:00,harvest,6.8,13.7,1.7
CHK-004121,BAT-001374,2025-06-28 09:15:36,pre_dispatch,7.28,15.9,8.3
CHK-004122,BAT-001374,2025-06-30 03:58:12,arrival,6.84,15.3,15.1
CHK-004123,BAT-001375,2025-09-21 12:15:00,harvest,7.34,15.3,1.0
CHK-004124,BAT-001375,2026-01-01 12:25:12,pre_dispatch,5.54,16.6,3.3
CHK-004125,BAT-001375,2026-01-03 00:35:24,arrival,6.19,11.6,15.2
CHK-004126,BAT-001376,2025-09-17 10:00:00,harvest,8.37,12.5,1.2
CHK-004127,BAT-001376,2025-11-13 10:01:12,pre_dispatch,5.94,14.5,4.8
CHK-004128,BAT-001376,2025-11-15 03:47:36,arrival,5.27,13.5,1.9
CHK-004129,BAT-001377,2025-08-14 12:00:00,harvest,7.96,12.4,4.0
CHK-004130,BAT-001377,2025-09-07 14:00:36,pre_dispatch,6.78,15.3,1.9
CHK-004131,BAT-001377,2025-09-09 05:45:12,arrival,5.16,15.3,16.8
CHK-004132,BAT-001378,2025-10-11 07:00:00,harvest,7.67,13.1,2.3
CHK-004133,BAT-001378,2025-12-07 06:59:24,pre_dispatch,5.06,11.5,2.8
CHK-004134,BAT-001378,2025-12-07 17:20:12,arrival,6.19,12.0,17.7
CHK-004135,BAT-001379,2025-10-06 07:45:00,harvest,8.43,11.3,1.1
CHK-004136,BAT-001379,2025-11-30 08:13:48,pre_dispatch,5.47,11.6,3.5
CHK-004137,BAT-001379,2025-12-01 22:12:12,arrival,4.74,14.1,9.1
CHK-004138,BAT-001380,2025-10-15 12:15:00,harvest,7.45,13.7,1.5
CHK-004139,BAT-001380,2026-01-09 11:55:48,pre_dispatch,5.4,13.4,4.1
CHK-004140,BAT-001380,2026-01-10 23:33:36,arrival,7.01,15.2,11.2
CHK-004141,BAT-001381,2025-09-17 13:45:00,harvest,7.87,12.0,4.0
CHK-004142,BAT-001381,2025-11-03 17:03:36,pre_dispatch,7.76,11.8,5.8
CHK-004143,BAT-001381,2025-11-04 04:17:24,arrival,6.29,11.9,14.8
CHK-004144,BAT-001382,2025-10-18 11:00:00,harvest,7.99,15.6,1.7
CHK-004145,BAT-001382,2026-01-02 13:31:48,pre_dispatch,7.67,16.1,4.1
CHK-004146,BAT-001382,2026-01-03 07:08:12,arrival,5.3,14.5,4.0
CHK-004147,BAT-001383,2025-09-19 13:00:00,harvest,7.52,12.0,1.3
CHK-004148,BAT-001383,2025-09-26 14:13:48,pre_dispatch,6.7,11.9,3.0
CHK-004149,BAT-001383,2025-09-27 11:27:00,arrival,6.59,13.6,15.7
CHK-004150,BAT-001384,2025-10-01 12:30:00,harvest,7.28,16.2,3.4
CHK-004151,BAT-001384,2025-10-18 15:28:48,pre_dispatch,7.03,12.6,1.6
CHK-004152,BAT-001384,2025-10-20 03:48:12,arrival,4.24,17.2,4.7
CHK-004153,BAT-001385,2025-09-23 11:30:00,harvest,8.08,15.7,2.7
CHK-004154,BAT-001385,2026-01-02 12:19:12,pre_dispatch,7.3,13.0,7.4
CHK-004155,BAT-001385,2026-01-03 06:01:48,arrival,4.65,15.4,16.8
CHK-004156,BAT-001386,2025-10-20 10:15:00,harvest,7.76,16.3,3.1
CHK-004157,BAT-001386,2025-12-21 10:17:24,pre_dispatch,5.03,12.2,5.8
CHK-004158,BAT-001386,2025-12-21 22:31:48,arrival,7.07,14.6,2.2
CHK-004159,BAT-001387,2025-10-03 11:00:00,harvest,7.74,11.5,3.5
CHK-004160,BAT-001387,2026-01-17 12:00:00,pre_dispatch,6.19,14.3,1.1
CHK-004161,BAT-001387,2026-01-18 06:32:36,arrival,4.33,14.6,13.1
CHK-004162,BAT-001388,2025-09-29 10:15:00,harvest,8.49,14.0,1.2
CHK-004163,BAT-001388,2026-02-04 10:05:24,pre_dispatch,5.21,11.7,5.5
CHK-004164,BAT-001388,2026-02-05 20:25:48,arrival,4.83,13.3,7.9
CHK-004165,BAT-001389,2025-10-19 11:15:00,harvest,8.45,14.1,2.5
CHK-004166,BAT-001389,2025-11-12 12:23:24,pre_dispatch,7.02,16.9,6.7
CHK-004167,BAT-001389,2025-11-12 22:01:00,arrival,5.92,13.4,11.5
CHK-004168,BAT-001390,2025-09-03 11:45:00,harvest,6.95,14.6,2.7
CHK-004169,BAT-001390,2025-09-12 11:36:00,pre_dispatch,7.23,14.4,3.3
CHK-004170,BAT-001390,2025-09-14 07:48:12,arrival,6.48,14.4,14.7
CHK-004171,BAT-001391,2025-10-21 10:15:00,harvest,7.82,12.9,3.4
CHK-004172,BAT-001391,2026-01-18 14:06:36,pre_dispatch,7.2,16.7,1.2
CHK-004173,BAT-001391,2026-01-20 07:42:24,arrival,5.63,14.0,5.2
CHK-004174,BAT-001392,2025-09-18 13:30:00,harvest,7.4,13.5,3.9
CHK-004175,BAT-001392,2025-12-11 16:32:24,pre_dispatch,6.6,16.9,7.3
CHK-004176,BAT-001392,2025-12-13 11:06:36,arrival,7.03,16.1,11.3
CHK-004177,BAT-001393,2025-09-28 12:15:00,harvest,8.28,15.5,1.9
CHK-004178,BAT-001393,2025-11-03 12:49:12,pre_dispatch,7.63,16.6,5.9
CHK-004179,BAT-001393,2025-11-03 20:36:36,arrival,4.99,11.6,8.1
CHK-004180,BAT-001394,2025-09-23 14:30:00,harvest,7.72,13.4,2.9
CHK-004181,BAT-001394,2025-12-23 16:25:48,pre_dispatch,7.38,11.9,5.5
CHK-004182,BAT-001394,2025-12-25 09:38:00,arrival,6.33,15.2,3.6
CHK-004183,BAT-001395,2025-09-30 14:30:00,harvest,8.24,13.5,2.8
CHK-004184,BAT-001395,2025-10-27 14:37:48,pre_dispatch,7.43,12.2,1.4
CHK-004185,BAT-001395,2025-10-28 03:29:48,arrival,4.94,16.4,14.7
CHK-004186,BAT-001396,2025-09-30 10:30:00,harvest,6.53,12.6,0.6
CHK-004187,BAT-001396,2025-11-19 12:23:24,pre_dispatch,6.36,16.1,1.8
CHK-004188,BAT-001396,2025-11-20 20:48:24,arrival,5.35,14.9,12.0
CHK-004189,BAT-001397,2025-10-20 07:45:00,harvest,7.31,12.7,1.9
CHK-004190,BAT-001397,2026-02-05 09:04:12,pre_dispatch,5.97,14.2,6.5
CHK-004191,BAT-001397,2026-02-07 04:07:24,arrival,6.83,12.1,16.9
CHK-004192,BAT-001398,2025-09-27 07:00:00,harvest,7.14,12.9,0.8
CHK-004193,BAT-001398,2025-11-15 08:32:24,pre_dispatch,6.14,13.8,3.8
CHK-004194,BAT-001398,2025-11-16 06:55:12,arrival,5.46,14.0,6.3
CHK-004195,BAT-001399,2025-05-31 11:30:00,harvest,8.07,14.6,3.3
CHK-004196,BAT-001399,2025-06-06 12:24:36,pre_dispatch,7.6,13.7,7.2
CHK-004197,BAT-001399,2025-06-06 21:39:36,arrival,6.56,12.8,9.1
CHK-004198,BAT-001400,2025-06-05 11:15:00,harvest,6.52,14.1,3.5
CHK-004199,BAT-001400,2025-06-09 11:40:48,pre_dispatch,7.26,14.7,6.7
CHK-004200,BAT-001400,2025-06-10 05:12:00,arrival,4.41,14.0,14.7
CHK-004201,BAT-001401,2025-08-20 07:15:00,harvest,7.15,13.6,3.8
CHK-004202,BAT-001401,2025-09-16 09:28:48,pre_dispatch,5.45,15.6,6.2
CHK-004203,BAT-001401,2025-09-18 04:22:00,arrival,6.66,15.7,9.4
CHK-004204,BAT-001402,2025-09-23 15:30:00,harvest,6.73,15.0,3.0
CHK-004205,BAT-001402,2026-02-03 15:49:12,pre_dispatch,6.27,11.7,4.5
CHK-004206,BAT-001402,2026-02-05 01:08:00,arrival,7.12,15.4,16.9
CHK-004207,BAT-001403,2025-09-30 09:45:00,harvest,7.31,14.8,0.9
CHK-004208,BAT-001403,2025-12-07 13:12:36,pre_dispatch,5.41,15.8,4.9
CHK-004209,BAT-001403,2025-12-08 06:55:00,arrival,4.62,16.8,8.7
CHK-004210,BAT-001404,2025-10-16 13:15:00,harvest,7.88,14.7,1.0
CHK-004211,BAT-001404,2026-02-16 16:56:24,pre_dispatch,7.15,15.5,2.1
CHK-004212,BAT-001404,2026-02-17 12:45:12,arrival,4.84,13.3,17.3
CHK-004213,BAT-001405,2025-08-29 09:30:00,harvest,8.19,14.5,0.6
CHK-004214,BAT-001405,2025-10-31 12:10:48,pre_dispatch,6.31,14.5,6.7
CHK-004215,BAT-001405,2025-11-01 20:56:24,arrival,5.42,13.8,12.4
CHK-004216,BAT-001406,2025-07-04 15:30:00,harvest,7.87,15.2,1.2
CHK-004217,BAT-001406,2025-07-18 18:28:12,pre_dispatch,7.42,13.3,3.1
CHK-004218,BAT-001406,2025-07-19 01:40:12,arrival,5.38,14.0,13.6
CHK-004219,BAT-001407,2025-10-07 13:30:00,harvest,8.14,16.1,1.5
CHK-004220,BAT-001407,2026-02-17 16:49:12,pre_dispatch,7.43,16.5,7.2
CHK-004221,BAT-001407,2026-02-18 11:53:48,arrival,6.17,14.6,3.6
CHK-004222,BAT-001408,2025-10-19 13:15:00,harvest,8.18,12.3,3.5
CHK-004223,BAT-001408,2026-02-09 17:09:36,pre_dispatch,5.14,14.4,8.1
CHK-004224,BAT-001408,2026-02-11 06:09:36,arrival,6.35,17.2,4.7
CHK-004225,BAT-001409,2025-09-20 10:45:00,harvest,8.39,13.0,3.0
CHK-004226,BAT-001409,2026-01-31 14:24:36,pre_dispatch,6.63,13.6,2.7
CHK-004227,BAT-001409,2026-02-01 03:36:48,arrival,6.75,12.4,16.2
CHK-004228,BAT-001410,2025-06-26 11:00:00,harvest,7.49,12.7,1.4
CHK-004229,BAT-001410,2025-06-30 13:07:12,pre_dispatch,5.15,14.7,1.8
CHK-004230,BAT-001410,2025-06-30 23:42:24,arrival,4.29,11.6,16.1
CHK-004231,BAT-001411,2025-08-01 09:00:00,harvest,7.13,13.3,1.6
CHK-004232,BAT-001411,2025-09-05 11:44:24,pre_dispatch,7.04,14.7,1.7
CHK-004233,BAT-001411,2025-09-06 07:54:24,arrival,6.92,14.4,15.3
CHK-004234,BAT-001412,2025-09-28 14:30:00,harvest,7.3,15.3,4.0
CHK-004235,BAT-001412,2026-02-08 14:03:36,pre_dispatch,7.22,14.2,4.2
CHK-004236,BAT-001412,2026-02-09 10:27:24,arrival,5.74,11.5,3.5
CHK-004237,BAT-001413,2025-08-24 14:00:00,harvest,6.8,15.5,0.8
CHK-004238,BAT-001413,2025-10-27 17:06:00,pre_dispatch,5.58,15.7,2.6
CHK-004239,BAT-001413,2025-10-28 03:47:24,arrival,4.44,15.1,15.9
CHK-004240,BAT-001414,2025-10-21 10:45:00,harvest,7.18,14.5,1.6
CHK-004241,BAT-001414,2025-11-22 14:43:48,pre_dispatch,5.19,13.2,2.0
CHK-004242,BAT-001414,2025-11-24 09:03:24,arrival,5.52,12.8,5.7
CHK-004243,BAT-001415,2025-10-17 07:45:00,harvest,6.58,12.7,2.3
CHK-004244,BAT-001415,2026-01-16 09:28:12,pre_dispatch,6.83,13.4,7.8
CHK-004245,BAT-001415,2026-01-16 18:41:24,arrival,4.81,12.9,15.8
CHK-004246,BAT-001416,2025-10-17 14:00:00,harvest,7.77,11.2,1.9
CHK-004247,BAT-001416,2025-12-18 14:12:00,pre_dispatch,5.69,12.9,6.7
CHK-004248,BAT-001416,2025-12-19 01:49:48,arrival,6.85,13.5,16.7
CHK-004249,BAT-001417,2025-10-08 10:45:00,harvest,6.91,16.0,3.3
CHK-004250,BAT-001417,2025-12-25 12:51:00,pre_dispatch,5.36,14.8,3.0
CHK-004251,BAT-001417,2025-12-26 07:02:24,arrival,6.47,14.6,8.6
CHK-004252,BAT-001418,2025-09-10 13:15:00,harvest,7.21,13.5,2.8
CHK-004253,BAT-001418,2026-01-06 16:05:24,pre_dispatch,6.04,11.8,1.8
CHK-004254,BAT-001418,2026-01-08 03:38:36,arrival,5.45,15.7,14.8
CHK-004255,BAT-001419,2025-08-26 13:00:00,harvest,8.22,15.0,0.9
CHK-004256,BAT-001419,2025-11-05 16:16:12,pre_dispatch,6.59,12.9,3.6
CHK-004257,BAT-001419,2025-11-07 00:43:48,arrival,5.33,13.4,7.0
CHK-004258,BAT-001420,2025-09-25 07:45:00,harvest,6.64,11.1,3.2
CHK-004259,BAT-001420,2025-11-16 08:22:12,pre_dispatch,7.65,15.7,7.7
CHK-004260,BAT-001420,2025-11-18 03:39:00,arrival,4.7,16.0,11.8
CHK-004261,BAT-001421,2025-08-28 08:00:00,harvest,7.38,16.2,3.2
CHK-004262,BAT-001421,2025-12-04 08:06:00,pre_dispatch,6.83,16.8,5.1
CHK-004263,BAT-001421,2025-12-05 04:10:00,arrival,6.6,14.7,10.8
CHK-004264,BAT-001422,2025-10-02 13:15:00,harvest,8.28,16.1,2.9
CHK-004265,BAT-001422,2025-10-18 15:26:24,pre_dispatch,7.08,11.6,2.8
CHK-004266,BAT-001422,2025-10-20 10:21:36,arrival,4.16,16.4,16.1
CHK-004267,BAT-001423,2025-10-08 08:45:00,harvest,6.99,14.5,0.9
CHK-004268,BAT-001423,2025-12-31 10:30:00,pre_dispatch,7.03,14.0,6.3
CHK-004269,BAT-001423,2025-12-31 18:39:00,arrival,6.12,17.2,5.3
CHK-004270,BAT-001424,2025-09-28 13:15:00,harvest,8.32,12.7,0.6
CHK-004271,BAT-001424,2025-10-05 13:48:00,pre_dispatch,5.93,14.7,6.7
CHK-004272,BAT-001424,2025-10-06 04:23:24,arrival,5.87,11.5,7.4
CHK-004273,BAT-001425,2025-08-16 08:00:00,harvest,6.82,15.7,1.4
CHK-004274,BAT-001425,2025-08-21 10:24:36,pre_dispatch,7.76,15.1,5.8
CHK-004275,BAT-001425,2025-08-22 00:15:36,arrival,4.35,15.5,8.4
CHK-004276,BAT-001426,2025-10-08 10:15:00,harvest,6.51,15.5,3.6
CHK-004277,BAT-001426,2025-12-19 12:19:48,pre_dispatch,5.76,15.5,2.1
CHK-004278,BAT-001426,2025-12-21 01:31:00,arrival,6.72,14.2,6.9
CHK-004279,BAT-001427,2025-08-12 07:15:00,harvest,6.73,15.1,0.7
CHK-004280,BAT-001427,2025-09-06 08:17:24,pre_dispatch,7.11,14.6,4.8
CHK-004281,BAT-001427,2025-09-07 05:03:24,arrival,6.33,16.6,3.0
CHK-004282,BAT-001428,2025-08-12 07:30:00,harvest,6.79,15.8,1.4
CHK-004283,BAT-001428,2025-08-31 08:04:12,pre_dispatch,6.07,11.7,4.0
CHK-004284,BAT-001428,2025-09-01 02:40:36,arrival,4.67,16.8,17.6
CHK-004285,BAT-001429,2025-10-23 15:45:00,harvest,6.52,15.2,2.3
CHK-004286,BAT-001429,2026-01-25 17:55:48,pre_dispatch,7.21,16.8,2.9
CHK-004287,BAT-001429,2026-01-27 06:57:36,arrival,5.64,13.8,3.3
CHK-004288,BAT-001430,2025-09-10 11:30:00,harvest,7.77,15.4,1.8
CHK-004289,BAT-001430,2025-12-24 11:10:48,pre_dispatch,5.51,14.5,2.7
CHK-004290,BAT-001430,2025-12-26 04:42:36,arrival,6.73,16.4,17.5
CHK-004291,BAT-001431,2025-09-20 13:00:00,harvest,7.38,12.5,1.9
CHK-004292,BAT-001431,2026-02-03 12:36:36,pre_dispatch,6.21,15.2,2.7
CHK-004293,BAT-001431,2026-02-04 06:25:24,arrival,4.46,12.0,9.8
CHK-004294,BAT-001432,2025-08-18 12:30:00,harvest,8.15,11.6,2.7
CHK-004295,BAT-001432,2025-08-26 13:51:36,pre_dispatch,6.64,16.5,2.7
CHK-004296,BAT-001432,2025-08-27 10:13:00,arrival,5.83,12.0,9.5
CHK-004297,BAT-001433,2025-09-08 14:45:00,harvest,6.74,12.2,3.2
CHK-004298,BAT-001433,2025-10-10 16:45:36,pre_dispatch,5.36,11.6,3.1
CHK-004299,BAT-001433,2025-10-11 13:08:48,arrival,4.36,12.3,4.5
CHK-004300,BAT-001434,2025-09-17 13:15:00,harvest,7.13,13.9,4.0
CHK-004301,BAT-001434,2025-11-05 15:07:48,pre_dispatch,7.7,13.1,5.4
CHK-004302,BAT-001434,2025-11-06 00:40:48,arrival,5.83,16.7,3.9
CHK-004303,BAT-001435,2025-05-29 11:00:00,harvest,7.9,14.7,1.6
CHK-004304,BAT-001435,2025-06-01 11:52:12,pre_dispatch,6.74,13.1,3.9
CHK-004305,BAT-001435,2025-06-01 22:54:48,arrival,4.38,14.4,12.4
CHK-004306,BAT-001436,2025-07-25 09:15:00,harvest,7.83,13.2,3.7
CHK-004307,BAT-001436,2025-08-09 11:26:24,pre_dispatch,6.36,16.6,2.8
CHK-004308,BAT-001436,2025-08-09 22:36:36,arrival,4.71,16.7,17.4
CHK-004309,BAT-001437,2025-09-20 10:30:00,harvest,7.39,11.5,2.5
CHK-004310,BAT-001437,2025-10-16 13:06:36,pre_dispatch,6.73,12.0,2.2
CHK-004311,BAT-001437,2025-10-17 08:49:48,arrival,5.37,15.4,12.9
CHK-004312,BAT-001438,2025-10-10 07:00:00,harvest,8.05,14.1,2.5
CHK-004313,BAT-001438,2025-11-12 06:51:36,pre_dispatch,5.33,14.0,2.7
CHK-004314,BAT-001438,2025-11-13 03:28:48,arrival,4.19,12.7,5.0
CHK-004315,BAT-001439,2025-09-08 08:15:00,harvest,6.97,13.8,0.9
CHK-004316,BAT-001439,2026-01-13 08:13:12,pre_dispatch,7.27,16.9,4.7
CHK-004317,BAT-001439,2026-01-15 02:54:48,arrival,6.27,14.1,4.5
CHK-004318,BAT-001440,2025-10-20 11:00:00,harvest,6.77,14.6,2.1
CHK-004319,BAT-001440,2025-12-14 14:22:48,pre_dispatch,5.37,13.7,1.9
CHK-004320,BAT-001440,2025-12-15 12:52:48,arrival,5.59,11.9,15.0
CHK-004321,BAT-001441,2025-08-30 14:15:00,harvest,7.34,12.7,1.3
CHK-004322,BAT-001441,2025-12-19 17:27:00,pre_dispatch,7.8,11.7,5.0
CHK-004323,BAT-001441,2025-12-21 04:57:00,arrival,5.25,12.3,1.7
CHK-004324,BAT-001442,2025-10-10 10:45:00,harvest,8.2,16.2,3.8
CHK-004325,BAT-001442,2026-02-02 10:18:00,pre_dispatch,7.49,14.3,3.4
CHK-004326,BAT-001442,2026-02-03 21:44:48,arrival,6.16,13.8,9.6
CHK-004327,BAT-001443,2025-09-30 12:45:00,harvest,7.64,14.0,0.6
CHK-004328,BAT-001443,2025-10-21 16:20:24,pre_dispatch,5.6,11.9,1.4
CHK-004329,BAT-001443,2025-10-22 11:52:12,arrival,5.87,15.6,13.2
CHK-004330,BAT-001444,2025-09-16 08:00:00,harvest,8.47,13.1,2.0
CHK-004331,BAT-001444,2025-12-24 09:59:24,pre_dispatch,6.68,16.5,5.7
CHK-004332,BAT-001444,2025-12-24 19:38:36,arrival,6.46,12.8,12.2
CHK-004333,BAT-001445,2025-05-27 14:45:00,harvest,7.86,12.7,2.6
CHK-004334,BAT-001445,2025-06-02 16:46:48,pre_dispatch,7.03,15.0,7.8
CHK-004335,BAT-001445,2025-06-04 02:38:00,arrival,4.17,14.2,2.0
CHK-004336,BAT-001446,2025-06-19 07:00:00,harvest,8.38,14.3,2.7
CHK-004337,BAT-001446,2025-06-28 07:12:36,pre_dispatch,6.8,16.8,5.8
CHK-004338,BAT-001446,2025-06-28 14:57:36,arrival,4.64,13.9,6.3
CHK-004339,BAT-001447,2025-09-05 10:30:00,harvest,8.23,13.4,3.0
CHK-004340,BAT-001447,2025-11-07 10:51:00,pre_dispatch,7.38,14.5,5.5
CHK-004341,BAT-001447,2025-11-09 05:06:24,arrival,5.54,15.6,16.6
CHK-004342,BAT-001448,2025-10-05 10:00:00,harvest,7.66,13.2,2.2
CHK-004343,BAT-001448,2025-11-27 11:25:48,pre_dispatch,5.28,12.3,5.9
CHK-004344,BAT-001448,2025-11-28 05:30:36,arrival,6.73,16.8,11.9
CHK-004345,BAT-001449,2025-09-14 07:45:00,harvest,7.3,11.7,1.1
CHK-004346,BAT-001449,2025-09-21 07:25:12,pre_dispatch,5.52,12.8,7.6
CHK-004347,BAT-001449,2025-09-22 01:24:00,arrival,5.3,16.2,6.4
CHK-004348,BAT-001450,2025-10-12 11:15:00,harvest,8.12,14.7,2.6
CHK-004349,BAT-001450,2026-01-04 11:09:36,pre_dispatch,5.54,13.4,3.4
CHK-004350,BAT-001450,2026-01-04 18:55:36,arrival,4.05,11.6,6.4
CHK-004351,BAT-001451,2025-08-26 10:15:00,harvest,7.28,13.5,3.3
CHK-004352,BAT-001451,2025-12-27 13:21:36,pre_dispatch,5.2,12.7,4.0
CHK-004353,BAT-001451,2025-12-29 03:04:48,arrival,6.79,16.8,4.4
CHK-004354,BAT-001452,2025-09-27 15:30:00,harvest,7.35,15.2,1.0
CHK-004355,BAT-001452,2025-12-31 17:38:24,pre_dispatch,6.79,12.6,3.3
CHK-004356,BAT-001452,2026-01-02 06:06:24,arrival,4.93,12.0,8.4
CHK-004357,BAT-001453,2025-10-16 11:30:00,harvest,8.43,13.9,3.4
CHK-004358,BAT-001453,2025-12-14 14:32:24,pre_dispatch,6.11,12.4,7.6
CHK-004359,BAT-001453,2025-12-14 23:23:24,arrival,4.05,13.4,4.6
CHK-004360,BAT-001454,2025-09-16 10:15:00,harvest,8.44,14.2,3.3
CHK-004361,BAT-001454,2025-10-01 12:03:00,pre_dispatch,6.96,14.1,2.5
CHK-004362,BAT-001454,2025-10-02 08:59:24,arrival,4.62,16.7,15.6
CHK-004363,BAT-001455,2025-10-10 12:45:00,harvest,8.28,13.6,1.1
CHK-004364,BAT-001455,2026-03-31 14:43:48,pre_dispatch,7.68,13.3,1.4
CHK-004365,BAT-001455,2026-04-01 11:34:36,arrival,5.0,15.2,2.7
CHK-004366,BAT-001456,2025-08-19 10:30:00,harvest,6.5,11.4,2.5
CHK-004367,BAT-001456,2025-09-12 14:04:12,pre_dispatch,5.69,13.3,3.9
CHK-004368,BAT-001456,2025-09-14 08:47:00,arrival,5.42,16.2,15.7
CHK-004369,BAT-001457,2025-07-25 07:45:00,harvest,7.17,11.8,2.0
CHK-004370,BAT-001457,2025-08-08 09:22:12,pre_dispatch,5.64,14.1,2.3
CHK-004371,BAT-001457,2025-08-09 18:00:12,arrival,5.77,13.5,4.0
CHK-004372,BAT-001458,2025-08-18 11:15:00,harvest,8.36,14.9,3.0
CHK-004373,BAT-001458,2025-08-27 13:28:48,pre_dispatch,7.09,16.0,7.4
CHK-004374,BAT-001458,2025-08-27 22:07:24,arrival,6.09,11.6,10.1
CHK-004375,BAT-001459,2025-09-06 09:15:00,harvest,8.42,14.2,3.0
CHK-004376,BAT-001459,2025-09-29 11:19:48,pre_dispatch,6.51,12.1,2.5
CHK-004377,BAT-001459,2025-09-30 06:52:12,arrival,4.4,15.2,15.3
CHK-004378,BAT-001460,2025-09-02 11:45:00,harvest,6.59,14.2,1.1
CHK-004379,BAT-001460,2025-11-29 11:23:24,pre_dispatch,6.81,15.1,2.7
CHK-004380,BAT-001460,2025-12-01 04:54:24,arrival,5.6,14.4,5.5
CHK-004381,BAT-001461,2025-10-01 10:00:00,harvest,6.92,12.6,2.9
CHK-004382,BAT-001461,2026-03-02 11:08:24,pre_dispatch,6.68,11.8,7.5
CHK-004383,BAT-001461,2026-03-03 17:37:12,arrival,6.45,16.0,11.5
CHK-004384,BAT-001462,2025-09-07 15:00:00,harvest,8.37,14.3,2.4
CHK-004385,BAT-001462,2025-10-19 15:36:36,pre_dispatch,5.75,11.9,1.3
CHK-004386,BAT-001462,2025-10-20 09:06:48,arrival,6.59,14.5,10.3
CHK-004387,BAT-001463,2025-10-04 10:30:00,harvest,7.36,11.4,2.9
CHK-004388,BAT-001463,2025-12-24 13:46:12,pre_dispatch,6.33,16.4,5.5
CHK-004389,BAT-001463,2025-12-25 21:00:36,arrival,4.1,16.3,13.4
CHK-004390,BAT-001464,2025-07-10 08:00:00,harvest,8.44,16.1,2.6
CHK-004391,BAT-001464,2025-07-13 11:45:36,pre_dispatch,5.82,15.4,2.8
CHK-004392,BAT-001464,2025-07-14 00:54:48,arrival,5.36,14.3,16.1
CHK-004393,BAT-001465,2025-10-03 08:00:00,harvest,7.66,12.4,0.6
CHK-004394,BAT-001465,2025-11-30 09:19:48,pre_dispatch,5.65,11.7,2.7
CHK-004395,BAT-001465,2025-12-01 22:07:12,arrival,5.78,13.7,4.1
CHK-004396,BAT-001466,2025-08-21 10:30:00,harvest,7.39,16.4,1.6
CHK-004397,BAT-001466,2025-09-24 13:00:36,pre_dispatch,7.39,12.0,5.2
CHK-004398,BAT-001466,2025-09-25 00:18:12,arrival,5.99,11.6,6.7
CHK-004399,BAT-001467,2025-10-09 08:00:00,harvest,8.28,11.0,3.1
CHK-004400,BAT-001467,2025-11-03 08:58:12,pre_dispatch,5.19,13.4,7.1
CHK-004401,BAT-001467,2025-11-04 04:15:00,arrival,4.37,16.0,10.4
CHK-004402,BAT-001468,2025-09-17 13:15:00,harvest,8.3,12.7,2.0
CHK-004403,BAT-001468,2025-12-16 16:46:12,pre_dispatch,5.91,13.4,4.6
CHK-004404,BAT-001468,2025-12-17 01:57:36,arrival,4.54,13.6,8.6
CHK-004405,BAT-001469,2025-08-05 11:15:00,harvest,8.15,13.0,2.8
CHK-004406,BAT-001469,2025-08-20 11:46:12,pre_dispatch,7.14,14.1,3.5
CHK-004407,BAT-001469,2025-08-22 06:41:24,arrival,5.51,15.2,13.2
CHK-004408,BAT-001470,2025-08-15 07:00:00,harvest,7.54,14.3,2.0
CHK-004409,BAT-001470,2025-09-05 07:09:00,pre_dispatch,6.83,14.1,6.7
CHK-004410,BAT-001470,2025-09-06 16:08:24,arrival,6.98,13.1,6.2
CHK-004411,BAT-001471,2025-10-10 15:00:00,harvest,7.41,11.9,2.8
CHK-004412,BAT-001471,2025-12-29 17:47:24,pre_dispatch,5.85,16.3,3.9
CHK-004413,BAT-001471,2025-12-31 05:39:00,arrival,5.22,14.9,14.2
CHK-004414,BAT-001472,2025-08-12 10:45:00,harvest,7.62,14.1,0.9
CHK-004415,BAT-001472,2025-09-03 12:19:48,pre_dispatch,5.42,17.0,8.1
CHK-004416,BAT-001472,2025-09-03 19:48:36,arrival,5.01,15.8,1.9
CHK-004417,BAT-001473,2025-08-11 07:45:00,harvest,7.06,12.2,3.7
CHK-004418,BAT-001473,2025-08-16 09:10:48,pre_dispatch,5.13,14.0,4.5
CHK-004419,BAT-001473,2025-08-16 17:56:12,arrival,4.47,15.8,14.6
CHK-004420,BAT-001474,2025-10-15 14:15:00,harvest,8.46,12.2,1.7
CHK-004421,BAT-001474,2025-11-28 17:23:24,pre_dispatch,6.52,13.9,1.3
CHK-004422,BAT-001474,2025-11-29 04:40:00,arrival,5.72,17.1,6.8
CHK-004423,BAT-001475,2025-09-03 07:30:00,harvest,8.44,13.3,1.6
CHK-004424,BAT-001475,2025-09-15 10:25:12,pre_dispatch,5.62,16.3,5.8
CHK-004425,BAT-001475,2025-09-16 02:41:00,arrival,4.93,14.6,3.5
CHK-004426,BAT-001476,2025-09-27 15:15:00,harvest,7.49,15.4,1.4
CHK-004427,BAT-001476,2026-01-27 14:49:12,pre_dispatch,6.5,13.0,6.7
CHK-004428,BAT-001476,2026-01-29 00:18:24,arrival,4.73,16.2,13.3
CHK-004429,BAT-001477,2025-09-21 07:15:00,harvest,6.76,14.1,1.5
CHK-004430,BAT-001477,2025-12-01 10:08:24,pre_dispatch,5.38,14.8,5.4
CHK-004431,BAT-001477,2025-12-02 05:00:00,arrival,5.54,12.6,12.9
CHK-004432,BAT-001478,2025-09-17 09:30:00,harvest,7.24,14.3,0.7
CHK-004433,BAT-001478,2026-01-22 13:09:00,pre_dispatch,7.77,13.0,1.8
CHK-004434,BAT-001478,2026-01-24 07:33:00,arrival,5.22,14.1,13.8
CHK-004435,BAT-001479,2025-10-17 10:00:00,harvest,6.67,12.1,3.0
CHK-004436,BAT-001479,2026-02-28 13:57:00,pre_dispatch,5.06,13.8,3.5
CHK-004437,BAT-001479,2026-03-02 09:48:24,arrival,5.35,15.1,13.3
CHK-004438,BAT-001480,2025-10-17 10:45:00,harvest,8.22,12.5,3.6
CHK-004439,BAT-001480,2025-11-30 14:33:00,pre_dispatch,6.25,12.3,4.2
CHK-004440,BAT-001480,2025-11-30 22:37:00,arrival,4.88,11.9,15.7
CHK-004441,BAT-001481,2025-09-18 15:15:00,harvest,7.22,12.2,2.8
CHK-004442,BAT-001481,2025-10-13 18:41:24,pre_dispatch,5.49,15.8,5.0
CHK-004443,BAT-001481,2025-10-15 12:54:12,arrival,5.53,16.1,3.2
CHK-004444,BAT-001482,2025-08-08 12:15:00,harvest,6.9,14.2,2.4
CHK-004445,BAT-001482,2025-09-02 12:59:24,pre_dispatch,7.09,15.1,3.5
CHK-004446,BAT-001482,2025-09-04 07:52:12,arrival,4.45,13.7,3.9
CHK-004447,BAT-001483,2025-08-23 08:15:00,harvest,7.58,16.3,3.5
CHK-004448,BAT-001483,2025-10-21 11:17:24,pre_dispatch,7.2,12.1,5.5
CHK-004449,BAT-001483,2025-10-23 00:11:36,arrival,7.13,13.6,10.2
CHK-004450,BAT-001484,2025-09-06 08:45:00,harvest,7.63,11.7,1.6
CHK-004451,BAT-001484,2025-10-17 09:45:36,pre_dispatch,6.68,14.7,3.4
CHK-004452,BAT-001484,2025-10-18 05:00:36,arrival,5.31,16.1,14.0
CHK-004453,BAT-001485,2025-09-21 13:15:00,harvest,6.61,13.8,3.1
CHK-004454,BAT-001485,2025-11-26 16:06:36,pre_dispatch,7.46,14.8,3.2
CHK-004455,BAT-001485,2025-11-28 01:24:00,arrival,6.7,15.6,11.2
CHK-004456,BAT-001486,2025-06-21 12:00:00,harvest,8.39,16.4,3.8
CHK-004457,BAT-001486,2025-06-25 15:36:00,pre_dispatch,7.76,11.6,6.2
CHK-004458,BAT-001486,2025-06-26 01:47:36,arrival,6.13,14.3,7.7
CHK-004459,BAT-001487,2025-10-07 13:30:00,harvest,8.42,11.8,1.8
CHK-004460,BAT-001487,2025-10-17 14:00:36,pre_dispatch,7.35,16.3,1.8
CHK-004461,BAT-001487,2025-10-18 10:05:48,arrival,6.07,14.7,12.8
CHK-004462,BAT-001488,2025-07-07 13:15:00,harvest,7.63,15.5,0.6
CHK-004463,BAT-001488,2025-07-18 15:36:36,pre_dispatch,5.06,13.3,4.1
CHK-004464,BAT-001488,2025-07-19 02:04:24,arrival,6.64,12.9,8.8
CHK-004465,BAT-001489,2025-08-20 09:00:00,harvest,7.44,15.4,1.3
CHK-004466,BAT-001489,2025-08-26 09:52:48,pre_dispatch,6.58,15.8,4.1
CHK-004467,BAT-001489,2025-08-27 06:33:00,arrival,5.78,11.9,14.9
CHK-004468,BAT-001490,2025-07-12 15:00:00,harvest,6.76,11.8,3.7
CHK-004469,BAT-001490,2025-07-22 17:40:12,pre_dispatch,7.45,15.8,1.2
CHK-004470,BAT-001490,2025-07-23 03:09:12,arrival,4.89,12.5,3.6
CHK-004471,BAT-001491,2025-08-26 10:45:00,harvest,7.95,13.6,1.4
CHK-004472,BAT-001491,2026-01-21 14:34:48,pre_dispatch,7.08,12.7,5.9
CHK-004473,BAT-001491,2026-01-22 10:13:12,arrival,6.32,13.2,8.7
CHK-004474,BAT-001492,2025-09-29 11:15:00,harvest,7.6,11.8,0.9
CHK-004475,BAT-001492,2025-10-13 13:31:12,pre_dispatch,6.05,15.2,1.0
CHK-004476,BAT-001492,2025-10-14 09:54:00,arrival,5.62,12.2,10.9
CHK-004477,BAT-001493,2025-07-14 09:30:00,harvest,6.54,11.1,1.1
CHK-004478,BAT-001493,2025-08-01 10:37:48,pre_dispatch,5.89,11.7,4.4
CHK-004479,BAT-001493,2025-08-01 19:30:48,arrival,6.55,13.7,13.2
CHK-004480,BAT-001494,2025-09-18 15:00:00,harvest,8.29,15.6,2.2
CHK-004481,BAT-001494,2025-12-05 16:53:24,pre_dispatch,7.01,13.1,7.6
CHK-004482,BAT-001494,2025-12-06 05:50:24,arrival,6.58,12.4,15.4
CHK-004483,BAT-001495,2025-10-01 08:15:00,harvest,6.88,14.0,1.2
CHK-004484,BAT-001495,2025-12-13 10:34:48,pre_dispatch,6.35,13.1,5.0
CHK-004485,BAT-001495,2025-12-13 20:59:12,arrival,6.38,17.1,11.7
CHK-004486,BAT-001496,2025-09-21 09:45:00,harvest,7.0,12.6,3.4
CHK-004487,BAT-001496,2025-12-26 11:21:36,pre_dispatch,7.43,16.1,2.7
CHK-004488,BAT-001496,2025-12-27 01:03:36,arrival,4.55,11.9,9.6
CHK-004489,BAT-001497,2025-10-09 12:45:00,harvest,8.21,11.6,1.0
CHK-004490,BAT-001497,2025-11-06 16:24:00,pre_dispatch,6.65,12.9,6.0
CHK-004491,BAT-001497,2025-11-06 23:57:12,arrival,4.51,11.8,14.8
CHK-004492,BAT-001498,2025-09-26 13:00:00,harvest,8.19,15.4,1.8
CHK-004493,BAT-001498,2025-10-07 13:47:24,pre_dispatch,5.72,13.0,3.9
CHK-004494,BAT-001498,2025-10-09 08:39:00,arrival,4.49,13.3,10.4
CHK-004495,BAT-001499,2025-08-29 12:15:00,harvest,8.23,13.7,1.3
CHK-004496,BAT-001499,2025-09-16 15:49:48,pre_dispatch,5.83,13.9,3.6
CHK-004497,BAT-001499,2025-09-18 10:20:24,arrival,6.88,15.4,7.4
CHK-004498,BAT-001500,2025-07-25 10:00:00,harvest,8.03,12.0,1.6
CHK-004499,BAT-001500,2025-07-30 10:35:24,pre_dispatch,5.78,13.9,1.8
CHK-004500,BAT-001500,2025-07-31 01:25:36,arrival,4.7,16.0,10.7
CHK-004501,BAT-001501,2025-08-18 09:15:00,harvest,7.02,13.1,1.1
CHK-004502,BAT-001501,2025-09-01 12:03:00,pre_dispatch,7.45,14.9,6.9
CHK-004503,BAT-001501,2025-09-02 00:46:00,arrival,4.88,16.2,12.1
CHK-004504,BAT-001502,2025-09-22 11:45:00,harvest,7.82,14.7,2.3
CHK-004505,BAT-001502,2025-10-15 14:34:12,pre_dispatch,6.27,14.0,1.9
CHK-004506,BAT-001502,2025-10-16 03:34:48,arrival,6.94,14.9,9.0
CHK-004507,BAT-001503,2025-10-09 15:30:00,harvest,7.54,11.2,1.7
CHK-004508,BAT-001503,2025-12-30 17:07:48,pre_dispatch,6.17,13.1,5.7
CHK-004509,BAT-001503,2026-01-01 05:57:36,arrival,4.58,12.0,15.6
CHK-004510,BAT-001504,2025-10-02 08:45:00,harvest,7.85,15.7,1.1
CHK-004511,BAT-001504,2025-12-31 09:10:12,pre_dispatch,7.78,14.0,1.0
CHK-004512,BAT-001504,2026-01-02 03:12:48,arrival,6.76,13.8,15.1
CHK-004513,BAT-001505,2025-08-17 13:30:00,harvest,7.3,14.0,2.9
CHK-004514,BAT-001505,2025-09-11 13:06:36,pre_dispatch,6.92,13.5,8.4
CHK-004515,BAT-001505,2025-09-12 07:33:12,arrival,6.42,13.0,4.0
CHK-004516,BAT-001506,2025-10-04 10:45:00,harvest,7.54,14.6,3.8
CHK-004517,BAT-001506,2025-10-11 10:18:00,pre_dispatch,6.15,16.1,4.6
CHK-004518,BAT-001506,2025-10-12 22:11:48,arrival,6.75,15.5,17.1
CHK-004519,BAT-001507,2025-10-07 07:15:00,harvest,6.5,13.7,1.9
CHK-004520,BAT-001507,2025-11-03 10:17:24,pre_dispatch,7.34,14.6,7.5
CHK-004521,BAT-001507,2025-11-04 23:26:00,arrival,6.96,14.2,17.3
CHK-004522,BAT-001508,2025-10-10 13:00:00,harvest,8.4,15.5,0.8
CHK-004523,BAT-001508,2025-11-13 14:07:12,pre_dispatch,5.06,14.6,8.4
CHK-004524,BAT-001508,2025-11-13 22:58:48,arrival,5.33,16.1,10.2
CHK-004525,BAT-001509,2025-09-29 11:15:00,harvest,6.94,14.5,1.6
CHK-004526,BAT-001509,2025-11-04 12:28:48,pre_dispatch,5.85,13.9,7.9
CHK-004527,BAT-001509,2025-11-04 20:35:36,arrival,6.74,13.3,15.9
CHK-004528,BAT-001510,2025-09-05 14:00:00,harvest,6.99,11.1,3.0
CHK-004529,BAT-001510,2025-09-23 16:09:00,pre_dispatch,6.89,12.1,3.6
CHK-004530,BAT-001510,2025-09-25 03:54:12,arrival,6.06,16.2,12.1
CHK-004531,BAT-001511,2025-09-26 14:15:00,harvest,6.89,14.1,2.4
CHK-004532,BAT-001511,2025-12-13 16:36:00,pre_dispatch,6.8,14.1,4.3
CHK-004533,BAT-001511,2025-12-14 05:42:24,arrival,4.28,12.0,9.2
CHK-004534,BAT-001512,2025-08-14 09:30:00,harvest,7.37,12.4,2.2
CHK-004535,BAT-001512,2025-09-05 12:46:48,pre_dispatch,5.5,12.2,1.7
CHK-004536,BAT-001512,2025-09-06 19:38:12,arrival,4.6,12.0,12.6
CHK-004537,BAT-001513,2025-09-02 09:45:00,harvest,7.36,12.6,2.5
CHK-004538,BAT-001513,2025-09-27 10:12:00,pre_dispatch,7.02,13.6,3.4
CHK-004539,BAT-001513,2025-09-28 00:37:00,arrival,4.57,16.2,2.5
CHK-004540,BAT-001514,2025-10-06 13:30:00,harvest,7.09,16.2,0.8
CHK-004541,BAT-001514,2026-01-30 13:41:24,pre_dispatch,7.22,13.0,6.9
CHK-004542,BAT-001514,2026-02-01 07:46:12,arrival,6.92,15.7,3.8
CHK-004543,BAT-001515,2025-10-15 14:30:00,harvest,7.05,14.1,3.1
CHK-004544,BAT-001515,2026-01-25 14:25:12,pre_dispatch,7.62,11.7,3.6
CHK-004545,BAT-001515,2026-01-26 21:29:12,arrival,4.02,14.6,16.2
CHK-004546,BAT-001516,2025-09-28 10:00:00,harvest,6.92,14.6,1.8
CHK-004547,BAT-001516,2025-12-12 11:34:48,pre_dispatch,6.67,17.0,4.1
CHK-004548,BAT-001516,2025-12-12 23:21:36,arrival,5.85,17.1,15.0
CHK-004549,BAT-001517,2025-09-21 10:15:00,harvest,7.57,14.0,3.8
CHK-004550,BAT-001517,2025-10-09 10:52:12,pre_dispatch,5.75,15.7,2.6
CHK-004551,BAT-001517,2025-10-09 23:37:24,arrival,5.89,12.0,1.7
CHK-004552,BAT-001518,2025-09-13 11:00:00,harvest,8.47,14.2,0.7
CHK-004553,BAT-001518,2025-10-12 14:31:12,pre_dispatch,6.21,13.2,2.6
CHK-004554,BAT-001518,2025-10-14 08:27:00,arrival,4.54,11.6,12.1
CHK-004555,BAT-001519,2025-06-22 10:30:00,harvest,7.0,14.9,3.9
CHK-004556,BAT-001519,2025-06-30 12:57:36,pre_dispatch,7.43,16.7,6.0
CHK-004557,BAT-001519,2025-07-01 08:02:12,arrival,5.91,12.5,6.4
CHK-004558,BAT-001520,2025-06-06 08:30:00,harvest,6.82,14.6,3.1
CHK-004559,BAT-001520,2025-06-13 09:45:36,pre_dispatch,7.72,15.2,4.9
CHK-004560,BAT-001520,2025-06-14 18:18:36,arrival,7.05,13.2,11.8
CHK-004561,BAT-001521,2025-08-26 13:45:00,harvest,7.28,13.1,2.1
CHK-004562,BAT-001521,2025-12-12 16:41:24,pre_dispatch,6.54,13.2,2.6
CHK-004563,BAT-001521,2025-12-13 02:21:00,arrival,6.51,16.8,2.1
CHK-004564,BAT-001522,2025-10-20 14:30:00,harvest,7.79,14.5,1.5
CHK-004565,BAT-001522,2026-01-28 15:29:24,pre_dispatch,6.05,14.4,5.3
CHK-004566,BAT-001522,2026-01-30 03:43:12,arrival,5.66,12.2,10.0
CHK-004567,BAT-001523,2025-10-21 08:30:00,harvest,8.02,12.1,2.8
CHK-004568,BAT-001523,2026-01-19 09:28:48,pre_dispatch,6.28,16.1,3.5
CHK-004569,BAT-001523,2026-01-19 19:28:48,arrival,5.96,15.3,10.8
CHK-004570,BAT-001524,2025-09-30 07:00:00,harvest,8.41,14.4,2.4
CHK-004571,BAT-001524,2026-02-15 10:19:48,pre_dispatch,7.25,15.5,7.8
CHK-004572,BAT-001524,2026-02-16 22:29:00,arrival,4.56,14.5,4.3
CHK-004573,BAT-001525,2025-09-06 15:15:00,harvest,7.55,13.1,3.1
CHK-004574,BAT-001525,2026-01-21 15:22:48,pre_dispatch,7.03,12.3,8.3
CHK-004575,BAT-001525,2026-01-22 03:00:48,arrival,4.39,15.6,6.5
CHK-004576,BAT-001526,2025-08-01 07:30:00,harvest,6.9,16.1,3.7
CHK-004577,BAT-001526,2025-08-27 07:24:36,pre_dispatch,5.84,16.7,8.4
CHK-004578,BAT-001526,2025-08-27 20:09:00,arrival,4.71,13.1,15.3
CHK-004579,BAT-001527,2025-08-15 08:15:00,harvest,7.68,16.1,3.5
CHK-004580,BAT-001527,2025-08-27 08:46:48,pre_dispatch,7.78,16.4,6.1
CHK-004581,BAT-001527,2025-08-29 07:32:48,arrival,6.99,13.4,3.4
CHK-004582,BAT-001528,2025-09-12 12:00:00,harvest,6.51,13.7,3.6
CHK-004583,BAT-001528,2026-01-02 12:15:00,pre_dispatch,7.24,14.6,1.1
CHK-004584,BAT-001528,2026-01-03 00:52:24,arrival,4.72,15.8,10.9
CHK-004585,BAT-001529,2025-09-22 13:45:00,harvest,7.53,15.0,2.3
CHK-004586,BAT-001529,2025-10-23 17:43:12,pre_dispatch,5.73,13.9,5.6
CHK-004587,BAT-001529,2025-10-25 01:29:00,arrival,6.77,11.7,6.3
CHK-004588,BAT-001530,2025-09-17 14:30:00,harvest,7.28,12.2,2.0
CHK-004589,BAT-001530,2025-11-12 16:35:24,pre_dispatch,6.03,15.1,1.4
CHK-004590,BAT-001530,2025-11-13 17:43:36,arrival,4.67,15.7,8.6
CHK-004591,BAT-001531,2025-08-22 07:45:00,harvest,7.42,12.2,2.5
CHK-004592,BAT-001531,2025-09-16 09:39:36,pre_dispatch,6.19,14.3,1.4
CHK-004593,BAT-001531,2025-09-17 21:39:36,arrival,5.74,15.5,4.2
CHK-004594,BAT-001532,2025-07-23 11:30:00,harvest,7.96,11.1,3.5
CHK-004595,BAT-001532,2025-07-26 11:21:36,pre_dispatch,6.51,16.7,5.8
CHK-004596,BAT-001532,2025-07-27 23:35:24,arrival,5.75,15.3,9.8
CHK-004597,BAT-001533,2025-09-13 07:45:00,harvest,7.38,13.1,3.7
CHK-004598,BAT-001533,2026-02-13 08:00:36,pre_dispatch,7.6,14.4,2.3
CHK-004599,BAT-001533,2026-02-14 20:18:48,arrival,4.56,15.7,14.4
CHK-004600,BAT-001534,2025-10-05 07:15:00,harvest,7.58,14.7,2.3
CHK-004601,BAT-001534,2025-10-31 10:13:12,pre_dispatch,5.01,16.2,1.5
CHK-004602,BAT-001534,2025-11-01 07:29:24,arrival,5.9,14.3,13.8
CHK-004603,BAT-001535,2025-09-05 09:45:00,harvest,8.12,16.3,0.8
CHK-004604,BAT-001535,2025-12-03 11:42:36,pre_dispatch,7.43,15.1,4.9
CHK-004605,BAT-001535,2025-12-03 19:45:36,arrival,6.33,16.4,11.0
CHK-004606,BAT-001536,2025-08-22 13:15:00,harvest,7.06,13.6,3.7
CHK-004607,BAT-001536,2025-10-24 13:16:48,pre_dispatch,5.04,12.8,4.3
CHK-004608,BAT-001536,2025-10-24 21:02:00,arrival,4.95,13.5,14.7
CHK-004609,BAT-001537,2025-09-13 13:00:00,harvest,7.03,11.1,3.6
CHK-004610,BAT-001537,2026-02-22 14:37:48,pre_dispatch,5.65,15.2,4.9
CHK-004611,BAT-001537,2026-02-24 09:16:12,arrival,6.04,16.4,9.1
CHK-004612,BAT-001538,2025-10-06 13:30:00,harvest,7.14,11.2,3.3
CHK-004613,BAT-001538,2025-10-14 14:42:36,pre_dispatch,5.15,15.5,3.6
CHK-004614,BAT-001538,2025-10-15 10:11:00,arrival,4.83,16.3,3.2
CHK-004615,BAT-001539,2025-08-10 12:15:00,harvest,6.96,16.1,2.6
CHK-004616,BAT-001539,2025-09-10 15:00:00,pre_dispatch,7.21,16.2,1.6
CHK-004617,BAT-001539,2025-09-11 01:04:36,arrival,4.16,15.2,6.0
CHK-004618,BAT-001540,2025-07-20 15:15:00,harvest,8.41,14.7,3.8
CHK-004619,BAT-001540,2025-07-27 18:21:36,pre_dispatch,7.15,13.0,5.9
CHK-004620,BAT-001540,2025-07-28 12:29:48,arrival,7.13,15.1,6.5
CHK-004621,BAT-001541,2025-06-21 14:30:00,harvest,7.61,15.6,2.6
CHK-004622,BAT-001541,2025-06-25 17:12:36,pre_dispatch,6.76,13.5,3.8
CHK-004623,BAT-001541,2025-06-26 17:05:12,arrival,5.82,14.9,2.2
CHK-004624,BAT-001542,2025-06-28 14:15:00,harvest,8.27,11.7,1.9
CHK-004625,BAT-001542,2025-07-18 17:25:12,pre_dispatch,5.41,14.6,8.0
CHK-004626,BAT-001542,2025-07-19 10:25:12,arrival,5.31,13.0,5.1
CHK-004627,BAT-001543,2025-08-23 15:00:00,harvest,7.04,12.3,1.2
CHK-004628,BAT-001543,2025-11-12 18:22:48,pre_dispatch,7.62,12.2,7.4
CHK-004629,BAT-001543,2025-11-14 02:44:12,arrival,6.9,15.0,3.0
CHK-004630,BAT-001544,2025-10-12 12:00:00,harvest,7.16,13.2,2.4
CHK-004631,BAT-001544,2025-12-14 14:16:48,pre_dispatch,6.75,13.2,3.4
CHK-004632,BAT-001544,2025-12-15 09:22:36,arrival,6.99,12.6,7.8
CHK-004633,BAT-001545,2025-09-03 10:45:00,harvest,8.18,15.0,2.4
CHK-004634,BAT-001545,2025-12-02 11:54:36,pre_dispatch,5.19,15.8,1.9
CHK-004635,BAT-001545,2025-12-02 22:13:00,arrival,5.46,16.5,11.8
CHK-004636,BAT-001546,2025-09-24 15:30:00,harvest,6.73,16.0,1.3
CHK-004637,BAT-001546,2026-01-24 15:09:36,pre_dispatch,5.7,14.4,4.1
CHK-004638,BAT-001546,2026-01-25 14:58:12,arrival,6.35,12.5,11.4
CHK-004639,BAT-001547,2025-08-26 07:45:00,harvest,8.24,12.1,2.8
CHK-004640,BAT-001547,2025-09-09 10:30:00,pre_dispatch,5.01,15.4,4.9
CHK-004641,BAT-001547,2025-09-10 06:01:24,arrival,6.43,12.0,7.7
CHK-004642,BAT-001548,2025-09-20 15:45:00,harvest,7.44,12.3,2.1
CHK-004643,BAT-001548,2025-10-05 18:04:48,pre_dispatch,6.67,12.1,4.5
CHK-004644,BAT-001548,2025-10-06 14:09:12,arrival,6.88,12.7,16.1
CHK-004645,BAT-001549,2025-08-26 11:15:00,harvest,7.59,13.9,2.1
CHK-004646,BAT-001549,2025-09-16 14:51:36,pre_dispatch,7.31,14.8,3.1
CHK-004647,BAT-001549,2025-09-17 00:28:48,arrival,5.11,15.1,8.2
CHK-004648,BAT-001550,2025-08-26 12:45:00,harvest,7.12,16.3,0.9
CHK-004649,BAT-001550,2025-11-06 14:33:00,pre_dispatch,5.86,14.5,7.4
CHK-004650,BAT-001550,2025-11-07 09:00:48,arrival,5.72,14.7,3.4
CHK-004651,BAT-001551,2025-09-03 12:00:00,harvest,7.32,16.3,3.4
CHK-004652,BAT-001551,2025-09-26 15:54:36,pre_dispatch,5.92,14.8,1.1
CHK-004653,BAT-001551,2025-09-27 00:38:00,arrival,5.1,13.2,9.8
CHK-004654,BAT-001552,2025-09-05 11:30:00,harvest,8.38,11.3,2.5
CHK-004655,BAT-001552,2025-09-15 13:07:12,pre_dispatch,6.97,14.3,5.5
CHK-004656,BAT-001552,2025-09-17 02:14:24,arrival,5.5,15.8,18.0
CHK-004657,BAT-001553,2025-07-20 11:00:00,harvest,7.08,14.2,0.9
CHK-004658,BAT-001553,2025-08-07 12:28:48,pre_dispatch,5.68,14.7,8.2
CHK-004659,BAT-001553,2025-08-09 07:57:00,arrival,5.64,12.6,15.2
CHK-004660,BAT-001554,2025-09-28 10:15:00,harvest,8.24,14.9,0.7
CHK-004661,BAT-001554,2025-12-27 12:24:00,pre_dispatch,5.74,12.7,8.4
CHK-004662,BAT-001554,2025-12-29 08:36:12,arrival,4.41,14.3,9.5
CHK-004663,BAT-001555,2025-07-30 12:45:00,harvest,8.1,11.0,3.2
CHK-004664,BAT-001555,2025-08-12 16:07:48,pre_dispatch,7.8,13.9,4.9
CHK-004665,BAT-001555,2025-08-14 10:04:48,arrival,4.98,15.8,17.2
CHK-004666,BAT-001556,2025-10-10 14:15:00,harvest,6.59,14.3,0.6
CHK-004667,BAT-001556,2026-03-11 14:16:12,pre_dispatch,7.72,15.5,6.4
CHK-004668,BAT-001556,2026-03-12 08:05:24,arrival,6.16,12.6,13.7
CHK-004669,BAT-001557,2025-07-19 13:30:00,harvest,7.37,13.9,1.9
CHK-004670,BAT-001557,2025-08-06 13:19:12,pre_dispatch,5.21,15.3,1.8
CHK-004671,BAT-001557,2025-08-07 01:09:36,arrival,6.7,12.6,10.2
CHK-004672,BAT-001558,2025-10-22 13:30:00,harvest,7.51,12.4,2.4
CHK-004673,BAT-001558,2026-01-27 17:02:24,pre_dispatch,5.91,15.3,3.8
CHK-004674,BAT-001558,2026-01-29 12:24:12,arrival,5.36,11.9,3.5
CHK-004675,BAT-001559,2025-09-03 09:00:00,harvest,7.28,14.4,2.0
CHK-004676,BAT-001559,2025-10-18 10:43:48,pre_dispatch,7.3,13.8,5.6
CHK-004677,BAT-001559,2025-10-19 06:03:00,arrival,6.03,13.5,8.3
CHK-004678,BAT-001560,2025-09-23 08:15:00,harvest,7.92,11.7,0.9
CHK-004679,BAT-001560,2026-01-31 09:09:36,pre_dispatch,5.94,12.4,4.2
CHK-004680,BAT-001560,2026-02-01 03:00:48,arrival,6.02,12.2,7.8
CHK-004681,BAT-001561,2025-09-02 10:15:00,harvest,6.72,13.7,0.7
CHK-004682,BAT-001561,2025-11-01 13:07:48,pre_dispatch,5.69,11.7,3.8
CHK-004683,BAT-001561,2025-11-02 02:06:36,arrival,6.49,16.7,6.6
CHK-004684,BAT-001562,2025-09-05 13:45:00,harvest,6.62,15.2,3.0
CHK-004685,BAT-001562,2025-09-16 15:16:12,pre_dispatch,6.61,15.9,1.3
CHK-004686,BAT-001562,2025-09-17 12:23:36,arrival,6.55,16.6,2.4
CHK-004687,BAT-001563,2025-10-08 10:30:00,harvest,8.25,15.2,3.7
CHK-004688,BAT-001563,2025-12-10 11:42:36,pre_dispatch,7.42,16.5,2.1
CHK-004689,BAT-001563,2025-12-11 21:17:48,arrival,5.1,14.7,7.5
CHK-004690,BAT-001564,2025-07-27 13:30:00,harvest,7.01,11.9,0.9
CHK-004691,BAT-001564,2025-08-09 14:39:00,pre_dispatch,5.15,14.3,3.4
CHK-004692,BAT-001564,2025-08-11 02:42:24,arrival,6.24,11.6,8.2
CHK-004693,BAT-001565,2025-09-10 07:30:00,harvest,7.81,11.0,3.5
CHK-004694,BAT-001565,2025-12-13 07:15:36,pre_dispatch,5.36,15.1,7.6
CHK-004695,BAT-001565,2025-12-14 04:34:24,arrival,4.72,16.6,12.3
CHK-004696,BAT-001566,2025-09-07 08:00:00,harvest,8.39,14.4,2.8
CHK-004697,BAT-001566,2025-11-21 10:44:24,pre_dispatch,5.67,13.3,8.2
CHK-004698,BAT-001566,2025-11-22 06:33:00,arrival,6.14,16.8,10.1
CHK-004699,BAT-001567,2025-09-20 11:45:00,harvest,6.58,15.3,3.1
CHK-004700,BAT-001567,2025-10-13 12:54:00,pre_dispatch,6.87,14.4,6.9
CHK-004701,BAT-001567,2025-10-15 00:58:36,arrival,4.4,13.9,4.0
CHK-004702,BAT-001568,2025-08-25 10:30:00,harvest,7.0,13.5,3.1
CHK-004703,BAT-001568,2025-09-15 11:18:00,pre_dispatch,6.77,16.9,7.2
CHK-004704,BAT-001568,2025-09-16 07:19:12,arrival,4.86,16.1,16.4
CHK-004705,BAT-001569,2025-10-08 10:15:00,harvest,8.04,14.9,0.7
CHK-004706,BAT-001569,2025-11-02 11:13:48,pre_dispatch,5.02,14.2,7.0
CHK-004707,BAT-001569,2025-11-02 19:27:24,arrival,5.13,16.4,12.4
CHK-004708,BAT-001570,2025-08-20 08:30:00,harvest,7.03,11.4,0.7
CHK-004709,BAT-001570,2025-08-29 09:27:00,pre_dispatch,5.21,12.0,3.5
CHK-004710,BAT-001570,2025-08-30 06:01:24,arrival,6.41,12.3,12.1
CHK-004711,BAT-001571,2025-08-28 15:15:00,harvest,7.32,11.6,2.3
CHK-004712,BAT-001571,2025-09-11 18:19:12,pre_dispatch,6.55,12.4,1.2
CHK-004713,BAT-001571,2025-09-13 01:39:48,arrival,5.16,13.2,11.3
CHK-004714,BAT-001572,2025-09-09 14:45:00,harvest,8.03,14.8,3.8
CHK-004715,BAT-001572,2025-12-31 18:04:12,pre_dispatch,7.25,16.8,2.6
CHK-004716,BAT-001572,2026-01-01 07:38:48,arrival,4.79,15.6,11.2
CHK-004717,BAT-001573,2025-10-01 14:45:00,harvest,8.18,14.1,2.6
CHK-004718,BAT-001573,2026-01-03 16:15:36,pre_dispatch,5.43,13.5,6.9
CHK-004719,BAT-001573,2026-01-04 00:51:12,arrival,4.17,15.0,11.6
CHK-004720,BAT-001574,2025-10-05 07:00:00,harvest,8.41,13.1,4.0
CHK-004721,BAT-001574,2026-01-25 06:39:36,pre_dispatch,6.9,12.0,3.4
CHK-004722,BAT-001574,2026-01-25 14:53:36,arrival,7.09,16.9,10.4
CHK-004723,BAT-001575,2025-09-27 13:45:00,harvest,6.98,14.5,1.9
CHK-004724,BAT-001575,2025-10-07 15:10:12,pre_dispatch,6.73,15.4,2.0
CHK-004725,BAT-001575,2025-10-08 11:27:24,arrival,5.6,13.9,6.7
CHK-004726,BAT-001576,2025-08-16 12:45:00,harvest,7.56,12.6,3.4
CHK-004727,BAT-001576,2025-11-29 12:42:00,pre_dispatch,6.15,15.6,2.0
CHK-004728,BAT-001576,2025-11-30 06:20:12,arrival,6.58,12.1,9.0
CHK-004729,BAT-001577,2025-09-09 07:45:00,harvest,8.47,14.7,2.9
CHK-004730,BAT-001577,2025-11-15 10:22:48,pre_dispatch,6.99,14.4,4.9
CHK-004731,BAT-001577,2025-11-16 05:25:36,arrival,6.27,15.6,14.3
CHK-004732,BAT-001578,2025-08-25 13:30:00,harvest,7.85,13.2,1.0
CHK-004733,BAT-001578,2025-11-18 17:28:12,pre_dispatch,7.46,15.3,3.8
CHK-004734,BAT-001578,2025-11-19 02:05:24,arrival,6.22,13.5,17.0
CHK-004735,BAT-001579,2025-08-06 10:30:00,harvest,7.14,15.0,3.4
CHK-004736,BAT-001579,2025-08-27 13:29:24,pre_dispatch,7.78,17.0,2.8
CHK-004737,BAT-001579,2025-08-28 01:48:36,arrival,6.41,16.1,17.3
CHK-004738,BAT-001580,2025-08-08 15:15:00,harvest,7.92,11.7,1.7
CHK-004739,BAT-001580,2025-08-13 14:55:48,pre_dispatch,6.58,14.4,4.0
CHK-004740,BAT-001580,2025-08-14 23:01:12,arrival,4.2,13.5,5.8
CHK-004741,BAT-001581,2025-10-16 11:45:00,harvest,7.58,12.5,0.6
CHK-004742,BAT-001581,2025-12-02 14:50:24,pre_dispatch,6.64,13.9,3.3
CHK-004743,BAT-001581,2025-12-04 10:41:00,arrival,5.4,16.9,13.8
CHK-004744,BAT-001582,2025-10-10 09:00:00,harvest,7.72,16.1,1.0
CHK-004745,BAT-001582,2026-02-04 08:50:24,pre_dispatch,7.76,15.4,3.9
CHK-004746,BAT-001582,2026-02-05 16:52:00,arrival,4.98,16.8,6.1
CHK-004747,BAT-001583,2025-09-26 12:15:00,harvest,6.61,12.8,1.6
CHK-004748,BAT-001583,2025-10-09 16:11:24,pre_dispatch,5.82,16.3,5.8
CHK-004749,BAT-001583,2025-10-10 09:15:00,arrival,4.46,15.2,8.6
CHK-004750,BAT-001584,2025-08-18 15:30:00,harvest,6.77,14.3,0.6
CHK-004751,BAT-001584,2025-11-26 19:10:12,pre_dispatch,5.53,13.1,5.8
CHK-004752,BAT-001584,2025-11-27 12:36:36,arrival,4.4,12.0,2.0
CHK-004753,BAT-001585,2025-09-03 07:45:00,harvest,6.98,15.2,1.3
CHK-004754,BAT-001585,2025-09-19 08:21:00,pre_dispatch,7.54,14.9,7.7
CHK-004755,BAT-001585,2025-09-19 16:22:12,arrival,5.9,14.6,13.3
CHK-004756,BAT-001586,2025-10-20 11:45:00,harvest,7.47,11.5,3.1
CHK-004757,BAT-001586,2025-12-19 15:45:00,pre_dispatch,5.19,11.6,2.9
CHK-004758,BAT-001586,2025-12-20 05:20:12,arrival,7.09,12.2,4.0
CHK-004759,BAT-001587,2025-08-20 12:30:00,harvest,7.13,15.1,2.4
CHK-004760,BAT-001587,2025-08-24 14:36:36,pre_dispatch,5.76,16.7,2.0
CHK-004761,BAT-001587,2025-08-26 02:34:48,arrival,6.49,12.3,15.8
CHK-004762,BAT-001588,2025-09-17 07:45:00,harvest,7.47,13.9,3.4
CHK-004763,BAT-001588,2025-10-25 08:53:24,pre_dispatch,7.48,15.0,4.1
CHK-004764,BAT-001588,2025-10-27 03:27:36,arrival,6.51,12.5,2.7
CHK-004765,BAT-001589,2025-10-17 12:30:00,harvest,7.4,12.0,3.7
CHK-004766,BAT-001589,2026-01-13 14:15:00,pre_dispatch,6.86,15.6,1.9
CHK-004767,BAT-001589,2026-01-14 09:04:36,arrival,5.19,13.7,10.6
CHK-004768,BAT-001590,2025-09-09 09:30:00,harvest,7.13,11.4,3.6
CHK-004769,BAT-001590,2025-10-23 11:21:36,pre_dispatch,7.06,12.8,2.2
CHK-004770,BAT-001590,2025-10-24 06:36:48,arrival,4.49,15.6,6.4
CHK-004771,BAT-001591,2025-09-03 15:00:00,harvest,7.13,12.9,3.7
CHK-004772,BAT-001591,2026-01-16 18:24:00,pre_dispatch,6.7,13.9,5.2
CHK-004773,BAT-001591,2026-01-17 02:08:24,arrival,5.01,14.2,4.5
CHK-004774,BAT-001592,2025-09-18 14:45:00,harvest,6.89,14.4,2.1
CHK-004775,BAT-001592,2026-01-07 15:38:24,pre_dispatch,6.24,16.6,7.3
CHK-004776,BAT-001592,2026-01-08 00:38:00,arrival,5.56,12.7,5.1
CHK-004777,BAT-001593,2025-09-04 14:45:00,harvest,7.17,12.2,2.6
CHK-004778,BAT-001593,2025-09-13 15:19:12,pre_dispatch,5.46,14.9,7.8
CHK-004779,BAT-001593,2025-09-14 00:16:48,arrival,4.61,15.2,13.4
CHK-004780,BAT-001594,2025-10-01 13:45:00,harvest,8.04,15.3,2.4
CHK-004781,BAT-001594,2026-01-14 13:26:24,pre_dispatch,5.72,14.5,2.4
CHK-004782,BAT-001594,2026-01-16 02:15:36,arrival,4.17,12.6,14.1
CHK-004783,BAT-001595,2025-06-11 07:45:00,harvest,7.91,15.8,0.9
CHK-004784,BAT-001595,2025-06-20 08:08:24,pre_dispatch,7.37,11.8,1.6
CHK-004785,BAT-001595,2025-06-20 20:33:36,arrival,5.46,13.7,4.0
CHK-004786,BAT-001596,2025-10-01 12:30:00,harvest,8.39,14.5,3.7
CHK-004787,BAT-001596,2025-11-17 13:46:48,pre_dispatch,5.91,16.3,7.1
CHK-004788,BAT-001596,2025-11-17 21:40:24,arrival,4.67,12.8,13.6
CHK-004789,BAT-001597,2025-09-12 09:00:00,harvest,6.7,14.4,0.5
CHK-004790,BAT-001597,2025-11-19 08:37:48,pre_dispatch,6.01,15.2,6.5
CHK-004791,BAT-001597,2025-11-19 16:44:12,arrival,7.2,11.7,1.6
CHK-004792,BAT-001598,2025-10-16 08:15:00,harvest,7.79,12.9,2.1
CHK-004793,BAT-001598,2025-11-25 10:52:12,pre_dispatch,6.55,13.2,3.0
CHK-004794,BAT-001598,2025-11-26 13:51:36,arrival,6.47,15.5,6.1
CHK-004795,BAT-001599,2025-08-26 07:45:00,harvest,6.72,12.1,3.1
CHK-004796,BAT-001599,2025-09-15 10:27:36,pre_dispatch,7.11,11.7,3.9
CHK-004797,BAT-001599,2025-09-16 22:20:00,arrival,7.02,15.5,11.6
CHK-004798,BAT-001600,2025-07-07 14:00:00,harvest,7.96,13.9,1.3
CHK-004799,BAT-001600,2025-07-21 16:58:48,pre_dispatch,7.78,13.5,4.8
CHK-004800,BAT-001600,2025-07-23 04:16:12,arrival,7.11,14.0,8.1
CHK-004801,BAT-001601,2025-08-23 09:45:00,harvest,8.44,11.0,1.5
CHK-004802,BAT-001601,2025-08-30 10:18:00,pre_dispatch,6.64,14.7,5.7
CHK-004803,BAT-001601,2025-08-30 18:29:48,arrival,4.55,13.5,4.6
CHK-004804,BAT-001602,2025-08-14 08:45:00,harvest,7.25,13.7,2.7
CHK-004805,BAT-001602,2025-08-23 10:36:36,pre_dispatch,7.19,13.9,4.1
CHK-004806,BAT-001602,2025-08-25 06:13:12,arrival,5.12,13.9,17.9
CHK-004807,BAT-001603,2025-09-30 10:15:00,harvest,6.55,14.9,1.3
CHK-004808,BAT-001603,2026-03-19 10:03:00,pre_dispatch,5.81,14.4,6.4
CHK-004809,BAT-001603,2026-03-20 04:22:24,arrival,6.83,16.5,9.9
CHK-004810,BAT-001604,2025-08-19 11:45:00,harvest,8.5,12.8,1.0
CHK-004811,BAT-001604,2025-08-26 11:36:36,pre_dispatch,5.9,14.1,6.9
CHK-004812,BAT-001604,2025-08-26 20:05:36,arrival,4.02,11.9,4.4
CHK-004813,BAT-001605,2025-09-14 08:15:00,harvest,8.4,13.6,3.5
CHK-004814,BAT-001605,2025-11-07 11:28:48,pre_dispatch,6.03,13.6,2.4
CHK-004815,BAT-001605,2025-11-08 06:24:12,arrival,6.93,15.7,2.5
CHK-004816,BAT-001606,2025-09-02 11:00:00,harvest,7.49,16.1,2.8
CHK-004817,BAT-001606,2025-12-15 13:00:00,pre_dispatch,5.62,14.0,3.6
CHK-004818,BAT-001606,2025-12-16 07:08:36,arrival,6.28,16.9,13.1
CHK-004819,BAT-001607,2025-10-02 07:15:00,harvest,7.95,14.0,1.8
CHK-004820,BAT-001607,2025-12-23 07:27:00,pre_dispatch,5.36,13.1,5.5
CHK-004821,BAT-001607,2025-12-24 01:40:48,arrival,6.96,16.8,16.8
CHK-004822,BAT-001608,2025-09-08 08:45:00,harvest,6.61,11.1,3.2
CHK-004823,BAT-001608,2025-10-05 09:58:48,pre_dispatch,5.15,15.0,3.4
CHK-004824,BAT-001608,2025-10-06 22:34:12,arrival,7.0,12.4,17.5
CHK-004825,BAT-001609,2025-09-09 10:45:00,harvest,7.71,13.0,3.3
CHK-004826,BAT-001609,2025-10-16 11:01:48,pre_dispatch,7.62,11.8,4.4
CHK-004827,BAT-001609,2025-10-16 23:33:12,arrival,4.88,15.9,14.4
CHK-004828,BAT-001610,2025-09-10 09:45:00,harvest,8.23,12.7,1.1
CHK-004829,BAT-001610,2026-01-06 09:36:00,pre_dispatch,6.55,11.9,7.3
CHK-004830,BAT-001610,2026-01-07 04:50:36,arrival,4.17,12.2,6.4
CHK-004831,BAT-001611,2025-09-05 13:30:00,harvest,7.04,13.6,0.8
CHK-004832,BAT-001611,2025-09-20 13:22:48,pre_dispatch,7.38,14.2,8.0
CHK-004833,BAT-001611,2025-09-21 00:01:36,arrival,4.91,16.7,16.3
CHK-004834,BAT-001612,2025-09-06 07:00:00,harvest,7.64,14.5,2.7
CHK-004835,BAT-001612,2025-09-17 08:46:12,pre_dispatch,6.04,14.7,4.9
CHK-004836,BAT-001612,2025-09-19 03:21:00,arrival,6.78,16.2,11.8
CHK-004837,BAT-001613,2025-07-22 07:15:00,harvest,8.09,14.4,3.6
CHK-004838,BAT-001613,2025-08-04 09:18:36,pre_dispatch,6.88,12.4,7.4
CHK-004839,BAT-001613,2025-08-05 05:30:12,arrival,4.15,16.8,8.9
CHK-004840,BAT-001614,2025-08-12 08:00:00,harvest,8.42,12.8,3.2
CHK-004841,BAT-001614,2025-08-28 08:41:24,pre_dispatch,6.22,16.7,2.1
CHK-004842,BAT-001614,2025-08-28 17:21:48,arrival,6.48,12.6,3.4
CHK-004843,BAT-001615,2025-09-23 12:30:00,harvest,6.91,11.8,1.7
CHK-004844,BAT-001615,2025-10-04 13:01:12,pre_dispatch,6.92,14.6,1.5
CHK-004845,BAT-001615,2025-10-06 07:25:12,arrival,6.09,12.8,16.8
CHK-004846,BAT-001616,2025-10-08 13:30:00,harvest,8.05,13.2,3.6
CHK-004847,BAT-001616,2025-11-30 17:22:12,pre_dispatch,6.01,16.0,2.0
CHK-004848,BAT-001616,2025-12-01 04:50:24,arrival,6.27,14.6,8.4
CHK-004849,BAT-001617,2025-07-10 13:00:00,harvest,8.2,13.2,1.4
CHK-004850,BAT-001617,2025-07-23 14:03:36,pre_dispatch,5.34,16.4,8.2
CHK-004851,BAT-001617,2025-07-25 08:09:48,arrival,6.41,15.5,12.2
CHK-004852,BAT-001618,2025-09-21 09:30:00,harvest,7.57,14.1,0.6
CHK-004853,BAT-001618,2026-01-14 09:45:00,pre_dispatch,5.96,16.1,1.3
CHK-004854,BAT-001618,2026-01-14 19:34:24,arrival,6.17,12.2,12.0
CHK-004855,BAT-001619,2025-09-07 07:45:00,harvest,7.81,16.1,1.7
CHK-004856,BAT-001619,2025-10-03 09:06:36,pre_dispatch,6.0,15.4,6.4
CHK-004857,BAT-001619,2025-10-04 05:06:48,arrival,6.89,16.2,8.5
CHK-004858,BAT-001620,2025-09-23 13:00:00,harvest,8.06,13.8,4.0
CHK-004859,BAT-001620,2026-01-01 15:24:36,pre_dispatch,6.91,11.8,5.8
CHK-004860,BAT-001620,2026-01-02 08:45:00,arrival,6.45,14.9,14.4
CHK-004861,BAT-001621,2025-08-07 10:45:00,harvest,7.84,11.6,3.3
CHK-004862,BAT-001621,2025-08-11 12:09:36,pre_dispatch,7.27,14.4,5.1
CHK-004863,BAT-001621,2025-08-12 21:32:48,arrival,5.58,13.1,12.9
CHK-004864,BAT-001622,2025-09-14 12:45:00,harvest,7.29,12.5,1.7
CHK-004865,BAT-001622,2025-12-12 13:25:48,pre_dispatch,5.8,15.7,5.4
CHK-004866,BAT-001622,2025-12-13 10:49:36,arrival,5.07,13.7,7.7
CHK-004867,BAT-001623,2025-09-24 10:00:00,harvest,7.15,13.7,2.8
CHK-004868,BAT-001623,2026-01-10 11:37:48,pre_dispatch,7.02,14.2,3.4
CHK-004869,BAT-001623,2026-01-10 21:11:12,arrival,6.03,16.8,4.8
CHK-004870,BAT-001624,2025-09-10 11:00:00,harvest,7.01,13.6,1.8
CHK-004871,BAT-001624,2025-11-29 13:42:00,pre_dispatch,7.69,12.1,6.8
CHK-004872,BAT-001624,2025-11-30 21:59:00,arrival,6.85,13.6,16.2
CHK-004873,BAT-001625,2025-07-08 15:15:00,harvest,6.75,12.3,2.5
CHK-004874,BAT-001625,2025-07-30 18:51:00,pre_dispatch,7.41,11.6,3.8
CHK-004875,BAT-001625,2025-08-01 13:33:00,arrival,6.67,13.2,6.8
CHK-004876,BAT-001626,2025-08-11 12:15:00,harvest,8.3,14.4,3.8
CHK-004877,BAT-001626,2025-09-01 11:57:00,pre_dispatch,6.25,15.9,2.0
CHK-004878,BAT-001626,2025-09-01 22:20:12,arrival,6.64,17.2,8.4
CHK-004879,BAT-001627,2025-07-02 12:30:00,harvest,6.59,15.5,2.3
CHK-004880,BAT-001627,2025-07-15 14:03:00,pre_dispatch,6.05,13.3,8.2
CHK-004881,BAT-001627,2025-07-17 02:37:00,arrival,5.19,13.6,12.9
CHK-004882,BAT-001628,2025-10-21 15:15:00,harvest,6.7,15.2,0.8
CHK-004883,BAT-001628,2026-01-18 17:11:24,pre_dispatch,6.3,16.1,6.9
CHK-004884,BAT-001628,2026-01-19 03:11:00,arrival,4.46,16.5,9.6
CHK-004885,BAT-001629,2025-10-21 08:30:00,harvest,7.25,15.2,0.8
CHK-004886,BAT-001629,2025-12-10 11:30:00,pre_dispatch,5.6,13.7,7.1
CHK-004887,BAT-001629,2025-12-11 08:41:36,arrival,5.61,12.2,8.2
CHK-004888,BAT-001630,2025-09-09 15:30:00,harvest,7.52,12.9,1.5
CHK-004889,BAT-001630,2025-11-24 18:13:12,pre_dispatch,6.28,13.8,4.9
CHK-004890,BAT-001630,2025-11-25 11:48:00,arrival,4.74,14.3,3.3
CHK-004891,BAT-001631,2025-08-09 12:00:00,harvest,7.74,12.6,2.6
CHK-004892,BAT-001631,2025-08-22 12:54:36,pre_dispatch,5.93,13.6,4.6
CHK-004893,BAT-001631,2025-08-23 01:09:12,arrival,5.32,15.9,16.6
CHK-004894,BAT-001632,2025-06-26 08:30:00,harvest,7.32,12.0,1.1
CHK-004895,BAT-001632,2025-07-02 10:57:36,pre_dispatch,5.77,16.0,3.9
CHK-004896,BAT-001632,2025-07-02 20:24:36,arrival,6.16,14.0,13.5
CHK-004897,BAT-001633,2025-10-02 11:30:00,harvest,8.01,12.7,2.0
CHK-004898,BAT-001633,2026-02-17 13:45:00,pre_dispatch,5.22,15.3,6.0
CHK-004899,BAT-001633,2026-02-18 15:45:24,arrival,4.4,13.2,7.8
CHK-004900,BAT-001634,2025-10-04 08:30:00,harvest,7.21,15.8,3.9
CHK-004901,BAT-001634,2025-10-26 10:42:36,pre_dispatch,6.07,16.3,2.4
CHK-004902,BAT-001634,2025-10-26 17:57:48,arrival,4.8,13.9,4.5
CHK-004903,BAT-001635,2025-09-29 10:15:00,harvest,7.41,14.0,0.9
CHK-004904,BAT-001635,2026-03-20 11:34:48,pre_dispatch,6.32,11.9,6.4
CHK-004905,BAT-001635,2026-03-21 23:12:36,arrival,6.87,14.2,8.1
CHK-004906,BAT-001636,2025-08-31 15:45:00,harvest,7.84,15.0,3.4
CHK-004907,BAT-001636,2025-11-17 16:47:24,pre_dispatch,7.75,16.4,3.6
CHK-004908,BAT-001636,2025-11-18 11:36:48,arrival,5.66,17.0,13.5
CHK-004909,BAT-001637,2025-08-03 09:45:00,harvest,8.49,14.4,2.6
CHK-004910,BAT-001637,2025-08-25 11:10:12,pre_dispatch,6.39,16.4,4.0
CHK-004911,BAT-001637,2025-08-25 22:48:00,arrival,5.24,15.1,13.9
CHK-004912,BAT-001638,2025-10-24 09:45:00,harvest,7.0,13.1,2.4
CHK-004913,BAT-001638,2026-03-03 13:06:00,pre_dispatch,5.34,12.2,2.0
CHK-004914,BAT-001638,2026-03-04 08:15:36,arrival,6.62,13.7,2.9
CHK-004915,BAT-001639,2025-10-25 10:45:00,harvest,6.67,13.5,1.8
CHK-004916,BAT-001639,2026-03-24 14:18:36,pre_dispatch,7.4,14.8,2.8
CHK-004917,BAT-001639,2026-03-25 10:54:48,arrival,4.51,15.5,11.7
CHK-004918,BAT-001640,2025-10-11 11:45:00,harvest,8.3,12.2,3.1
CHK-004919,BAT-001640,2025-11-11 11:25:12,pre_dispatch,7.63,12.6,8.2
CHK-004920,BAT-001640,2025-11-12 20:43:36,arrival,5.53,13.0,16.8
CHK-004921,BAT-001641,2025-10-20 13:00:00,harvest,6.95,13.3,1.1
CHK-004922,BAT-001641,2026-01-29 15:52:12,pre_dispatch,7.32,14.2,5.5
CHK-004923,BAT-001641,2026-01-31 18:03:24,arrival,6.69,13.9,11.9
CHK-004924,BAT-001642,2025-10-02 11:15:00,harvest,6.94,13.6,1.4
CHK-004925,BAT-001642,2026-01-28 13:41:24,pre_dispatch,5.02,12.1,4.9
CHK-004926,BAT-001642,2026-01-29 10:06:00,arrival,6.31,17.0,2.8
CHK-004927,BAT-001643,2025-07-23 08:45:00,harvest,6.99,15.3,2.7
CHK-004928,BAT-001643,2025-07-30 11:06:00,pre_dispatch,6.63,14.2,3.9
CHK-004929,BAT-001643,2025-08-01 01:22:24,arrival,4.7,13.2,11.4
CHK-004930,BAT-001644,2025-09-09 11:30:00,harvest,7.93,11.1,1.6
CHK-004931,BAT-001644,2025-10-28 12:43:48,pre_dispatch,6.63,16.4,4.3
CHK-004932,BAT-001644,2025-10-28 20:37:00,arrival,6.35,15.5,17.6
CHK-004933,BAT-001645,2025-09-29 15:00:00,harvest,7.31,11.5,2.6
CHK-004934,BAT-001645,2025-10-13 16:28:48,pre_dispatch,6.26,14.0,4.2
CHK-004935,BAT-001645,2025-10-14 00:37:36,arrival,6.24,14.0,12.5
CHK-004936,BAT-001646,2025-08-05 12:15:00,harvest,7.2,16.5,2.0
CHK-004937,BAT-001646,2025-08-25 14:06:36,pre_dispatch,7.77,13.1,5.2
CHK-004938,BAT-001646,2025-08-25 21:29:36,arrival,4.64,13.8,16.5
CHK-004939,BAT-001647,2025-09-11 12:30:00,harvest,6.73,12.1,3.1
CHK-004940,BAT-001647,2025-12-15 13:40:48,pre_dispatch,7.07,16.8,8.1
CHK-004941,BAT-001647,2025-12-17 07:26:24,arrival,5.86,13.7,2.0
CHK-004942,BAT-001648,2025-08-31 13:30:00,harvest,8.16,11.4,1.2
CHK-004943,BAT-001648,2025-12-15 15:07:12,pre_dispatch,6.64,13.3,1.8
CHK-004944,BAT-001648,2025-12-15 23:53:36,arrival,5.01,15.2,8.9
CHK-004945,BAT-001649,2025-07-30 10:30:00,harvest,8.11,15.4,2.2
CHK-004946,BAT-001649,2025-08-17 12:57:36,pre_dispatch,6.73,13.4,5.2
CHK-004947,BAT-001649,2025-08-19 00:54:12,arrival,4.36,13.6,7.9
CHK-004948,BAT-001650,2025-10-14 08:45:00,harvest,6.72,12.6,2.7
CHK-004949,BAT-001650,2025-12-15 08:25:48,pre_dispatch,6.07,14.1,7.0
CHK-004950,BAT-001650,2025-12-16 20:35:36,arrival,6.01,15.2,13.6
CHK-004951,BAT-001651,2025-07-31 09:15:00,harvest,7.34,12.8,3.5
CHK-004952,BAT-001651,2025-08-11 11:03:00,pre_dispatch,6.49,13.2,5.7
CHK-004953,BAT-001651,2025-08-12 19:52:24,arrival,4.44,17.0,2.7
CHK-004954,BAT-001652,2025-10-10 08:15:00,harvest,6.66,13.0,2.7
CHK-004955,BAT-001652,2025-10-29 10:42:36,pre_dispatch,5.82,12.9,3.2
CHK-004956,BAT-001652,2025-10-29 20:05:00,arrival,4.74,11.9,9.8
CHK-004957,BAT-001653,2025-08-15 08:15:00,harvest,7.06,13.9,1.9
CHK-004958,BAT-001653,2025-09-12 07:47:24,pre_dispatch,7.2,14.4,7.1
CHK-004959,BAT-001653,2025-09-13 04:04:12,arrival,6.37,14.6,14.0
CHK-004960,BAT-001654,2025-09-22 09:00:00,harvest,6.83,16.5,2.6
CHK-004961,BAT-001654,2025-10-10 12:36:00,pre_dispatch,5.53,14.5,4.9
CHK-004962,BAT-001654,2025-10-12 00:25:00,arrival,6.05,13.6,11.6
CHK-004963,BAT-001655,2025-08-22 12:30:00,harvest,7.74,12.7,2.7
CHK-004964,BAT-001655,2025-09-09 14:49:12,pre_dispatch,6.67,13.1,4.5
CHK-004965,BAT-001655,2025-09-10 00:17:24,arrival,6.04,14.9,5.8
CHK-004966,BAT-001656,2025-08-25 07:00:00,harvest,7.61,14.8,1.8
CHK-004967,BAT-001656,2025-10-31 08:58:12,pre_dispatch,5.41,14.6,4.6
CHK-004968,BAT-001656,2025-10-31 20:15:36,arrival,4.92,15.6,4.7
CHK-004969,BAT-001657,2025-09-20 14:30:00,harvest,7.28,16.2,3.2
CHK-004970,BAT-001657,2026-01-30 18:05:24,pre_dispatch,6.81,15.0,2.3
CHK-004971,BAT-001657,2026-02-01 05:09:00,arrival,6.32,12.6,12.4
CHK-004972,BAT-001658,2025-10-01 13:30:00,harvest,6.58,15.7,3.3
CHK-004973,BAT-001658,2025-12-12 13:09:00,pre_dispatch,5.14,14.2,4.9
CHK-004974,BAT-001658,2025-12-12 21:56:48,arrival,6.89,12.3,8.9
CHK-004975,BAT-001659,2025-10-20 11:45:00,harvest,7.32,15.8,1.6
CHK-004976,BAT-001659,2026-02-01 13:59:24,pre_dispatch,7.48,11.8,4.0
CHK-004977,BAT-001659,2026-02-01 23:45:00,arrival,5.3,14.1,4.7
CHK-004978,BAT-001660,2025-08-30 10:45:00,harvest,6.6,12.3,3.7
CHK-004979,BAT-001660,2025-09-28 13:28:12,pre_dispatch,5.99,12.0,8.0
CHK-004980,BAT-001660,2025-09-28 22:03:12,arrival,4.9,16.3,16.8
CHK-004981,BAT-001661,2025-09-30 11:00:00,harvest,8.23,14.4,3.1
CHK-004982,BAT-001661,2025-12-12 11:33:00,pre_dispatch,5.28,15.7,1.5
CHK-004983,BAT-001661,2025-12-13 12:53:24,arrival,6.26,13.6,4.1
CHK-004984,BAT-001662,2025-10-02 14:30:00,harvest,7.12,11.3,1.1
CHK-004985,BAT-001662,2025-11-16 16:15:36,pre_dispatch,7.61,15.9,3.5
CHK-004986,BAT-001662,2025-11-17 03:42:00,arrival,7.16,15.3,6.9
CHK-004987,BAT-001663,2025-08-29 09:15:00,harvest,8.22,16.4,1.2
CHK-004988,BAT-001663,2025-10-19 10:18:00,pre_dispatch,6.59,14.7,4.4
CHK-004989,BAT-001663,2025-10-19 19:07:48,arrival,6.57,16.1,12.6
CHK-004990,BAT-001664,2025-08-28 13:00:00,harvest,8.31,12.4,2.2
CHK-004991,BAT-001664,2025-11-28 15:12:00,pre_dispatch,6.98,12.5,5.6
CHK-004992,BAT-001664,2025-11-30 09:02:24,arrival,5.44,13.7,13.9
CHK-004993,BAT-001665,2025-08-11 13:30:00,harvest,7.54,11.7,1.1
CHK-004994,BAT-001665,2025-08-22 14:10:48,pre_dispatch,7.18,14.8,5.2
CHK-004995,BAT-001665,2025-08-22 21:45:12,arrival,4.96,16.8,13.2
CHK-004996,BAT-001666,2025-09-03 12:45:00,harvest,7.55,11.7,1.2
CHK-004997,BAT-001666,2025-09-13 13:23:24,pre_dispatch,5.62,16.3,2.4
CHK-004998,BAT-001666,2025-09-15 01:53:36,arrival,5.31,13.6,3.6
CHK-004999,BAT-001667,2025-06-21 13:30:00,harvest,7.07,12.8,3.1
CHK-005000,BAT-001667,2025-06-25 14:48:36,pre_dispatch,7.0,13.4,4.6
CHK-005001,BAT-001667,2025-06-26 11:53:00,arrival,5.49,13.1,6.3
CHK-005002,BAT-001668,2025-10-03 13:00:00,harvest,8.16,14.1,2.1
CHK-005003,BAT-001668,2025-10-13 12:42:00,pre_dispatch,7.36,15.0,6.3
CHK-005004,BAT-001668,2025-10-14 20:07:48,arrival,4.42,14.1,6.1
CHK-005005,BAT-001669,2025-07-14 08:30:00,harvest,6.88,12.4,3.0
CHK-005006,BAT-001669,2025-07-30 08:00:00,pre_dispatch,7.13,11.6,2.7
CHK-005007,BAT-001669,2025-07-30 18:05:12,arrival,5.48,15.9,10.3
CHK-005008,BAT-001670,2025-07-10 15:30:00,harvest,7.67,14.3,0.7
CHK-005009,BAT-001670,2025-08-06 18:06:00,pre_dispatch,5.32,11.7,7.7
CHK-005010,BAT-001670,2025-08-07 01:33:00,arrival,5.81,14.0,11.0
CHK-005011,BAT-001671,2025-07-07 13:45:00,harvest,7.02,12.1,3.2
CHK-005012,BAT-001671,2025-07-23 16:16:12,pre_dispatch,5.62,14.4,8.3
CHK-005013,BAT-001671,2025-07-24 04:25:12,arrival,6.19,16.7,5.4
CHK-005014,BAT-001672,2025-09-03 13:15:00,harvest,7.51,15.7,3.5
CHK-005015,BAT-001672,2025-12-04 14:51:36,pre_dispatch,5.44,13.8,5.6
CHK-005016,BAT-001672,2025-12-05 03:55:00,arrival,4.6,13.0,7.7
CHK-005017,BAT-001673,2025-10-06 12:45:00,harvest,8.5,14.9,1.9
CHK-005018,BAT-001673,2025-11-26 14:35:24,pre_dispatch,5.6,15.7,6.0
CHK-005019,BAT-001673,2025-11-26 23:41:00,arrival,6.01,16.5,5.0
CHK-005020,BAT-001674,2025-09-16 13:30:00,harvest,8.08,15.2,1.1
CHK-005021,BAT-001674,2026-01-25 13:39:00,pre_dispatch,7.63,14.4,3.1
CHK-005022,BAT-001674,2026-01-26 03:36:00,arrival,4.76,13.7,5.3
CHK-005023,BAT-001675,2025-09-08 07:15:00,harvest,7.93,13.7,1.2
CHK-005024,BAT-001675,2025-11-02 09:21:36,pre_dispatch,5.38,16.8,5.2
CHK-005025,BAT-001675,2025-11-04 02:26:24,arrival,5.92,13.5,13.8
CHK-005026,BAT-001676,2025-09-26 15:15:00,harvest,6.94,12.9,1.7
CHK-005027,BAT-001676,2026-02-22 18:18:36,pre_dispatch,5.04,12.8,3.3
CHK-005028,BAT-001676,2026-02-23 07:58:48,arrival,6.67,17.0,7.2
CHK-005029,BAT-001677,2025-09-28 15:15:00,harvest,7.85,15.3,2.5
CHK-005030,BAT-001677,2025-11-19 15:28:12,pre_dispatch,5.77,12.9,4.0
CHK-005031,BAT-001677,2025-11-21 03:26:12,arrival,5.15,14.5,8.1
CHK-005032,BAT-001678,2025-08-03 14:30:00,harvest,6.97,11.4,1.2
CHK-005033,BAT-001678,2025-08-16 14:40:12,pre_dispatch,5.57,15.3,5.8
CHK-005034,BAT-001678,2025-08-17 11:38:24,arrival,4.55,12.2,3.1
CHK-005035,BAT-001679,2025-08-23 11:15:00,harvest,6.96,11.5,3.3
CHK-005036,BAT-001679,2025-09-03 13:33:00,pre_dispatch,7.16,12.8,6.6
CHK-005037,BAT-001679,2025-09-04 09:49:36,arrival,7.1,13.2,4.6
CHK-005038,BAT-001680,2025-10-05 11:00:00,harvest,6.76,13.6,3.8
CHK-005039,BAT-001680,2025-11-29 14:52:12,pre_dispatch,7.29,14.9,2.8
CHK-005040,BAT-001680,2025-11-30 11:40:48,arrival,6.12,15.6,8.2
CHK-005041,BAT-001681,2025-10-15 15:15:00,harvest,6.6,13.5,3.5
CHK-005042,BAT-001681,2026-01-14 15:25:48,pre_dispatch,5.5,15.7,7.0
CHK-005043,BAT-001681,2026-01-15 04:04:24,arrival,4.9,12.5,5.4
CHK-005044,BAT-001682,2025-09-15 14:30:00,harvest,7.97,16.4,3.6
CHK-005045,BAT-001682,2025-11-30 14:18:00,pre_dispatch,5.66,13.1,1.6
CHK-005046,BAT-001682,2025-12-02 09:03:12,arrival,6.44,15.3,7.1
CHK-005047,BAT-001683,2025-09-09 11:45:00,harvest,8.03,14.8,0.6
CHK-005048,BAT-001683,2025-10-05 15:40:48,pre_dispatch,7.69,14.8,5.2
CHK-005049,BAT-001683,2025-10-05 23:56:24,arrival,6.63,12.7,10.5
CHK-005050,BAT-001684,2025-09-26 07:45:00,harvest,6.7,14.8,3.5
CHK-005051,BAT-001684,2025-10-26 07:37:48,pre_dispatch,5.07,11.5,3.7
CHK-005052,BAT-001684,2025-10-28 06:59:24,arrival,6.75,16.5,6.3
CHK-005053,BAT-001685,2025-08-06 12:45:00,harvest,8.44,13.7,1.2
CHK-005054,BAT-001685,2025-09-10 15:56:24,pre_dispatch,5.28,11.9,3.8
CHK-005055,BAT-001685,2025-09-11 00:24:00,arrival,5.12,15.7,3.3
CHK-005056,BAT-001686,2025-09-08 10:45:00,harvest,7.26,13.5,1.9
CHK-005057,BAT-001686,2025-10-23 12:31:48,pre_dispatch,5.13,14.5,2.0
CHK-005058,BAT-001686,2025-10-24 06:47:00,arrival,7.06,15.6,4.1
CHK-005059,BAT-001687,2025-08-26 07:00:00,harvest,8.23,16.0,3.9
CHK-005060,BAT-001687,2025-11-06 08:36:00,pre_dispatch,5.22,17.0,7.6
CHK-005061,BAT-001687,2025-11-07 19:52:48,arrival,6.75,12.3,15.9
CHK-005062,BAT-001688,2025-09-02 15:45:00,harvest,8.07,12.4,2.9
CHK-005063,BAT-001688,2025-10-30 18:43:12,pre_dispatch,5.28,14.5,3.5
CHK-005064,BAT-001688,2025-10-31 14:32:36,arrival,5.29,13.8,13.4
CHK-005065,BAT-001689,2025-08-25 13:15:00,harvest,7.44,13.7,1.2
CHK-005066,BAT-001689,2025-12-07 16:34:48,pre_dispatch,5.42,12.8,1.2
CHK-005067,BAT-001689,2025-12-08 05:21:36,arrival,6.83,11.6,16.6
CHK-005068,BAT-001690,2025-10-13 07:15:00,harvest,7.01,14.8,2.8
CHK-005069,BAT-001690,2026-01-10 10:42:36,pre_dispatch,5.2,14.1,4.5
CHK-005070,BAT-001690,2026-01-11 23:55:24,arrival,4.01,16.5,7.8
CHK-005071,BAT-001691,2025-07-14 14:30:00,harvest,8.06,13.8,1.9
CHK-005072,BAT-001691,2025-07-19 16:46:12,pre_dispatch,6.84,12.6,8.2
CHK-005073,BAT-001691,2025-07-20 12:00:48,arrival,5.56,17.2,6.6
CHK-005074,BAT-001692,2025-10-10 13:45:00,harvest,6.63,14.6,2.3
CHK-005075,BAT-001692,2025-11-13 17:35:24,pre_dispatch,7.5,12.3,4.5
CHK-005076,BAT-001692,2025-11-14 06:33:12,arrival,5.58,13.2,8.2
CHK-005077,BAT-001693,2025-06-29 08:15:00,harvest,7.92,12.6,3.8
CHK-005078,BAT-001693,2025-07-18 08:49:48,pre_dispatch,6.22,14.5,2.2
CHK-005079,BAT-001693,2025-07-18 21:32:36,arrival,5.62,14.0,10.5
CHK-005080,BAT-001694,2025-05-28 13:00:00,harvest,6.88,12.8,3.9
CHK-005081,BAT-001694,2025-06-02 16:48:00,pre_dispatch,5.99,16.7,5.2
CHK-005082,BAT-001694,2025-06-03 14:18:00,arrival,5.87,15.7,8.6
CHK-005083,BAT-001695,2025-08-21 13:15:00,harvest,8.21,12.3,0.6
CHK-005084,BAT-001695,2025-10-12 15:54:00,pre_dispatch,5.58,12.5,4.6
CHK-005085,BAT-001695,2025-10-13 07:03:24,arrival,6.88,13.1,4.4
CHK-005086,BAT-001696,2025-10-02 11:00:00,harvest,7.87,16.2,3.0
CHK-005087,BAT-001696,2025-10-10 13:12:36,pre_dispatch,6.3,14.1,3.9
CHK-005088,BAT-001696,2025-10-11 09:10:12,arrival,5.42,14.3,10.9
CHK-005089,BAT-001697,2025-07-26 13:15:00,harvest,7.31,16.2,1.7
CHK-005090,BAT-001697,2025-08-13 17:13:12,pre_dispatch,5.24,16.0,5.7
CHK-005091,BAT-001697,2025-08-15 04:24:36,arrival,6.93,13.6,7.8
CHK-005092,BAT-001698,2025-10-20 12:15:00,harvest,6.76,15.1,1.3
CHK-005093,BAT-001698,2026-03-18 15:15:00,pre_dispatch,5.69,16.0,8.5
CHK-005094,BAT-001698,2026-03-20 00:56:48,arrival,7.03,14.7,12.0
CHK-005095,BAT-001699,2025-08-24 07:30:00,harvest,7.62,16.4,1.8
CHK-005096,BAT-001699,2025-09-16 07:11:24,pre_dispatch,5.52,15.2,3.4
CHK-005097,BAT-001699,2025-09-18 05:22:12,arrival,5.96,14.4,4.0
CHK-005098,BAT-001700,2025-10-20 08:00:00,harvest,7.42,13.7,1.9
CHK-005099,BAT-001700,2026-01-19 09:16:48,pre_dispatch,7.34,17.0,3.9
CHK-005100,BAT-001700,2026-01-20 21:08:48,arrival,4.97,15.5,3.7
CHK-005101,BAT-001701,2025-09-24 07:15:00,harvest,8.26,12.7,1.8
CHK-005102,BAT-001701,2026-01-11 09:01:12,pre_dispatch,6.76,14.9,6.4
CHK-005103,BAT-001701,2026-01-11 18:29:00,arrival,6.98,11.6,7.5
CHK-005104,BAT-001702,2025-10-08 14:30:00,harvest,8.0,14.3,2.5
CHK-005105,BAT-001702,2025-11-27 14:13:12,pre_dispatch,5.5,14.7,6.8
CHK-005106,BAT-001702,2025-11-29 05:32:36,arrival,5.27,13.3,5.1
CHK-005107,BAT-001703,2025-08-16 07:15:00,harvest,7.08,11.5,0.7
CHK-005108,BAT-001703,2025-08-20 06:48:36,pre_dispatch,7.2,12.5,3.0
CHK-005109,BAT-001703,2025-08-21 04:41:24,arrival,7.06,16.4,6.9
CHK-005110,BAT-001704,2025-10-09 15:30:00,harvest,8.2,15.2,2.5
CHK-005111,BAT-001704,2025-11-09 17:43:48,pre_dispatch,5.96,12.3,7.4
CHK-005112,BAT-001704,2025-11-10 14:20:24,arrival,5.42,12.9,13.3
CHK-005113,BAT-001705,2025-09-02 14:00:00,harvest,7.46,15.6,1.1
CHK-005114,BAT-001705,2025-10-19 16:18:00,pre_dispatch,7.02,14.0,4.4
CHK-005115,BAT-001705,2025-10-20 04:18:00,arrival,6.59,15.4,3.1
CHK-005116,BAT-001706,2025-08-24 13:15:00,harvest,8.04,13.9,0.9
CHK-005117,BAT-001706,2025-10-30 15:09:36,pre_dispatch,6.8,13.1,3.8
CHK-005118,BAT-001706,2025-10-31 11:47:24,arrival,4.89,14.5,5.5
CHK-005119,BAT-001707,2025-06-08 15:45:00,harvest,8.14,16.2,1.1
CHK-005120,BAT-001707,2025-06-14 18:55:48,pre_dispatch,6.04,12.7,3.9
CHK-005121,BAT-001707,2025-06-16 12:49:48,arrival,4.08,15.4,9.4
CHK-005122,BAT-001708,2025-10-02 07:00:00,harvest,7.25,16.1,3.1
CHK-005123,BAT-001708,2026-01-18 06:51:00,pre_dispatch,7.65,15.6,4.0
CHK-005124,BAT-001708,2026-01-19 03:14:12,arrival,4.68,11.9,15.5
CHK-005125,BAT-001709,2025-07-25 15:45:00,harvest,8.29,12.6,2.0
CHK-005126,BAT-001709,2025-08-10 18:00:00,pre_dispatch,5.32,13.9,7.6
CHK-005127,BAT-001709,2025-08-11 05:58:48,arrival,4.18,15.8,12.0
CHK-005128,BAT-001710,2025-10-06 07:30:00,harvest,7.52,12.4,3.9
CHK-005129,BAT-001710,2025-10-13 07:03:00,pre_dispatch,7.72,14.0,5.1
CHK-005130,BAT-001710,2025-10-14 03:12:00,arrival,5.38,16.2,7.5
CHK-005131,BAT-001711,2025-09-16 08:45:00,harvest,8.19,14.6,3.8
CHK-005132,BAT-001711,2025-11-23 12:26:24,pre_dispatch,5.91,13.6,3.3
CHK-005133,BAT-001711,2025-11-24 09:42:24,arrival,6.17,13.6,11.9
CHK-005134,BAT-001712,2025-09-08 12:15:00,harvest,6.61,13.3,0.7
CHK-005135,BAT-001712,2025-12-13 15:40:12,pre_dispatch,7.74,15.7,5.5
CHK-005136,BAT-001712,2025-12-14 04:37:00,arrival,6.75,15.4,13.0
CHK-005137,BAT-001713,2025-09-30 12:15:00,harvest,6.73,11.7,3.1
CHK-005138,BAT-001713,2025-12-08 14:42:36,pre_dispatch,6.76,13.8,3.6
CHK-005139,BAT-001713,2025-12-09 10:31:36,arrival,5.01,17.0,17.7
CHK-005140,BAT-001714,2025-10-07 10:30:00,harvest,7.86,11.3,1.8
CHK-005141,BAT-001714,2025-12-25 12:52:12,pre_dispatch,7.14,14.4,4.2
CHK-005142,BAT-001714,2025-12-25 20:35:24,arrival,6.57,11.6,15.9
CHK-005143,BAT-001715,2025-08-23 13:00:00,harvest,8.43,11.7,3.7
CHK-005144,BAT-001715,2025-10-31 13:37:48,pre_dispatch,7.73,12.6,2.8
CHK-005145,BAT-001715,2025-11-01 10:12:00,arrival,4.25,13.0,10.6
CHK-005146,BAT-001716,2025-06-17 15:00:00,harvest,6.85,15.4,2.6
CHK-005147,BAT-001716,2025-06-24 17:52:48,pre_dispatch,5.72,11.5,3.0
CHK-005148,BAT-001716,2025-06-25 06:21:00,arrival,6.99,16.1,7.7
CHK-005149,BAT-001717,2025-09-01 11:30:00,harvest,6.5,15.0,2.6
CHK-005150,BAT-001717,2026-01-06 14:45:36,pre_dispatch,7.42,16.8,6.8
CHK-005151,BAT-001717,2026-01-08 10:15:00,arrival,5.43,14.0,5.8
CHK-005152,BAT-001718,2025-09-13 08:00:00,harvest,6.71,11.7,2.8
CHK-005153,BAT-001718,2025-10-18 08:56:24,pre_dispatch,6.19,15.4,8.0
CHK-005154,BAT-001718,2025-10-18 17:07:48,arrival,5.79,11.6,16.2
CHK-005155,BAT-001719,2025-09-02 14:00:00,harvest,8.48,13.0,1.2
CHK-005156,BAT-001719,2025-12-10 15:02:24,pre_dispatch,6.67,12.7,5.1
CHK-005157,BAT-001719,2025-12-11 04:26:36,arrival,6.48,16.5,4.3
CHK-005158,BAT-001720,2025-10-08 15:30:00,harvest,6.73,15.0,2.7
CHK-005159,BAT-001720,2025-11-27 15:14:24,pre_dispatch,7.73,15.9,7.1
CHK-005160,BAT-001720,2025-11-28 23:46:48,arrival,5.22,14.9,10.5
CHK-005161,BAT-001721,2025-07-04 11:15:00,harvest,6.62,11.8,1.5
CHK-005162,BAT-001721,2025-07-07 14:31:48,pre_dispatch,6.79,15.5,3.2
CHK-005163,BAT-001721,2025-07-09 04:04:24,arrival,4.18,15.3,13.9
CHK-005164,BAT-001722,2025-08-08 15:45:00,harvest,6.65,16.4,1.9
CHK-005165,BAT-001722,2025-08-31 18:33:36,pre_dispatch,5.69,12.8,4.6
CHK-005166,BAT-001722,2025-09-02 03:13:36,arrival,4.3,16.9,6.3
CHK-005167,BAT-001723,2025-09-18 09:30:00,harvest,8.3,15.4,3.2
CHK-005168,BAT-001723,2025-12-31 10:54:00,pre_dispatch,7.13,12.5,8.4
CHK-005169,BAT-001723,2026-01-01 06:51:00,arrival,6.03,16.4,8.7
CHK-005170,BAT-001724,2025-09-12 14:30:00,harvest,7.08,12.4,3.7
CHK-005171,BAT-001724,2025-10-07 17:28:48,pre_dispatch,5.95,16.0,3.2
CHK-005172,BAT-001724,2025-10-08 19:33:12,arrival,6.86,12.8,6.5
CHK-005173,BAT-001725,2025-10-14 10:15:00,harvest,7.21,14.7,1.0
CHK-005174,BAT-001725,2026-02-21 10:55:12,pre_dispatch,6.02,15.9,1.8
CHK-005175,BAT-001725,2026-02-21 20:07:36,arrival,5.5,15.3,2.4
CHK-005176,BAT-001726,2025-07-03 11:45:00,harvest,7.65,13.1,3.0
CHK-005177,BAT-001726,2025-07-20 12:21:36,pre_dispatch,5.5,15.2,2.9
CHK-005178,BAT-001726,2025-07-21 08:11:24,arrival,5.0,13.2,10.1
CHK-005179,BAT-001727,2025-09-11 11:00:00,harvest,7.83,15.5,3.5
CHK-005180,BAT-001727,2025-11-21 12:12:36,pre_dispatch,6.19,15.2,6.4
CHK-005181,BAT-001727,2025-11-22 20:04:00,arrival,5.79,15.9,8.3
CHK-005182,BAT-001728,2025-09-12 12:00:00,harvest,8.04,11.3,3.4
CHK-005183,BAT-001728,2026-01-31 14:46:48,pre_dispatch,5.12,15.2,3.7
CHK-005184,BAT-001728,2026-02-02 03:40:48,arrival,7.01,12.7,15.6
CHK-005185,BAT-001729,2025-10-19 10:30:00,harvest,7.1,11.7,2.9
CHK-005186,BAT-001729,2026-02-23 13:03:36,pre_dispatch,6.69,14.8,7.0
CHK-005187,BAT-001729,2026-02-24 01:08:48,arrival,4.3,14.5,6.5
CHK-005188,BAT-001730,2025-05-30 14:00:00,harvest,7.76,13.3,3.1
CHK-005189,BAT-001730,2025-06-03 15:55:48,pre_dispatch,6.92,16.1,6.4
CHK-005190,BAT-001730,2025-06-04 00:24:24,arrival,6.07,12.1,10.7
CHK-005191,BAT-001731,2025-09-23 12:30:00,harvest,6.75,16.1,1.2
CHK-005192,BAT-001731,2025-10-15 13:28:12,pre_dispatch,5.53,16.8,4.7
CHK-005193,BAT-001731,2025-10-16 06:37:48,arrival,6.56,15.5,10.8
CHK-005194,BAT-001732,2025-08-27 13:30:00,harvest,8.0,14.3,2.9
CHK-005195,BAT-001732,2025-12-26 15:48:36,pre_dispatch,6.45,11.9,4.6
CHK-005196,BAT-001732,2025-12-27 09:03:00,arrival,4.91,12.1,8.6
CHK-005197,BAT-001733,2025-10-14 10:00:00,harvest,7.9,15.9,3.1
CHK-005198,BAT-001733,2026-01-22 12:19:12,pre_dispatch,5.2,16.0,5.1
CHK-005199,BAT-001733,2026-01-24 01:39:24,arrival,4.31,13.0,10.6
CHK-005200,BAT-001734,2025-10-18 07:30:00,harvest,6.7,12.0,2.7
CHK-005201,BAT-001734,2025-12-20 10:38:24,pre_dispatch,7.02,13.6,7.3
CHK-005202,BAT-001734,2025-12-21 07:14:24,arrival,7.08,13.3,13.3
CHK-005203,BAT-001735,2025-10-15 15:00:00,harvest,6.77,15.3,1.4
CHK-005204,BAT-001735,2026-01-28 14:54:36,pre_dispatch,5.02,13.5,8.0
CHK-005205,BAT-001735,2026-01-30 02:02:24,arrival,6.89,14.7,9.3
CHK-005206,BAT-001736,2025-09-28 10:30:00,harvest,6.74,14.3,3.1
CHK-005207,BAT-001736,2025-12-20 10:46:12,pre_dispatch,6.56,11.7,1.5
CHK-005208,BAT-001736,2025-12-20 22:36:00,arrival,5.6,15.5,17.5
CHK-005209,BAT-001737,2025-10-01 07:30:00,harvest,8.03,12.4,1.1
CHK-005210,BAT-001737,2025-10-18 10:04:48,pre_dispatch,7.03,14.9,6.8
CHK-005211,BAT-001737,2025-10-18 18:04:48,arrival,4.22,17.1,16.0
CHK-005212,BAT-001738,2025-09-10 09:30:00,harvest,7.57,12.8,2.6
CHK-005213,BAT-001738,2025-11-11 09:58:48,pre_dispatch,5.33,16.2,7.1
CHK-005214,BAT-001738,2025-11-12 05:45:12,arrival,5.06,17.1,12.9
CHK-005215,BAT-001739,2025-10-20 09:30:00,harvest,8.23,11.9,2.9
CHK-005216,BAT-001739,2026-02-28 09:28:12,pre_dispatch,5.85,12.6,7.0
CHK-005217,BAT-001739,2026-03-01 04:52:12,arrival,6.18,13.0,5.1
CHK-005218,BAT-001740,2025-09-16 09:30:00,harvest,7.36,11.4,1.2
CHK-005219,BAT-001740,2025-11-27 10:32:24,pre_dispatch,5.56,17.0,4.1
CHK-005220,BAT-001740,2025-11-27 19:34:12,arrival,5.18,14.6,14.1
CHK-005221,BAT-001741,2025-09-15 08:15:00,harvest,6.9,15.5,3.3
CHK-005222,BAT-001741,2025-12-02 10:04:48,pre_dispatch,6.19,12.4,4.2
CHK-005223,BAT-001741,2025-12-02 19:21:00,arrival,6.55,11.6,9.1
CHK-005224,BAT-001742,2025-09-07 10:15:00,harvest,7.2,13.6,1.9
CHK-005225,BAT-001742,2025-11-26 13:10:48,pre_dispatch,6.12,16.9,3.6
CHK-005226,BAT-001742,2025-11-27 18:34:24,arrival,7.11,13.8,11.9
CHK-005227,BAT-001743,2025-08-27 10:00:00,harvest,6.83,14.5,2.5
CHK-005228,BAT-001743,2025-12-05 12:33:00,pre_dispatch,6.27,15.6,7.4
CHK-005229,BAT-001743,2025-12-06 21:26:12,arrival,6.21,16.7,17.4
CHK-005230,BAT-001744,2025-10-11 12:45:00,harvest,7.96,11.3,3.2
CHK-005231,BAT-001744,2025-11-26 12:22:48,pre_dispatch,5.78,16.8,6.6
CHK-005232,BAT-001744,2025-11-26 21:16:48,arrival,4.78,15.7,3.8
CHK-005233,BAT-001745,2025-07-29 09:30:00,harvest,6.52,12.3,2.2
CHK-005234,BAT-001745,2025-08-20 12:12:00,pre_dispatch,6.19,16.3,6.0
CHK-005235,BAT-001745,2025-08-22 05:48:00,arrival,4.66,11.6,4.7
CHK-005236,BAT-001746,2025-07-03 07:30:00,harvest,7.91,16.2,3.0
CHK-005237,BAT-001746,2025-07-29 07:17:24,pre_dispatch,5.33,12.2,7.4
CHK-005238,BAT-001746,2025-07-30 16:45:24,arrival,4.48,15.8,15.3
CHK-005239,BAT-001747,2025-09-03 09:00:00,harvest,7.93,13.3,3.3
CHK-005240,BAT-001747,2025-12-15 11:59:24,pre_dispatch,5.1,16.6,6.7
CHK-005241,BAT-001747,2025-12-16 07:17:24,arrival,4.85,13.9,13.6
CHK-005242,BAT-001748,2025-09-23 10:45:00,harvest,7.76,11.6,3.6
CHK-005243,BAT-001748,2026-01-18 13:28:48,pre_dispatch,7.33,16.1,5.8
CHK-005244,BAT-001748,2026-01-19 08:35:36,arrival,5.86,16.0,12.8
CHK-005245,BAT-001749,2025-07-22 12:15:00,harvest,7.03,14.5,1.8
CHK-005246,BAT-001749,2025-07-28 16:11:24,pre_dispatch,7.78,15.8,5.9
CHK-005247,BAT-001749,2025-07-29 00:45:48,arrival,6.28,11.6,5.3
CHK-005248,BAT-001750,2025-10-04 07:00:00,harvest,6.59,15.6,2.9
CHK-005249,BAT-001750,2025-10-25 07:00:00,pre_dispatch,7.29,13.0,1.0
CHK-005250,BAT-001750,2025-10-25 16:26:12,arrival,5.0,12.7,2.0
CHK-005251,BAT-001751,2025-10-25 11:45:00,harvest,7.94,14.7,1.1
CHK-005252,BAT-001751,2025-12-02 12:38:24,pre_dispatch,7.71,15.4,4.0
CHK-005253,BAT-001751,2025-12-03 04:21:36,arrival,5.74,14.9,2.3
CHK-005254,BAT-001752,2025-09-03 08:00:00,harvest,7.97,14.0,1.5
CHK-005255,BAT-001752,2025-12-14 10:02:24,pre_dispatch,6.77,14.3,2.4
CHK-005256,BAT-001752,2025-12-14 18:46:24,arrival,7.13,15.4,5.2
CHK-005257,BAT-001753,2025-08-05 14:00:00,harvest,8.39,13.7,2.5
CHK-005258,BAT-001753,2025-09-05 15:36:00,pre_dispatch,6.7,16.0,2.9
CHK-005259,BAT-001753,2025-09-06 03:10:00,arrival,4.64,14.8,10.4
CHK-005260,BAT-001754,2025-08-13 14:00:00,harvest,6.84,15.5,1.8
CHK-005261,BAT-001754,2025-08-20 15:54:36,pre_dispatch,7.39,16.5,6.8
CHK-005262,BAT-001754,2025-08-21 04:52:12,arrival,5.52,14.5,10.7
CHK-005263,BAT-001755,2025-09-08 09:15:00,harvest,7.99,13.2,1.5
CHK-005264,BAT-001755,2025-10-02 09:44:24,pre_dispatch,6.26,16.6,8.3
CHK-005265,BAT-001755,2025-10-02 22:40:24,arrival,5.67,13.1,9.5
CHK-005266,BAT-001756,2025-09-08 13:30:00,harvest,8.35,14.4,1.0
CHK-005267,BAT-001756,2025-12-12 15:15:36,pre_dispatch,7.78,15.8,1.5
CHK-005268,BAT-001756,2025-12-13 03:14:48,arrival,5.36,11.9,8.4
CHK-005269,BAT-001757,2025-10-13 15:45:00,harvest,8.33,11.9,3.2
CHK-005270,BAT-001757,2025-12-16 16:30:36,pre_dispatch,7.26,15.4,5.3
CHK-005271,BAT-001757,2025-12-17 10:57:24,arrival,5.8,11.5,2.3
CHK-005272,BAT-001758,2025-09-30 10:30:00,harvest,7.31,14.8,3.2
CHK-005273,BAT-001758,2025-11-08 11:07:48,pre_dispatch,7.33,14.2,8.5
CHK-005274,BAT-001758,2025-11-09 16:43:36,arrival,4.25,15.1,6.9
CHK-005275,BAT-001759,2025-08-27 14:45:00,harvest,6.73,15.6,1.7
CHK-005276,BAT-001759,2025-12-03 15:05:24,pre_dispatch,6.26,16.9,1.6
CHK-005277,BAT-001759,2025-12-05 00:05:24,arrival,7.03,16.6,10.4
CHK-005278,BAT-001760,2025-08-07 15:00:00,harvest,6.88,14.0,2.5
CHK-005279,BAT-001760,2025-08-11 14:59:24,pre_dispatch,7.73,15.8,5.3
CHK-005280,BAT-001760,2025-08-12 22:17:24,arrival,6.66,16.3,3.7
CHK-005281,BAT-001761,2025-08-01 09:00:00,harvest,7.38,12.2,1.7
CHK-005282,BAT-001761,2025-08-31 10:14:24,pre_dispatch,5.77,15.7,3.1
CHK-005283,BAT-001761,2025-09-01 04:04:48,arrival,4.66,15.7,7.4
CHK-005284,BAT-001762,2025-09-25 07:15:00,harvest,8.41,16.3,3.2
CHK-005285,BAT-001762,2025-11-26 06:54:00,pre_dispatch,6.53,14.2,2.6
CHK-005286,BAT-001762,2025-11-27 01:37:48,arrival,5.98,14.5,5.3
CHK-005287,BAT-001763,2025-09-07 12:15:00,harvest,8.39,16.3,1.9
CHK-005288,BAT-001763,2025-11-05 14:51:36,pre_dispatch,6.61,14.2,6.3
CHK-005289,BAT-001763,2025-11-06 02:46:12,arrival,5.33,12.5,8.1
CHK-005290,BAT-001764,2025-09-05 10:45:00,harvest,8.05,13.5,3.3
CHK-005291,BAT-001764,2025-09-27 14:25:48,pre_dispatch,7.23,16.0,4.0
CHK-005292,BAT-001764,2025-09-28 09:52:12,arrival,4.57,14.3,9.0
CHK-005293,BAT-001765,2025-09-22 07:15:00,harvest,6.98,12.1,1.2
CHK-005294,BAT-001765,2025-10-15 07:49:48,pre_dispatch,5.84,12.8,3.8
CHK-005295,BAT-001765,2025-10-15 19:41:48,arrival,4.51,13.7,16.4
CHK-005296,BAT-001766,2025-06-01 14:45:00,harvest,8.07,13.5,3.6
CHK-005297,BAT-001766,2025-06-04 15:53:24,pre_dispatch,6.42,15.6,3.1
CHK-005298,BAT-001766,2025-06-06 03:31:48,arrival,4.91,16.3,16.6
CHK-005299,BAT-001767,2025-10-22 15:30:00,harvest,6.81,13.0,2.3
CHK-005300,BAT-001767,2025-12-08 18:12:00,pre_dispatch,6.47,12.8,3.1
CHK-005301,BAT-001767,2025-12-10 11:34:36,arrival,4.73,12.5,9.4
CHK-005302,BAT-001768,2025-09-05 11:30:00,harvest,7.28,12.5,1.7
CHK-005303,BAT-001768,2025-10-22 12:20:24,pre_dispatch,7.31,15.8,6.6
CHK-005304,BAT-001768,2025-10-23 06:43:12,arrival,6.89,12.3,14.0
CHK-005305,BAT-001769,2025-06-14 09:15:00,harvest,8.04,11.6,1.7
CHK-005306,BAT-001769,2025-06-19 09:19:48,pre_dispatch,7.42,12.4,1.1
CHK-005307,BAT-001769,2025-06-20 16:54:00,arrival,6.56,13.8,5.1
CHK-005308,BAT-001770,2025-08-20 09:45:00,harvest,7.26,16.5,2.1
CHK-005309,BAT-001770,2025-09-06 12:12:36,pre_dispatch,5.69,13.5,7.9
CHK-005310,BAT-001770,2025-09-07 21:08:12,arrival,5.14,16.7,6.6
CHK-005311,BAT-001771,2025-08-22 11:45:00,harvest,8.03,13.3,1.3
CHK-005312,BAT-001771,2025-12-04 14:35:24,pre_dispatch,5.68,16.2,4.4
CHK-005313,BAT-001771,2025-12-05 10:20:12,arrival,6.66,12.2,11.3
CHK-005314,BAT-001772,2025-08-06 13:45:00,harvest,6.57,16.0,3.8
CHK-005315,BAT-001772,2025-08-25 15:08:24,pre_dispatch,5.51,14.8,3.5
CHK-005316,BAT-001772,2025-08-27 03:29:12,arrival,6.9,14.5,8.7
CHK-005317,BAT-001773,2025-07-19 14:15:00,harvest,7.49,14.9,3.6
CHK-005318,BAT-001773,2025-07-30 15:23:24,pre_dispatch,6.26,14.3,7.7
CHK-005319,BAT-001773,2025-07-31 09:52:48,arrival,6.93,15.5,9.9
CHK-005320,BAT-001774,2025-09-15 14:45:00,harvest,7.62,11.5,1.4
CHK-005321,BAT-001774,2025-12-08 16:33:36,pre_dispatch,5.09,15.4,6.4
CHK-005322,BAT-001774,2025-12-10 04:24:36,arrival,6.15,13.9,16.2
CHK-005323,BAT-001775,2025-09-05 14:00:00,harvest,8.33,12.2,2.4
CHK-005324,BAT-001775,2025-11-17 14:12:00,pre_dispatch,5.17,14.8,4.8
CHK-005325,BAT-001775,2025-11-18 08:57:12,arrival,6.66,13.6,12.6
CHK-005326,BAT-001776,2025-10-13 13:45:00,harvest,6.78,13.3,1.5
CHK-005327,BAT-001776,2026-01-21 15:54:36,pre_dispatch,5.75,15.4,3.3
CHK-005328,BAT-001776,2026-01-22 00:51:36,arrival,5.9,16.7,6.6
CHK-005329,BAT-001777,2025-09-20 08:15:00,harvest,7.36,14.7,3.3
CHK-005330,BAT-001777,2025-11-03 10:43:12,pre_dispatch,6.26,13.7,7.3
CHK-005331,BAT-001777,2025-11-03 18:43:48,arrival,5.76,13.0,7.3
CHK-005332,BAT-001778,2025-09-16 12:30:00,harvest,6.76,14.3,2.1
CHK-005333,BAT-001778,2026-01-10 12:27:36,pre_dispatch,6.18,14.3,4.1
CHK-005334,BAT-001778,2026-01-12 00:03:36,arrival,5.73,16.9,15.7
CHK-005335,BAT-001779,2025-10-02 13:45:00,harvest,7.73,15.6,1.6
CHK-005336,BAT-001779,2026-02-07 16:24:00,pre_dispatch,5.44,16.8,5.2
CHK-005337,BAT-001779,2026-02-09 09:37:12,arrival,6.33,13.4,3.4
CHK-005338,BAT-001780,2025-08-25 11:15:00,harvest,7.26,16.5,2.6
CHK-005339,BAT-001780,2025-11-03 13:20:24,pre_dispatch,6.74,12.8,7.8
CHK-005340,BAT-001780,2025-11-05 17:30:24,arrival,6.84,16.0,13.8
CHK-005341,BAT-001781,2025-09-03 10:45:00,harvest,8.22,11.0,1.2
CHK-005342,BAT-001781,2025-10-09 14:28:48,pre_dispatch,7.46,14.3,7.2
CHK-005343,BAT-001781,2025-10-10 02:20:48,arrival,6.17,14.0,17.7
CHK-005344,BAT-001782,2025-07-18 11:15:00,harvest,6.64,12.0,2.9
CHK-005345,BAT-001782,2025-08-04 12:13:12,pre_dispatch,6.16,12.9,8.2
CHK-005346,BAT-001782,2025-08-04 21:35:00,arrival,4.21,13.1,5.7
CHK-005347,BAT-001783,2025-09-09 09:15:00,harvest,7.45,16.4,3.7
CHK-005348,BAT-001783,2025-09-27 09:06:00,pre_dispatch,7.6,14.7,7.5
CHK-005349,BAT-001783,2025-09-28 06:01:36,arrival,6.67,14.1,15.2
CHK-005350,BAT-001784,2025-08-10 10:30:00,harvest,6.63,16.1,3.7
CHK-005351,BAT-001784,2025-08-24 12:12:36,pre_dispatch,6.64,14.6,7.9
CHK-005352,BAT-001784,2025-08-26 06:16:48,arrival,6.78,12.3,12.2
CHK-005353,BAT-001785,2025-08-28 12:30:00,harvest,7.27,12.6,2.3
CHK-005354,BAT-001785,2025-12-08 14:25:48,pre_dispatch,7.64,12.9,6.5
CHK-005355,BAT-001785,2025-12-10 02:30:36,arrival,7.16,16.8,16.1
CHK-005356,BAT-001786,2025-10-25 14:15:00,harvest,6.93,13.2,3.3
CHK-005357,BAT-001786,2026-02-12 14:40:48,pre_dispatch,6.17,13.6,3.9
CHK-005358,BAT-001786,2026-02-13 09:00:48,arrival,6.75,15.5,10.3
CHK-005359,BAT-001787,2025-08-12 12:30:00,harvest,8.34,14.9,2.4
CHK-005360,BAT-001787,2025-09-07 13:04:48,pre_dispatch,7.77,14.8,4.5
CHK-005361,BAT-001787,2025-09-08 06:05:24,arrival,4.24,14.0,4.9
CHK-005362,BAT-001788,2025-10-17 13:00:00,harvest,6.9,13.5,2.8
CHK-005363,BAT-001788,2026-01-20 15:16:48,pre_dispatch,6.37,14.9,1.9
CHK-005364,BAT-001788,2026-01-22 11:42:48,arrival,5.4,12.7,12.4
CHK-005365,BAT-001789,2025-10-01 09:45:00,harvest,7.78,12.3,3.7
CHK-005366,BAT-001789,2026-01-25 13:34:48,pre_dispatch,5.64,16.8,6.5
CHK-005367,BAT-001789,2026-01-25 23:10:48,arrival,5.69,16.6,13.7
CHK-005368,BAT-001790,2025-07-19 11:30:00,harvest,6.94,15.2,0.6
CHK-005369,BAT-001790,2025-08-07 14:29:24,pre_dispatch,5.14,16.2,8.4
CHK-005370,BAT-001790,2025-08-07 23:16:00,arrival,7.0,16.5,4.4
CHK-005371,BAT-001791,2025-09-29 12:45:00,harvest,7.85,12.6,2.1
CHK-005372,BAT-001791,2025-12-21 16:25:48,pre_dispatch,6.79,13.6,4.9
CHK-005373,BAT-001791,2025-12-22 01:09:00,arrival,6.6,11.5,14.3
CHK-005374,BAT-001792,2025-09-01 09:15:00,harvest,8.38,13.7,0.7
CHK-005375,BAT-001792,2025-11-23 10:37:12,pre_dispatch,6.64,13.5,3.6
CHK-005376,BAT-001792,2025-11-23 18:53:24,arrival,4.17,12.1,4.5
CHK-005377,BAT-001793,2025-08-31 12:30:00,harvest,8.25,13.8,3.5
CHK-005378,BAT-001793,2025-09-30 13:41:24,pre_dispatch,6.35,13.4,4.6
CHK-005379,BAT-001793,2025-10-01 06:45:00,arrival,4.7,15.0,11.3
CHK-005380,BAT-001794,2025-10-14 14:00:00,harvest,7.26,12.4,2.0
CHK-005381,BAT-001794,2025-12-03 15:46:12,pre_dispatch,6.55,14.0,4.4
CHK-005382,BAT-001794,2025-12-04 00:39:00,arrival,6.89,14.4,2.5
CHK-005383,BAT-001795,2025-10-17 12:00:00,harvest,7.68,12.7,3.2
CHK-005384,BAT-001795,2025-12-20 12:52:12,pre_dispatch,5.03,16.2,3.6
CHK-005385,BAT-001795,2025-12-21 02:07:24,arrival,5.71,17.1,2.4
CHK-005386,BAT-001796,2025-10-24 14:00:00,harvest,7.98,15.7,3.2
CHK-005387,BAT-001796,2026-01-13 14:19:12,pre_dispatch,5.12,15.9,8.4
CHK-005388,BAT-001796,2026-01-14 22:37:12,arrival,6.78,13.2,4.2
CHK-005389,BAT-001797,2025-09-03 13:45:00,harvest,7.96,15.4,0.7
CHK-005390,BAT-001797,2025-10-15 15:39:36,pre_dispatch,7.57,16.5,1.1
CHK-005391,BAT-001797,2025-10-17 14:02:00,arrival,5.82,13.6,2.8
CHK-005392,BAT-001798,2025-10-03 08:30:00,harvest,7.77,15.9,3.3
CHK-005393,BAT-001798,2025-10-23 10:58:48,pre_dispatch,7.67,12.5,7.2
CHK-005394,BAT-001798,2025-10-23 22:02:36,arrival,5.11,14.0,4.2
CHK-005395,BAT-001799,2025-09-25 10:15:00,harvest,7.24,12.6,3.1
CHK-005396,BAT-001799,2025-12-02 11:39:00,pre_dispatch,6.14,16.4,6.9
CHK-005397,BAT-001799,2025-12-02 19:40:48,arrival,5.9,12.4,12.5
CHK-005398,BAT-001800,2025-10-16 12:30:00,harvest,7.61,15.9,2.1
CHK-005399,BAT-001800,2026-01-24 12:10:48,pre_dispatch,6.97,14.6,5.5
CHK-005400,BAT-001800,2026-01-25 07:20:00,arrival,7.17,12.9,17.0
