shipment_id,batch_id,destination_market,destination_region,vehicle_type,planned_departure_datetime,planned_arrival_datetime,planned_duration_hours,actual_departure_datetime,actual_arrival_datetime,actual_delay_minutes,cold_chain_incident,transit_temp_mean_c
SHP-000001,BAT-000001,Warsaw,Central Europe,Reefer Truck,2024-09-11 17:20:24,2024-09-12 21:20:24,28.0,2024-09-11 18:09:24,2024-09-12 22:09:24,49,False,3.4
SHP-000002,BAT-000002,Berlin,Western Europe,Reefer Truck,2024-11-26 20:42:00,2024-11-28 10:42:00,38.0,2024-11-26 20:42:00,2024-11-28 10:42:00,0,True,20.4
SHP-000003,BAT-000003,Prague,Central Europe,Reefer Truck,2024-11-29 16:15:00,2024-12-01 00:15:00,32.0,2024-11-29 16:15:00,2024-12-01 00:15:00,0,False,4.0
SHP-000004,BAT-000004,Iași,Romania,Insulated Van,2024-09-11 10:54:00,2024-09-11 18:54:00,8.0,2024-09-11 11:20:00,2024-09-11 19:20:00,26,False,4.5
SHP-000005,BAT-000005,Iași,Romania,Insulated Van,2025-02-22 13:22:48,2025-02-22 21:22:48,8.0,2025-02-22 13:33:48,2025-02-22 21:33:48,11,False,2.5
SHP-000006,BAT-000006,Chișinău Local,Domestic,Insulated Van,2025-01-25 18:30:36,2025-01-25 22:30:36,4.0,2025-01-25 18:58:36,2025-01-25 22:58:36,28,False,2.5
SHP-000007,BAT-000007,Chișinău Local,Domestic,Insulated Van,2025-01-04 12:52:48,2025-01-04 16:52:48,4.0,2025-01-04 13:14:48,2025-01-04 17:14:48,22,False,3.5
SHP-000008,BAT-000008,Bucharest,Romania,Reefer Truck,2024-12-07 22:50:24,2024-12-08 12:50:24,14.0,2024-12-07 23:18:24,2024-12-08 13:18:24,28,False,3.0
SHP-000009,BAT-000009,Brașov,Romania,Insulated Van,2024-07-14 14:25:48,2024-07-15 06:25:48,16.0,2024-07-14 14:25:48,2024-07-15 06:25:48,0,False,3.2
SHP-000010,BAT-000010,Bucharest,Romania,Reefer Truck,2024-09-29 20:17:24,2024-09-30 10:17:24,14.0,2024-09-29 20:17:24,2024-09-30 10:17:24,0,False,3.5
SHP-000011,BAT-000011,Chișinău Local,Domestic,Insulated Van,2024-09-26 15:51:36,2024-09-26 19:51:36,4.0,2024-09-26 15:51:36,2024-09-26 19:51:36,0,True,24.0
SHP-000012,BAT-000012,Brașov,Romania,Reefer Truck,2024-12-07 15:58:48,2024-12-08 07:58:48,16.0,2024-12-07 15:58:48,2024-12-08 07:58:48,0,False,3.0
SHP-000013,BAT-000013,Brașov,Romania,Reefer Truck,2025-01-16 20:16:12,2025-01-17 12:16:12,16.0,2025-01-16 20:18:12,2025-01-17 12:18:12,2,False,4.1
SHP-000014,BAT-000014,Berlin,Western Europe,Reefer Truck,2024-10-12 21:17:24,2024-10-14 11:17:24,38.0,2024-10-12 21:41:24,2024-10-14 11:41:24,24,False,3.4
SHP-000015,BAT-000015,Prague,Central Europe,Reefer Truck,2024-09-06 16:22:12,2024-09-08 00:22:12,32.0,2024-09-06 16:25:12,2024-09-08 00:25:12,3,False,4.0
SHP-000016,BAT-000016,Berlin,Western Europe,Reefer Truck,2024-11-11 19:12:36,2024-11-13 09:12:36,38.0,2024-11-11 19:12:36,2024-11-13 09:12:36,0,False,2.5
SHP-000017,BAT-000017,Berlin,Western Europe,Reefer Truck,2024-11-01 18:19:48,2024-11-03 08:19:48,38.0,2024-11-01 19:18:48,2024-11-03 09:18:48,59,False,4.0
SHP-000018,BAT-000018,Bucharest,Romania,Reefer Truck,2024-12-17 18:14:24,2024-12-18 08:14:24,14.0,2024-12-17 20:14:24,2024-12-18 12:09:24,235,True,14.2
SHP-000019,BAT-000019,Chișinău Local,Domestic,Insulated Van,2024-11-08 12:16:48,2024-11-08 16:16:48,4.0,2024-11-08 13:50:48,2024-11-08 17:50:48,94,False,4.5
SHP-000020,BAT-000020,Iași,Romania,Insulated Van,2025-02-11 20:57:00,2025-02-12 04:57:00,8.0,2025-02-11 20:57:00,2025-02-12 04:57:00,0,False,4.4
SHP-000021,BAT-000021,Prague,Central Europe,Reefer Truck,2024-12-17 17:33:00,2024-12-19 01:33:00,32.0,2024-12-17 17:37:00,2024-12-19 01:37:00,4,False,3.3
SHP-000022,BAT-000022,Brașov,Romania,Reefer Truck,2024-10-28 17:19:12,2024-10-29 09:19:12,16.0,2024-10-28 17:34:12,2024-10-29 09:34:12,15,False,3.1
SHP-000023,BAT-000023,Bucharest,Romania,Reefer Truck,2024-12-18 11:48:36,2024-12-19 01:48:36,14.0,2024-12-18 11:48:36,2024-12-19 01:48:36,0,False,3.6
SHP-000024,BAT-000024,Warsaw,Central Europe,Reefer Truck,2024-05-28 18:57:36,2024-05-29 22:57:36,28.0,2024-05-28 18:57:36,2024-05-29 22:57:36,0,False,4.2
SHP-000025,BAT-000025,Iași,Romania,Insulated Van,2025-02-23 22:46:48,2025-02-24 06:46:48,8.0,2025-02-23 23:00:48,2025-02-24 07:00:48,14,False,2.7
SHP-000026,BAT-000026,Warsaw,Central Europe,Reefer Truck,2024-09-18 19:27:36,2024-09-19 23:27:36,28.0,2024-09-18 19:38:36,2024-09-19 23:38:36,11,False,3.9
SHP-000027,BAT-000027,Bucharest,Romania,Reefer Truck,2024-10-28 16:43:48,2024-10-29 06:43:48,14.0,2024-10-28 17:03:48,2024-10-29 07:03:48,20,False,4.1
SHP-000028,BAT-000028,Bălți Wholesale,Domestic,Reefer Truck,2024-06-05 20:52:12,2024-06-06 01:52:12,5.0,2024-06-05 22:21:12,2024-06-06 03:21:12,89,False,3.8
SHP-000029,BAT-000029,Warsaw,Central Europe,Reefer Truck,2024-12-31 14:16:48,2025-01-01 18:16:48,28.0,2024-12-31 14:16:48,2025-01-01 18:16:48,0,False,4.2
SHP-000030,BAT-000030,Brașov,Romania,Reefer Truck,2025-01-23 18:03:00,2025-01-24 10:03:00,16.0,2025-01-23 19:31:00,2025-01-24 11:31:00,88,False,3.5
SHP-000031,BAT-000031,Bucharest,Romania,Reefer Truck,2024-12-06 21:52:12,2024-12-07 11:52:12,14.0,2024-12-06 22:45:12,2024-12-07 12:45:12,53,False,3.9
SHP-000032,BAT-000032,Bălți Wholesale,Domestic,Ambient Truck,2024-11-14 12:37:12,2024-11-14 17:37:12,5.0,2024-11-14 14:04:12,2024-11-14 19:04:12,87,False,18.0
SHP-000033,BAT-000033,Brașov,Romania,Reefer Truck,2025-01-02 13:14:24,2025-01-03 05:14:24,16.0,2025-01-02 13:34:24,2025-01-03 05:34:24,20,True,17.2
SHP-000034,BAT-000034,Chișinău Local,Domestic,Insulated Van,2024-08-30 16:07:48,2024-08-30 20:07:48,4.0,2024-08-30 16:07:48,2024-08-30 20:07:48,0,False,2.7
SHP-000035,BAT-000035,Chișinău Local,Domestic,Insulated Van,2025-01-14 20:13:48,2025-01-15 00:13:48,4.0,2025-01-14 20:44:48,2025-01-15 00:44:48,31,False,3.6
SHP-000036,BAT-000036,Brașov,Romania,Reefer Truck,2024-10-18 12:48:36,2024-10-19 04:48:36,16.0,2024-10-18 12:48:36,2024-10-19 04:48:36,0,False,3.8
SHP-000037,BAT-000037,Berlin,Western Europe,Reefer Truck,2024-08-07 17:45:00,2024-08-09 07:45:00,38.0,2024-08-07 18:46:00,2024-08-09 08:46:00,61,False,3.0
SHP-000038,BAT-000038,Iași,Romania,Insulated Van,2025-02-13 16:28:12,2025-02-14 00:28:12,8.0,2025-02-13 17:26:12,2025-02-14 01:26:12,58,True,19.4
SHP-000039,BAT-000039,Warsaw,Central Europe,Reefer Truck,2024-12-04 16:27:36,2024-12-05 20:27:36,28.0,2024-12-04 16:27:36,2024-12-05 20:27:36,0,True,23.5
SHP-000040,BAT-000040,Bucharest,Romania,Reefer Truck,2024-06-15 14:40:12,2024-06-16 04:40:12,14.0,2024-06-15 14:40:12,2024-06-16 04:40:12,0,False,3.5
SHP-000041,BAT-000041,Bălți Wholesale,Domestic,Ambient Truck,2024-07-15 16:19:48,2024-07-15 21:19:48,5.0,2024-07-15 17:52:48,2024-07-15 22:52:48,93,True,26.3
SHP-000042,BAT-000042,Warsaw,Central Europe,Reefer Truck,2024-09-05 13:45:36,2024-09-06 17:45:36,28.0,2024-09-05 13:45:36,2024-09-06 17:45:36,0,False,3.9
SHP-000043,BAT-000043,Berlin,Western Europe,Reefer Truck,2024-09-07 20:56:24,2024-09-09 10:56:24,38.0,2024-09-07 21:07:24,2024-09-09 11:07:24,11,False,4.0
SHP-000044,BAT-000044,Chișinău Local,Domestic,Insulated Van,2024-08-11 21:27:00,2024-08-12 01:27:00,4.0,2024-08-11 22:31:00,2024-08-12 02:31:00,64,False,3.7
SHP-000045,BAT-000045,Berlin,Western Europe,Reefer Truck,2024-11-02 18:14:24,2024-11-04 08:14:24,38.0,2024-11-02 18:30:24,2024-11-04 08:30:24,16,False,4.5
SHP-000046,BAT-000046,Warsaw,Central Europe,Reefer Truck,2024-09-15 16:24:00,2024-09-16 20:24:00,28.0,2024-09-15 16:37:00,2024-09-16 20:37:00,13,False,2.7
SHP-000047,BAT-000047,Bălți Wholesale,Domestic,Ambient Truck,2024-09-12 19:57:00,2024-09-13 00:57:00,5.0,2024-09-12 20:39:00,2024-09-13 01:39:00,42,True,30.8
SHP-000048,BAT-000048,Bucharest,Romania,Reefer Truck,2024-11-11 12:06:00,2024-11-12 02:06:00,14.0,2024-11-11 12:24:00,2024-11-12 02:24:00,18,False,3.6
SHP-000049,BAT-000049,Chișinău Local,Domestic,Insulated Van,2024-07-08 17:15:36,2024-07-08 21:15:36,4.0,2024-07-08 17:41:36,2024-07-08 21:41:36,26,True,21.8
SHP-000050,BAT-000050,Berlin,Western Europe,Reefer Truck,2024-11-26 18:41:24,2024-11-28 08:41:24,38.0,2024-11-26 19:45:24,2024-11-28 09:45:24,64,False,2.9
SHP-000051,BAT-000051,Bucharest,Romania,Reefer Truck,2025-03-19 20:31:12,2025-03-20 10:31:12,14.0,2025-03-19 21:13:12,2025-03-20 11:13:12,42,False,3.0
SHP-000052,BAT-000052,Iași,Romania,Insulated Van,2024-12-26 17:34:48,2024-12-27 01:34:48,8.0,2024-12-26 17:36:48,2024-12-27 01:36:48,2,False,4.5
SHP-000053,BAT-000053,Berlin,Western Europe,Reefer Truck,2024-10-04 21:22:12,2024-10-06 11:22:12,38.0,2024-10-04 21:22:12,2024-10-06 11:22:12,0,False,3.6
SHP-000054,BAT-000054,Prague,Central Europe,Insulated Van,2024-10-01 17:54:00,2024-10-03 01:54:00,32.0,2024-10-01 18:10:00,2024-10-03 02:10:00,16,False,4.4
SHP-000055,BAT-000055,Iași,Romania,Insulated Van,2024-11-27 11:01:12,2024-11-27 19:01:12,8.0,2024-11-27 13:01:12,2024-11-28 06:18:12,677,False,3.3
SHP-000056,BAT-000056,Chișinău Local,Domestic,Insulated Van,2024-10-07 18:01:48,2024-10-07 22:01:48,4.0,2024-10-07 18:14:48,2024-10-07 22:14:48,13,False,4.0
SHP-000057,BAT-000057,Brașov,Romania,Reefer Truck,2024-11-27 15:22:48,2024-11-28 07:22:48,16.0,2024-11-27 17:22:48,2024-11-28 09:34:48,132,False,2.9
SHP-000058,BAT-000058,Bucharest,Romania,Reefer Truck,2024-11-09 15:06:36,2024-11-10 05:06:36,14.0,2024-11-09 15:07:36,2024-11-10 05:07:36,1,False,2.5
SHP-000059,BAT-000059,Berlin,Western Europe,Reefer Truck,2024-12-17 21:06:00,2024-12-19 11:06:00,38.0,2024-12-17 21:32:00,2024-12-19 11:32:00,26,False,3.9
SHP-000060,BAT-000060,Iași,Romania,Insulated Van,2024-10-25 18:52:48,2024-10-26 02:52:48,8.0,2024-10-25 19:19:48,2024-10-26 03:19:48,27,False,3.5
SHP-000061,BAT-000061,Chișinău Local,Domestic,Insulated Van,2024-11-14 18:15:00,2024-11-14 22:15:00,4.0,2024-11-14 18:17:00,2024-11-14 22:17:00,2,True,15.5
SHP-000062,BAT-000062,Prague,Central Europe,Reefer Truck,2024-12-28 15:57:00,2024-12-29 23:57:00,32.0,2024-12-28 15:57:00,2024-12-29 23:57:00,0,False,2.7
SHP-000063,BAT-000063,Bucharest,Romania,Reefer Truck,2025-01-12 21:23:24,2025-01-13 11:23:24,14.0,2025-01-12 21:23:24,2025-01-13 11:23:24,0,False,3.7
SHP-000064,BAT-000064,Warsaw,Central Europe,Reefer Truck,2024-11-03 13:58:12,2024-11-04 17:58:12,28.0,2024-11-03 14:16:12,2024-11-04 18:16:12,18,False,2.8
SHP-000065,BAT-000065,Warsaw,Central Europe,Reefer Truck,2024-12-14 18:38:24,2024-12-15 22:38:24,28.0,2024-12-14 18:59:24,2024-12-15 22:59:24,21,False,4.3
SHP-000066,BAT-000066,Prague,Central Europe,Reefer Truck,2025-01-19 12:45:36,2025-01-20 20:45:36,32.0,2025-01-19 12:45:36,2025-01-20 20:45:36,0,False,4.2
SHP-000067,BAT-000067,Bălți Wholesale,Domestic,Ambient Truck,2025-01-18 20:10:48,2025-01-19 01:10:48,5.0,2025-01-18 20:36:48,2025-01-19 01:36:48,26,False,18.6
SHP-000068,BAT-000068,Warsaw,Central Europe,Reefer Truck,2025-01-29 21:24:36,2025-01-31 01:24:36,28.0,2025-01-29 23:15:36,2025-01-31 03:15:36,111,False,4.4
SHP-000069,BAT-000069,Bucharest,Romania,Reefer Truck,2024-11-13 19:36:36,2024-11-14 09:36:36,14.0,2024-11-13 19:36:36,2024-11-14 09:36:36,0,False,3.0
SHP-000070,BAT-000070,Prague,Central Europe,Reefer Truck,2024-11-18 11:47:24,2024-11-19 19:47:24,32.0,2024-11-18 12:23:24,2024-11-19 20:23:24,36,False,3.6
SHP-000071,BAT-000071,Bălți Wholesale,Domestic,Ambient Truck,2025-02-01 20:04:12,2025-02-02 01:04:12,5.0,2025-02-01 20:04:12,2025-02-02 01:04:12,0,True,25.6
SHP-000072,BAT-000072,Prague,Central Europe,Reefer Truck,2024-10-10 20:54:00,2024-10-12 04:54:00,32.0,2024-10-10 21:05:00,2024-10-12 05:05:00,11,False,3.8
SHP-000073,BAT-000073,Iași,Romania,Insulated Van,2024-08-18 15:18:00,2024-08-18 23:18:00,8.0,2024-08-18 15:51:00,2024-08-18 23:51:00,33,False,4.2
SHP-000074,BAT-000074,Warsaw,Central Europe,Reefer Truck,2024-05-28 11:48:00,2024-05-29 15:48:00,28.0,2024-05-28 11:48:00,2024-05-29 15:48:00,0,False,3.5
SHP-000075,BAT-000075,Iași,Romania,Insulated Van,2024-10-31 15:40:12,2024-10-31 23:40:12,8.0,2024-10-31 15:42:12,2024-10-31 23:42:12,2,False,3.5
SHP-000076,BAT-000076,Brașov,Romania,Reefer Truck,2024-08-28 12:51:00,2024-08-29 04:51:00,16.0,2024-08-28 13:36:00,2024-08-29 05:36:00,45,False,2.9
SHP-000077,BAT-000077,Prague,Central Europe,Reefer Truck,2024-05-30 18:30:36,2024-06-01 02:30:36,32.0,2024-05-30 20:30:36,2024-06-01 05:37:36,187,False,3.8
SHP-000078,BAT-000078,Brașov,Romania,Reefer Truck,2024-10-31 12:49:12,2024-11-01 04:49:12,16.0,2024-10-31 13:11:12,2024-11-01 05:11:12,22,False,3.9
SHP-000079,BAT-000079,Chișinău Local,Domestic,Insulated Van,2024-12-30 19:43:12,2024-12-30 23:43:12,4.0,2024-12-30 19:52:12,2024-12-30 23:52:12,9,False,4.1
SHP-000080,BAT-000080,Chișinău Local,Domestic,Insulated Van,2025-01-02 19:15:00,2025-01-02 23:15:00,4.0,2025-01-02 19:32:00,2025-01-02 23:32:00,17,False,3.0
SHP-000081,BAT-000081,Bucharest,Romania,Reefer Truck,2025-02-13 18:49:48,2025-02-14 08:49:48,14.0,2025-02-13 18:49:48,2025-02-14 08:49:48,0,False,3.2
SHP-000082,BAT-000082,Berlin,Western Europe,Reefer Truck,2025-01-14 20:55:48,2025-01-16 10:55:48,38.0,2025-01-14 21:26:48,2025-01-16 11:26:48,31,False,2.7
SHP-000083,BAT-000083,Berlin,Western Europe,Reefer Truck,2024-09-15 14:23:24,2024-09-17 04:23:24,38.0,2024-09-15 14:54:24,2024-09-17 04:54:24,31,False,3.4
SHP-000084,BAT-000084,Iași,Romania,Insulated Van,2024-07-17 20:03:36,2024-07-18 04:03:36,8.0,2024-07-17 20:11:36,2024-07-18 04:11:36,8,False,3.0
SHP-000085,BAT-000085,Bucharest,Romania,Reefer Truck,2024-10-28 18:24:36,2024-10-29 08:24:36,14.0,2024-10-28 18:55:36,2024-10-29 08:55:36,31,True,14.4
SHP-000086,BAT-000086,Chișinău Local,Domestic,Insulated Van,2024-07-28 18:28:48,2024-07-28 22:28:48,4.0,2024-07-28 20:28:48,2024-07-29 00:56:48,148,False,3.3
SHP-000087,BAT-000087,Bălți Wholesale,Domestic,Ambient Truck,2024-07-21 18:34:48,2024-07-21 23:34:48,5.0,2024-07-21 18:37:48,2024-07-21 23:37:48,3,True,31.4
SHP-000088,BAT-000088,Bucharest,Romania,Reefer Truck,2024-09-22 20:05:24,2024-09-23 10:05:24,14.0,2024-09-22 20:27:24,2024-09-23 10:27:24,22,False,2.6
SHP-000089,BAT-000089,Chișinău Local,Domestic,Insulated Van,2025-01-14 18:22:48,2025-01-14 22:22:48,4.0,2025-01-14 20:22:48,2025-01-15 00:39:48,137,False,3.3
SHP-000090,BAT-000090,Bucharest,Romania,Reefer Truck,2024-12-12 15:27:36,2024-12-13 05:27:36,14.0,2024-12-12 15:42:36,2024-12-13 05:42:36,15,False,2.8
SHP-000091,BAT-000091,Berlin,Western Europe,Reefer Truck,2024-10-29 18:49:48,2024-10-31 08:49:48,38.0,2024-10-29 18:54:48,2024-10-31 08:54:48,5,False,3.5
SHP-000092,BAT-000092,Prague,Central Europe,Reefer Truck,2024-06-22 14:01:12,2024-06-23 22:01:12,32.0,2024-06-22 14:45:12,2024-06-23 22:45:12,44,False,4.2
SHP-000093,BAT-000093,Bucharest,Romania,Reefer Truck,2024-10-02 19:21:36,2024-10-03 09:21:36,14.0,2024-10-02 19:22:36,2024-10-03 09:22:36,1,False,2.8
SHP-000094,BAT-000094,Bucharest,Romania,Reefer Truck,2024-12-17 10:58:48,2024-12-18 00:58:48,14.0,2024-12-17 11:48:48,2024-12-18 01:48:48,50,False,3.2
SHP-000095,BAT-000095,Chișinău Local,Domestic,Insulated Van,2025-01-30 12:36:36,2025-01-30 16:36:36,4.0,2025-01-30 12:45:36,2025-01-30 16:45:36,9,False,2.7
SHP-000096,BAT-000096,Chișinău Local,Domestic,Insulated Van,2025-01-25 14:07:12,2025-01-25 18:07:12,4.0,2025-01-25 14:37:12,2025-01-25 18:37:12,30,False,2.6
SHP-000097,BAT-000097,Warsaw,Central Europe,Reefer Truck,2024-06-19 20:24:36,2024-06-21 00:24:36,28.0,2024-06-19 22:24:36,2024-06-21 07:37:36,433,False,3.0
SHP-000098,BAT-000098,Warsaw,Central Europe,Reefer Truck,2024-08-12 19:57:00,2024-08-13 23:57:00,28.0,2024-08-12 19:57:00,2024-08-13 23:57:00,0,False,2.7
SHP-000099,BAT-000099,Iași,Romania,Insulated Van,2024-09-27 12:28:48,2024-09-27 20:28:48,8.0,2024-09-27 13:01:48,2024-09-27 21:01:48,33,False,3.3
SHP-000100,BAT-000100,Berlin,Western Europe,Reefer Truck,2024-12-07 17:09:00,2024-12-09 07:09:00,38.0,2024-12-07 17:15:00,2024-12-09 07:15:00,6,False,4.4
SHP-000101,BAT-000101,Bălți Wholesale,Domestic,Ambient Truck,2024-11-25 17:03:00,2024-11-25 22:03:00,5.0,2024-11-25 17:13:00,2024-11-25 22:13:00,10,False,21.7
SHP-000102,BAT-000102,Warsaw,Central Europe,Reefer Truck,2024-10-09 12:43:12,2024-10-10 16:43:12,28.0,2024-10-09 13:23:12,2024-10-10 17:23:12,40,False,3.7
SHP-000103,BAT-000103,Chișinău Local,Domestic,Insulated Van,2024-11-30 14:54:00,2024-11-30 18:54:00,4.0,2024-11-30 15:01:00,2024-11-30 19:01:00,7,False,2.8
SHP-000104,BAT-000104,Berlin,Western Europe,Reefer Truck,2024-11-20 15:55:12,2024-11-22 05:55:12,38.0,2024-11-20 16:25:12,2024-11-22 06:25:12,30,False,2.6
SHP-000105,BAT-000105,Bucharest,Romania,Reefer Truck,2024-10-29 14:47:24,2024-10-30 04:47:24,14.0,2024-10-29 15:38:24,2024-10-30 05:38:24,51,False,4.3
SHP-000106,BAT-000106,Bucharest,Romania,Reefer Truck,2024-10-11 14:45:00,2024-10-12 04:45:00,14.0,2024-10-11 15:48:00,2024-10-12 05:48:00,63,False,3.6
SHP-000107,BAT-000107,Chișinău Local,Domestic,Insulated Van,2024-08-31 19:54:36,2024-08-31 23:54:36,4.0,2024-08-31 19:55:36,2024-08-31 23:55:36,1,False,4.2
SHP-000108,BAT-000108,Iași,Romania,Insulated Van,2024-11-21 21:03:00,2024-11-22 05:03:00,8.0,2024-11-21 22:27:00,2024-11-22 06:27:00,84,False,3.5
SHP-000109,BAT-000109,Chișinău Local,Domestic,Insulated Van,2024-09-09 15:16:12,2024-09-09 19:16:12,4.0,2024-09-09 17:16:12,2024-09-10 05:32:12,616,False,3.4
SHP-000110,BAT-000110,Bucharest,Romania,Reefer Truck,2024-09-05 17:57:36,2024-09-06 07:57:36,14.0,2024-09-05 18:09:36,2024-09-06 08:09:36,12,False,4.1
SHP-000111,BAT-000111,Prague,Central Europe,Reefer Truck,2024-10-12 15:43:12,2024-10-13 23:43:12,32.0,2024-10-12 15:47:12,2024-10-13 23:47:12,4,False,3.3
SHP-000112,BAT-000112,Warsaw,Central Europe,Reefer Truck,2024-12-04 22:00:36,2024-12-06 02:00:36,28.0,2024-12-04 22:50:36,2024-12-06 02:50:36,50,False,3.2
SHP-000113,BAT-000113,Warsaw,Central Europe,Reefer Truck,2024-12-08 17:18:00,2024-12-09 21:18:00,28.0,2024-12-08 17:49:00,2024-12-09 21:49:00,31,False,2.7
SHP-000114,BAT-000114,Bucharest,Romania,Reefer Truck,2025-02-10 23:44:24,2025-02-11 13:44:24,14.0,2025-02-11 00:15:24,2025-02-11 14:15:24,31,True,14.2
SHP-000115,BAT-000115,Chișinău Local,Domestic,Insulated Van,2024-12-16 18:58:48,2024-12-16 22:58:48,4.0,2024-12-16 19:28:48,2024-12-16 23:28:48,30,True,25.2
SHP-000116,BAT-000116,Prague,Central Europe,Reefer Truck,2024-11-03 19:43:12,2024-11-05 03:43:12,32.0,2024-11-03 19:46:12,2024-11-05 03:46:12,3,False,3.1
SHP-000117,BAT-000117,Prague,Central Europe,Reefer Truck,2025-03-25 12:16:48,2025-03-26 20:16:48,32.0,2025-03-25 12:27:48,2025-03-26 20:27:48,11,False,3.5
SHP-000118,BAT-000118,Prague,Central Europe,Reefer Truck,2024-05-31 19:27:36,2024-06-02 03:27:36,32.0,2024-05-31 20:13:36,2024-06-02 04:13:36,46,False,2.8
SHP-000119,BAT-000119,Prague,Central Europe,Reefer Truck,2024-07-25 14:00:36,2024-07-26 22:00:36,32.0,2024-07-25 14:29:36,2024-07-26 22:29:36,29,True,18.9
SHP-000120,BAT-000120,Bălți Wholesale,Domestic,Ambient Truck,2025-03-17 17:31:12,2025-03-17 22:31:12,5.0,2025-03-17 17:31:12,2025-03-17 22:31:12,0,False,18.0
SHP-000121,BAT-000121,Bălți Wholesale,Domestic,Ambient Truck,2024-11-04 13:09:36,2024-11-04 18:09:36,5.0,2024-11-04 13:09:36,2024-11-04 18:09:36,0,False,18.0
SHP-000122,BAT-000122,Prague,Central Europe,Reefer Truck,2024-11-15 20:37:48,2024-11-17 04:37:48,32.0,2024-11-15 21:18:48,2024-11-17 05:18:48,41,False,4.5
SHP-000123,BAT-000123,Chișinău Local,Domestic,Insulated Van,2024-12-28 22:55:12,2024-12-29 02:55:12,4.0,2024-12-28 23:48:12,2024-12-29 03:48:12,53,False,4.3
SHP-000124,BAT-000124,Iași,Romania,Reefer Truck,2024-06-12 15:36:36,2024-06-12 23:36:36,8.0,2024-06-12 15:36:36,2024-06-12 23:36:36,0,False,2.9
SHP-000125,BAT-000125,Warsaw,Central Europe,Reefer Truck,2024-12-07 18:10:12,2024-12-08 22:10:12,28.0,2024-12-07 18:10:12,2024-12-08 22:10:12,0,False,4.3
SHP-000126,BAT-000126,Berlin,Western Europe,Reefer Truck,2024-09-14 22:36:00,2024-09-16 12:36:00,38.0,2024-09-14 23:49:00,2024-09-16 13:49:00,73,False,3.4
SHP-000127,BAT-000127,Brașov,Romania,Reefer Truck,2024-12-08 20:24:36,2024-12-09 12:24:36,16.0,2024-12-08 20:24:36,2024-12-09 12:24:36,0,False,4.5
SHP-000128,BAT-000128,Warsaw,Central Europe,Reefer Truck,2024-11-24 23:00:36,2024-11-26 03:00:36,28.0,2024-11-24 23:00:36,2024-11-26 03:00:36,0,False,3.3
SHP-000129,BAT-000129,Warsaw,Central Europe,Reefer Truck,2024-08-28 16:59:24,2024-08-29 20:59:24,28.0,2024-08-28 17:51:24,2024-08-29 21:51:24,52,False,2.6
SHP-000130,BAT-000130,Warsaw,Central Europe,Reefer Truck,2024-10-25 20:25:48,2024-10-27 00:25:48,28.0,2024-10-25 20:25:48,2024-10-27 00:25:48,0,False,3.3
SHP-000131,BAT-000131,Bălți Wholesale,Domestic,Reefer Truck,2024-07-25 18:19:48,2024-07-25 23:19:48,5.0,2024-07-25 18:22:48,2024-07-25 23:22:48,3,False,3.7
SHP-000132,BAT-000132,Berlin,Western Europe,Reefer Truck,2024-11-11 21:16:12,2024-11-13 11:16:12,38.0,2024-11-11 21:57:12,2024-11-13 11:57:12,41,False,4.0
SHP-000133,BAT-000133,Berlin,Western Europe,Reefer Truck,2024-10-05 15:14:24,2024-10-07 05:14:24,38.0,2024-10-05 17:04:24,2024-10-07 07:04:24,110,False,4.2
SHP-000134,BAT-000134,Bălți Wholesale,Domestic,Ambient Truck,2024-07-23 15:18:00,2024-07-23 20:18:00,5.0,2024-07-23 15:19:00,2024-07-23 20:19:00,1,True,28.6
SHP-000135,BAT-000135,Iași,Romania,Insulated Van,2025-01-27 18:27:36,2025-01-28 02:27:36,8.0,2025-01-27 18:27:36,2025-01-28 02:27:36,0,False,2.7
SHP-000136,BAT-000136,Chișinău Local,Domestic,Insulated Van,2024-10-04 18:22:48,2024-10-04 22:22:48,4.0,2024-10-04 18:57:48,2024-10-04 22:57:48,35,False,3.2
SHP-000137,BAT-000137,Iași,Romania,Insulated Van,2024-12-29 19:22:12,2024-12-30 03:22:12,8.0,2024-12-29 19:40:12,2024-12-30 03:40:12,18,False,3.9
SHP-000138,BAT-000138,Warsaw,Central Europe,Reefer Truck,2024-08-05 12:31:12,2024-08-06 16:31:12,28.0,2024-08-05 12:54:12,2024-08-06 16:54:12,23,False,3.4
SHP-000139,BAT-000139,Chișinău Local,Domestic,Insulated Van,2024-12-01 19:52:48,2024-12-01 23:52:48,4.0,2024-12-01 20:08:48,2024-12-02 00:08:48,16,False,2.9
SHP-000140,BAT-000140,Prague,Central Europe,Reefer Truck,2024-09-01 11:30:00,2024-09-02 19:30:00,32.0,2024-09-01 11:41:00,2024-09-02 19:41:00,11,False,4.4
SHP-000141,BAT-000141,Chișinău Local,Domestic,Insulated Van,2025-01-28 14:41:24,2025-01-28 18:41:24,4.0,2025-01-28 14:52:24,2025-01-28 18:52:24,11,False,3.5
SHP-000142,BAT-000142,Iași,Romania,Insulated Van,2024-10-30 18:53:24,2024-10-31 02:53:24,8.0,2024-10-30 18:53:24,2024-10-31 02:53:24,0,False,3.5
SHP-000143,BAT-000143,Warsaw,Central Europe,Reefer Truck,2024-11-03 21:52:48,2024-11-05 01:52:48,28.0,2024-11-03 21:52:48,2024-11-05 01:52:48,0,False,4.3
SHP-000144,BAT-000144,Bucharest,Romania,Reefer Truck,2024-08-09 22:54:36,2024-08-10 12:54:36,14.0,2024-08-09 23:33:36,2024-08-10 13:33:36,39,False,2.9
SHP-000145,BAT-000145,Berlin,Western Europe,Reefer Truck,2024-10-10 21:27:00,2024-10-12 11:27:00,38.0,2024-10-10 23:27:00,2024-10-12 15:01:00,214,False,4.4
SHP-000146,BAT-000146,Bucharest,Romania,Reefer Truck,2024-10-05 16:26:24,2024-10-06 06:26:24,14.0,2024-10-05 17:50:24,2024-10-06 07:50:24,84,True,14.3
SHP-000147,BAT-000147,Bălți Wholesale,Domestic,Ambient Truck,2025-01-31 21:00:00,2025-02-01 02:00:00,5.0,2025-01-31 21:08:00,2025-02-01 02:08:00,8,True,25.5
SHP-000148,BAT-000148,Berlin,Western Europe,Reefer Truck,2024-12-10 16:21:36,2024-12-12 06:21:36,38.0,2024-12-10 18:06:36,2024-12-12 08:06:36,105,False,3.4
SHP-000149,BAT-000149,Warsaw,Central Europe,Reefer Truck,2024-11-19 16:02:24,2024-11-20 20:02:24,28.0,2024-11-19 16:34:24,2024-11-20 20:34:24,32,False,2.5
SHP-000150,BAT-000150,Berlin,Western Europe,Insulated Van,2024-07-25 18:03:36,2024-07-27 08:03:36,38.0,2024-07-25 18:32:36,2024-07-27 08:32:36,29,False,2.9
SHP-000151,BAT-000151,Bălți Wholesale,Domestic,Ambient Truck,2024-11-12 19:02:24,2024-11-13 00:02:24,5.0,2024-11-12 19:02:24,2024-11-13 00:02:24,0,False,19.7
SHP-000152,BAT-000152,Berlin,Western Europe,Reefer Truck,2024-12-10 12:45:36,2024-12-12 02:45:36,38.0,2024-12-10 12:54:36,2024-12-12 02:54:36,9,False,3.1
SHP-000153,BAT-000153,Berlin,Western Europe,Reefer Truck,2025-01-19 22:48:36,2025-01-21 12:48:36,38.0,2025-01-19 23:18:36,2025-01-21 13:18:36,30,False,2.7
SHP-000154,BAT-000154,Bălți Wholesale,Domestic,Ambient Truck,2025-01-05 20:25:12,2025-01-06 01:25:12,5.0,2025-01-05 20:25:12,2025-01-06 01:25:12,0,True,24.1
SHP-000155,BAT-000155,Berlin,Western Europe,Reefer Truck,2025-02-06 16:43:48,2025-02-08 06:43:48,38.0,2025-02-06 16:46:48,2025-02-08 06:46:48,3,False,2.9
SHP-000156,BAT-000156,Iași,Romania,Insulated Van,2025-01-24 18:58:48,2025-01-25 02:58:48,8.0,2025-01-24 19:42:48,2025-01-25 03:42:48,44,False,2.9
SHP-000157,BAT-000157,Prague,Central Europe,Insulated Van,2024-07-15 18:29:24,2024-07-17 02:29:24,32.0,2024-07-15 18:34:24,2024-07-17 02:34:24,5,False,4.1
SHP-000158,BAT-000158,Bălți Wholesale,Domestic,Ambient Truck,2025-01-06 18:53:24,2025-01-06 23:53:24,5.0,2025-01-06 18:59:24,2025-01-06 23:59:24,6,False,18.0
SHP-000159,BAT-000159,Warsaw,Central Europe,Reefer Truck,2024-10-19 19:21:36,2024-10-20 23:21:36,28.0,2024-10-19 19:21:36,2024-10-20 23:21:36,0,False,2.9
SHP-000160,BAT-000160,Bucharest,Romania,Reefer Truck,2024-09-12 17:32:24,2024-09-13 07:32:24,14.0,2024-09-12 18:03:24,2024-09-13 08:03:24,31,False,4.4
SHP-000161,BAT-000161,Bucharest,Romania,Reefer Truck,2025-02-26 16:37:48,2025-02-27 06:37:48,14.0,2025-02-26 16:46:48,2025-02-27 06:46:48,9,False,2.9
SHP-000162,BAT-000162,Brașov,Romania,Reefer Truck,2024-08-27 18:07:48,2024-08-28 10:07:48,16.0,2024-08-27 18:53:48,2024-08-28 10:53:48,46,False,3.9
SHP-000163,BAT-000163,Bălți Wholesale,Domestic,Ambient Truck,2024-10-22 12:01:48,2024-10-22 17:01:48,5.0,2024-10-22 12:15:48,2024-10-22 17:15:48,14,False,18.0
SHP-000164,BAT-000164,Bucharest,Romania,Reefer Truck,2024-12-02 15:01:48,2024-12-03 05:01:48,14.0,2024-12-02 17:01:48,2024-12-03 07:12:48,131,True,17.9
SHP-000165,BAT-000165,Bălți Wholesale,Domestic,Ambient Truck,2024-10-24 15:21:36,2024-10-24 20:21:36,5.0,2024-10-24 16:24:36,2024-10-24 21:24:36,63,False,18.0
SHP-000166,BAT-000166,Bucharest,Romania,Reefer Truck,2024-11-26 14:03:36,2024-11-27 04:03:36,14.0,2024-11-26 14:15:36,2024-11-27 04:15:36,12,False,4.5
SHP-000167,BAT-000167,Brașov,Romania,Reefer Truck,2025-01-02 18:51:36,2025-01-03 10:51:36,16.0,2025-01-02 18:51:36,2025-01-03 10:51:36,0,False,2.6
SHP-000168,BAT-000168,Berlin,Western Europe,Reefer Truck,2024-12-01 19:20:24,2024-12-03 09:20:24,38.0,2024-12-01 19:31:24,2024-12-03 09:31:24,11,True,17.9
SHP-000169,BAT-000169,Iași,Romania,Insulated Van,2024-11-11 20:58:48,2024-11-12 04:58:48,8.0,2024-11-11 22:14:48,2024-11-12 06:14:48,76,False,3.5
SHP-000170,BAT-000170,Brașov,Romania,Reefer Truck,2025-03-12 22:46:12,2025-03-13 14:46:12,16.0,2025-03-12 23:10:12,2025-03-13 15:10:12,24,False,3.5
SHP-000171,BAT-000171,Berlin,Western Europe,Reefer Truck,2025-01-31 22:21:36,2025-02-02 12:21:36,38.0,2025-01-31 22:46:36,2025-02-02 12:46:36,25,False,2.8
SHP-000172,BAT-000172,Brașov,Romania,Reefer Truck,2024-11-10 13:09:00,2024-11-11 05:09:00,16.0,2024-11-10 13:32:00,2024-11-11 05:32:00,23,False,2.9
SHP-000173,BAT-000173,Prague,Central Europe,Reefer Truck,2025-03-09 15:58:48,2025-03-10 23:58:48,32.0,2025-03-09 15:58:48,2025-03-10 23:58:48,0,False,4.5
SHP-000174,BAT-000174,Prague,Central Europe,Reefer Truck,2025-02-01 15:41:24,2025-02-02 23:41:24,32.0,2025-02-01 17:41:24,2025-02-03 05:18:24,337,False,3.2
SHP-000175,BAT-000175,Prague,Central Europe,Reefer Truck,2024-10-15 19:38:24,2024-10-17 03:38:24,32.0,2024-10-15 20:24:24,2024-10-17 04:24:24,46,False,3.0
SHP-000176,BAT-000176,Bălți Wholesale,Domestic,Reefer Truck,2024-06-08 21:21:00,2024-06-09 02:21:00,5.0,2024-06-08 21:26:00,2024-06-09 02:26:00,5,False,2.7
SHP-000177,BAT-000177,Iași,Romania,Insulated Van,2024-09-17 16:26:24,2024-09-18 00:26:24,8.0,2024-09-17 16:42:24,2024-09-18 00:42:24,16,False,3.8
SHP-000178,BAT-000178,Brașov,Romania,Reefer Truck,2024-12-04 17:42:36,2024-12-05 09:42:36,16.0,2024-12-04 19:26:36,2024-12-05 11:26:36,104,False,3.0
SHP-000179,BAT-000179,Chișinău Local,Domestic,Insulated Van,2025-01-23 15:45:00,2025-01-23 19:45:00,4.0,2025-01-23 16:54:00,2025-01-23 20:54:00,69,False,4.3
SHP-000180,BAT-000180,Chișinău Local,Domestic,Insulated Van,2024-07-12 17:09:36,2024-07-12 21:09:36,4.0,2024-07-12 17:19:36,2024-07-12 21:19:36,10,False,2.6
SHP-000181,BAT-000181,Brașov,Romania,Reefer Truck,2024-09-06 18:05:24,2024-09-07 10:05:24,16.0,2024-09-06 19:11:24,2024-09-07 11:11:24,66,False,3.7
SHP-000182,BAT-000182,Chișinău Local,Domestic,Insulated Van,2024-10-19 11:29:24,2024-10-19 15:29:24,4.0,2024-10-19 11:29:24,2024-10-19 15:29:24,0,False,3.1
SHP-000183,BAT-000183,Warsaw,Central Europe,Reefer Truck,2024-12-02 18:03:36,2024-12-03 22:03:36,28.0,2024-12-02 18:58:36,2024-12-03 22:58:36,55,False,2.9
SHP-000184,BAT-000184,Iași,Romania,Insulated Van,2024-09-09 19:22:48,2024-09-10 03:22:48,8.0,2024-09-09 19:22:48,2024-09-10 03:22:48,0,False,4.4
SHP-000185,BAT-000185,Brașov,Romania,Reefer Truck,2024-06-28 16:11:24,2024-06-29 08:11:24,16.0,2024-06-28 16:20:24,2024-06-29 08:20:24,9,False,3.0
SHP-000186,BAT-000186,Warsaw,Central Europe,Reefer Truck,2024-09-03 14:51:36,2024-09-04 18:51:36,28.0,2024-09-03 14:51:36,2024-09-04 18:51:36,0,False,4.0
SHP-000187,BAT-000187,Prague,Central Europe,Reefer Truck,2024-06-27 13:07:48,2024-06-28 21:07:48,32.0,2024-06-27 13:07:48,2024-06-28 21:07:48,0,False,3.2
SHP-000188,BAT-000188,Bălți Wholesale,Domestic,Ambient Truck,2024-12-14 19:42:00,2024-12-15 00:42:00,5.0,2024-12-14 20:04:00,2024-12-15 01:04:00,22,True,24.1
SHP-000189,BAT-000189,Chișinău Local,Domestic,Insulated Van,2024-10-22 17:10:12,2024-10-22 21:10:12,4.0,2024-10-22 19:10:12,2024-10-22 23:46:12,156,False,3.1
SHP-000190,BAT-000190,Warsaw,Central Europe,Reefer Truck,2024-12-12 15:33:00,2024-12-13 19:33:00,28.0,2024-12-12 15:59:00,2024-12-13 19:59:00,26,False,4.0
SHP-000191,BAT-000191,Berlin,Western Europe,Reefer Truck,2025-01-15 12:18:00,2025-01-17 02:18:00,38.0,2025-01-15 12:58:00,2025-01-17 02:58:00,40,False,4.2
SHP-000192,BAT-000192,Berlin,Western Europe,Reefer Truck,2025-01-17 15:34:12,2025-01-19 05:34:12,38.0,2025-01-17 15:46:12,2025-01-19 05:46:12,12,False,3.5
SHP-000193,BAT-000193,Berlin,Western Europe,Reefer Truck,2024-12-11 19:48:00,2024-12-13 09:48:00,38.0,2024-12-11 19:48:00,2024-12-13 09:48:00,0,False,3.6
SHP-000194,BAT-000194,Berlin,Western Europe,Reefer Truck,2025-03-03 12:10:12,2025-03-05 02:10:12,38.0,2025-03-03 12:12:12,2025-03-05 02:12:12,2,False,4.3
SHP-000195,BAT-000195,Bucharest,Romania,Reefer Truck,2024-09-18 21:22:48,2024-09-19 11:22:48,14.0,2024-09-18 22:51:48,2024-09-19 12:51:48,89,True,23.8
SHP-000196,BAT-000196,Bălți Wholesale,Domestic,Ambient Truck,2024-11-14 12:55:12,2024-11-14 17:55:12,5.0,2024-11-14 13:35:12,2024-11-14 18:35:12,40,False,18.3
SHP-000197,BAT-000197,Berlin,Western Europe,Reefer Truck,2024-10-15 14:49:12,2024-10-17 04:49:12,38.0,2024-10-15 15:25:12,2024-10-17 05:25:12,36,False,2.5
SHP-000198,BAT-000198,Iași,Romania,Insulated Van,2024-11-06 17:54:36,2024-11-07 01:54:36,8.0,2024-11-06 18:10:36,2024-11-07 02:10:36,16,False,2.9
SHP-000199,BAT-000199,Brașov,Romania,Reefer Truck,2025-01-25 13:49:12,2025-01-26 05:49:12,16.0,2025-01-25 13:54:12,2025-01-26 05:54:12,5,False,4.0
SHP-000200,BAT-000200,Chișinău Local,Domestic,Insulated Van,2024-11-17 23:50:24,2024-11-18 03:50:24,4.0,2024-11-18 01:50:24,2024-11-18 11:28:24,458,False,4.0
SHP-000201,BAT-000201,Chișinău Local,Domestic,Insulated Van,2024-12-19 14:16:48,2024-12-19 18:16:48,4.0,2024-12-19 14:41:48,2024-12-19 18:41:48,25,False,3.4
SHP-000202,BAT-000202,Brașov,Romania,Reefer Truck,2024-10-01 17:27:00,2024-10-02 09:27:00,16.0,2024-10-01 19:27:00,2024-10-02 13:57:00,270,False,4.1
SHP-000203,BAT-000203,Bucharest,Romania,Reefer Truck,2024-10-03 22:21:36,2024-10-04 12:21:36,14.0,2024-10-03 22:21:36,2024-10-04 12:21:36,0,False,3.2
SHP-000204,BAT-000204,Prague,Central Europe,Reefer Truck,2024-09-26 16:29:24,2024-09-28 00:29:24,32.0,2024-09-26 18:29:24,2024-09-28 09:35:24,546,False,4.5
SHP-000205,BAT-000205,Iași,Romania,Insulated Van,2025-01-02 12:13:12,2025-01-02 20:13:12,8.0,2025-01-02 12:13:12,2025-01-02 20:13:12,0,False,4.1
SHP-000206,BAT-000206,Brașov,Romania,Reefer Truck,2025-01-02 19:34:48,2025-01-03 11:34:48,16.0,2025-01-02 20:27:48,2025-01-03 12:27:48,53,False,3.4
SHP-000207,BAT-000207,Brașov,Romania,Reefer Truck,2024-11-26 22:33:00,2024-11-27 14:33:00,16.0,2024-11-26 22:50:00,2024-11-27 14:50:00,17,False,4.2
SHP-000208,BAT-000208,Bucharest,Romania,Reefer Truck,2024-09-05 21:14:24,2024-09-06 11:14:24,14.0,2024-09-05 21:40:24,2024-09-06 11:40:24,26,False,2.8
SHP-000209,BAT-000209,Bălți Wholesale,Domestic,Ambient Truck,2024-10-03 20:40:48,2024-10-04 01:40:48,5.0,2024-10-03 21:12:48,2024-10-04 02:12:48,32,False,19.4
SHP-000210,BAT-000210,Warsaw,Central Europe,Reefer Truck,2024-12-20 17:42:36,2024-12-21 21:42:36,28.0,2024-12-20 18:14:36,2024-12-21 22:14:36,32,False,3.8
SHP-000211,BAT-000211,Bălți Wholesale,Domestic,Ambient Truck,2025-01-01 21:15:00,2025-01-02 02:15:00,5.0,2025-01-01 23:15:00,2025-01-02 04:38:00,143,False,15.4
SHP-000212,BAT-000212,Berlin,Western Europe,Reefer Truck,2025-01-02 22:16:48,2025-01-04 12:16:48,38.0,2025-01-02 22:16:48,2025-01-04 12:16:48,0,False,3.6
SHP-000213,BAT-000213,Brașov,Romania,Reefer Truck,2025-03-26 17:36:00,2025-03-27 09:36:00,16.0,2025-03-26 18:06:00,2025-03-27 10:06:00,30,False,2.8
SHP-000214,BAT-000214,Berlin,Western Europe,Reefer Truck,2024-10-22 16:34:12,2024-10-24 06:34:12,38.0,2024-10-22 17:03:12,2024-10-24 07:03:12,29,False,3.5
SHP-000215,BAT-000215,Berlin,Western Europe,Reefer Truck,2025-02-19 15:54:00,2025-02-21 05:54:00,38.0,2025-02-19 16:18:00,2025-02-21 06:18:00,24,False,3.1
SHP-000216,BAT-000216,Bălți Wholesale,Domestic,Ambient Truck,2024-12-13 13:56:24,2024-12-13 18:56:24,5.0,2024-12-13 13:56:24,2024-12-13 18:56:24,0,False,16.5
SHP-000217,BAT-000217,Prague,Central Europe,Reefer Truck,2024-09-25 20:36:00,2024-09-27 04:36:00,32.0,2024-09-25 21:57:00,2024-09-27 05:57:00,81,False,3.2
SHP-000218,BAT-000218,Bălți Wholesale,Domestic,Ambient Truck,2024-12-29 21:24:00,2024-12-30 02:24:00,5.0,2024-12-29 21:47:00,2024-12-30 02:47:00,23,False,23.1
SHP-000219,BAT-000219,Chișinău Local,Domestic,Insulated Van,2024-12-07 21:30:36,2024-12-08 01:30:36,4.0,2024-12-07 22:18:36,2024-12-08 02:18:36,48,False,3.9
SHP-000220,BAT-000220,Bălți Wholesale,Domestic,Ambient Truck,2024-12-14 12:09:36,2024-12-14 17:09:36,5.0,2024-12-14 12:12:36,2024-12-14 17:12:36,3,False,22.2
SHP-000221,BAT-000221,Prague,Central Europe,Reefer Truck,2024-11-10 14:10:48,2024-11-11 22:10:48,32.0,2024-11-10 14:30:48,2024-11-11 22:30:48,20,False,3.2
SHP-000222,BAT-000222,Bucharest,Romania,Reefer Truck,2024-10-25 13:00:00,2024-10-26 03:00:00,14.0,2024-10-25 15:00:00,2024-10-26 08:20:00,320,True,23.0
SHP-000223,BAT-000223,Chișinău Local,Domestic,Insulated Van,2024-12-11 14:15:00,2024-12-11 18:15:00,4.0,2024-12-11 14:15:00,2024-12-11 18:15:00,0,False,2.8
SHP-000224,BAT-000224,Brașov,Romania,Reefer Truck,2024-11-18 19:26:24,2024-11-19 11:26:24,16.0,2024-11-18 20:23:24,2024-11-19 12:23:24,57,False,3.5
SHP-000225,BAT-000225,Brașov,Romania,Reefer Truck,2024-12-23 21:48:00,2024-12-24 13:48:00,16.0,2024-12-23 23:48:00,2024-12-25 01:07:00,679,False,3.7
SHP-000226,BAT-000226,Iași,Romania,Insulated Van,2024-08-18 17:41:24,2024-08-19 01:41:24,8.0,2024-08-18 19:41:24,2024-08-19 04:38:24,177,False,3.5
SHP-000227,BAT-000227,Iași,Romania,Insulated Van,2024-09-05 14:46:48,2024-09-05 22:46:48,8.0,2024-09-05 16:46:48,2024-09-06 01:07:48,141,False,2.8
SHP-000228,BAT-000228,Berlin,Western Europe,Reefer Truck,2024-10-14 23:49:48,2024-10-16 13:49:48,38.0,2024-10-15 00:17:48,2024-10-16 14:17:48,28,False,2.9
SHP-000229,BAT-000229,Iași,Romania,Insulated Van,2024-10-24 18:49:12,2024-10-25 02:49:12,8.0,2024-10-24 20:49:12,2024-10-25 11:46:12,537,False,3.7
SHP-000230,BAT-000230,Bălți Wholesale,Domestic,Ambient Truck,2024-11-19 14:07:48,2024-11-19 19:07:48,5.0,2024-11-19 14:17:48,2024-11-19 19:17:48,10,False,23.0
SHP-000231,BAT-000231,Brașov,Romania,Reefer Truck,2024-09-27 18:49:12,2024-09-28 10:49:12,16.0,2024-09-27 18:49:12,2024-09-28 10:49:12,0,False,3.2
SHP-000232,BAT-000232,Bălți Wholesale,Domestic,Ambient Truck,2024-12-10 22:04:12,2024-12-11 03:04:12,5.0,2024-12-10 22:55:12,2024-12-11 03:55:12,51,False,18.0
SHP-000233,BAT-000233,Warsaw,Central Europe,Reefer Truck,2024-12-04 13:12:36,2024-12-05 17:12:36,28.0,2024-12-04 13:40:36,2024-12-05 17:40:36,28,False,3.5
SHP-000234,BAT-000234,Berlin,Western Europe,Reefer Truck,2024-07-08 15:09:36,2024-07-10 05:09:36,38.0,2024-07-08 15:54:36,2024-07-10 05:54:36,45,False,3.0
SHP-000235,BAT-000235,Prague,Central Europe,Reefer Truck,2024-12-22 15:29:24,2024-12-23 23:29:24,32.0,2024-12-22 16:10:24,2024-12-24 00:10:24,41,False,2.6
SHP-000236,BAT-000236,Berlin,Western Europe,Reefer Truck,2024-12-30 20:43:48,2025-01-01 10:43:48,38.0,2024-12-30 20:43:48,2025-01-01 10:43:48,0,False,2.8
SHP-000237,BAT-000237,Chișinău Local,Domestic,Reefer Truck,2024-06-25 12:55:12,2024-06-25 16:55:12,4.0,2024-06-25 12:55:12,2024-06-25 16:55:12,0,False,3.2
SHP-000238,BAT-000238,Bălți Wholesale,Domestic,Ambient Truck,2025-01-01 13:16:12,2025-01-01 18:16:12,5.0,2025-01-01 13:43:12,2025-01-01 18:43:12,27,False,16.7
SHP-000239,BAT-000239,Brașov,Romania,Reefer Truck,2024-10-03 18:36:00,2024-10-04 10:36:00,16.0,2024-10-03 18:42:00,2024-10-04 10:42:00,6,False,4.2
SHP-000240,BAT-000240,Prague,Central Europe,Reefer Truck,2024-11-18 16:39:00,2024-11-20 00:39:00,32.0,2024-11-18 17:11:00,2024-11-20 01:11:00,32,False,3.7
SHP-000241,BAT-000241,Brașov,Romania,Reefer Truck,2024-10-11 20:53:24,2024-10-12 12:53:24,16.0,2024-10-11 20:53:24,2024-10-12 12:53:24,0,False,3.1
SHP-000242,BAT-000242,Berlin,Western Europe,Reefer Truck,2024-11-20 22:57:36,2024-11-22 12:57:36,38.0,2024-11-20 22:57:36,2024-11-22 12:57:36,0,False,3.5
SHP-000243,BAT-000243,Berlin,Western Europe,Reefer Truck,2024-10-21 18:21:36,2024-10-23 08:21:36,38.0,2024-10-21 19:10:36,2024-10-23 09:10:36,49,False,3.7
SHP-000244,BAT-000244,Bălți Wholesale,Domestic,Ambient Truck,2024-11-18 18:25:48,2024-11-18 23:25:48,5.0,2024-11-18 18:57:48,2024-11-18 23:57:48,32,False,23.0
SHP-000245,BAT-000245,Prague,Central Europe,Reefer Truck,2025-01-29 14:52:48,2025-01-30 22:52:48,32.0,2025-01-29 16:21:48,2025-01-31 00:21:48,89,False,3.4
SHP-000246,BAT-000246,Brașov,Romania,Reefer Truck,2024-07-23 15:16:12,2024-07-24 07:16:12,16.0,2024-07-23 15:21:12,2024-07-24 07:21:12,5,True,20.6
SHP-000247,BAT-000247,Berlin,Western Europe,Reefer Truck,2024-12-20 18:42:36,2024-12-22 08:42:36,38.0,2024-12-20 18:42:36,2024-12-22 08:42:36,0,False,2.8
SHP-000248,BAT-000248,Berlin,Western Europe,Reefer Truck,2024-10-20 12:43:48,2024-10-22 02:43:48,38.0,2024-10-20 12:59:48,2024-10-22 02:59:48,16,False,3.7
SHP-000249,BAT-000249,Prague,Central Europe,Reefer Truck,2024-12-17 16:28:12,2024-12-19 00:28:12,32.0,2024-12-17 16:28:12,2024-12-19 00:28:12,0,False,3.4
SHP-000250,BAT-000250,Bucharest,Romania,Reefer Truck,2025-01-03 16:41:24,2025-01-04 06:41:24,14.0,2025-01-03 17:16:24,2025-01-04 07:16:24,35,False,4.4
SHP-000251,BAT-000251,Iași,Romania,Insulated Van,2024-11-12 19:50:24,2024-11-13 03:50:24,8.0,2024-11-12 20:52:24,2024-11-13 04:52:24,62,False,2.8
SHP-000252,BAT-000252,Prague,Central Europe,Reefer Truck,2025-01-12 16:21:36,2025-01-14 00:21:36,32.0,2025-01-12 17:51:36,2025-01-14 01:51:36,90,False,3.9
SHP-000253,BAT-000253,Iași,Romania,Insulated Van,2025-01-14 20:22:12,2025-01-15 04:22:12,8.0,2025-01-14 20:22:12,2025-01-15 04:22:12,0,False,3.6
SHP-000254,BAT-000254,Warsaw,Central Europe,Reefer Truck,2025-01-23 15:37:48,2025-01-24 19:37:48,28.0,2025-01-23 17:37:48,2025-01-25 05:25:48,588,False,4.1
SHP-000255,BAT-000255,Bucharest,Romania,Reefer Truck,2024-08-31 18:32:24,2024-09-01 08:32:24,14.0,2024-08-31 18:32:24,2024-09-01 08:32:24,0,False,3.7
SHP-000256,BAT-000256,Warsaw,Central Europe,Reefer Truck,2024-11-30 20:20:24,2024-12-02 00:20:24,28.0,2024-11-30 22:03:24,2024-12-02 02:03:24,103,False,3.3
SHP-000257,BAT-000257,Prague,Central Europe,Reefer Truck,2024-11-15 15:20:24,2024-11-16 23:20:24,32.0,2024-11-15 17:20:24,2024-11-17 02:13:24,173,False,3.7
SHP-000258,BAT-000258,Warsaw,Central Europe,Reefer Truck,2024-12-26 19:24:00,2024-12-27 23:24:00,28.0,2024-12-26 19:27:00,2024-12-27 23:27:00,3,False,3.4
SHP-000259,BAT-000259,Brașov,Romania,Reefer Truck,2024-11-25 14:10:12,2024-11-26 06:10:12,16.0,2024-11-25 14:10:12,2024-11-26 06:10:12,0,False,4.0
SHP-000260,BAT-000260,Berlin,Western Europe,Reefer Truck,2024-11-04 16:00:36,2024-11-06 06:00:36,38.0,2024-11-04 16:47:36,2024-11-06 06:47:36,47,False,3.3
SHP-000261,BAT-000261,Chișinău Local,Domestic,Insulated Van,2025-01-19 14:04:48,2025-01-19 18:04:48,4.0,2025-01-19 15:03:48,2025-01-19 19:03:48,59,False,3.9
SHP-000262,BAT-000262,Iași,Romania,Insulated Van,2024-10-13 11:56:24,2024-10-13 19:56:24,8.0,2024-10-13 12:25:24,2024-10-13 20:25:24,29,False,2.9
SHP-000263,BAT-000263,Iași,Romania,Insulated Van,2024-09-08 15:50:24,2024-09-08 23:50:24,8.0,2024-09-08 16:10:24,2024-09-09 00:10:24,20,False,3.9
SHP-000264,BAT-000264,Berlin,Western Europe,Reefer Truck,2024-08-24 15:43:12,2024-08-26 05:43:12,38.0,2024-08-24 17:43:12,2024-08-26 08:04:12,141,False,4.4
SHP-000265,BAT-000265,Prague,Central Europe,Reefer Truck,2025-02-12 20:33:36,2025-02-14 04:33:36,32.0,2025-02-12 20:33:36,2025-02-14 04:33:36,0,False,2.7
SHP-000266,BAT-000266,Chișinău Local,Domestic,Insulated Van,2024-11-26 14:13:12,2024-11-26 18:13:12,4.0,2024-11-26 14:34:12,2024-11-26 18:34:12,21,False,2.7
SHP-000267,BAT-000267,Berlin,Western Europe,Reefer Truck,2024-11-20 22:36:36,2024-11-22 12:36:36,38.0,2024-11-20 23:02:36,2024-11-22 13:02:36,26,False,3.7
SHP-000268,BAT-000268,Warsaw,Central Europe,Reefer Truck,2025-02-26 19:40:48,2025-02-27 23:40:48,28.0,2025-02-26 21:15:48,2025-02-28 01:15:48,95,False,3.6
SHP-000269,BAT-000269,Chișinău Local,Domestic,Insulated Van,2024-12-13 18:58:48,2024-12-13 22:58:48,4.0,2024-12-13 18:58:48,2024-12-13 22:58:48,0,False,4.2
SHP-000270,BAT-000270,Iași,Romania,Insulated Van,2024-10-15 13:31:48,2024-10-15 21:31:48,8.0,2024-10-15 14:06:48,2024-10-15 22:06:48,35,False,4.3
SHP-000271,BAT-000271,Berlin,Western Europe,Reefer Truck,2024-07-03 17:57:00,2024-07-05 07:57:00,38.0,2024-07-03 19:11:00,2024-07-05 09:11:00,74,False,3.8
SHP-000272,BAT-000272,Prague,Central Europe,Reefer Truck,2024-07-26 18:01:48,2024-07-28 02:01:48,32.0,2024-07-26 18:07:48,2024-07-28 02:07:48,6,False,2.9
SHP-000273,BAT-000273,Brașov,Romania,Reefer Truck,2025-02-10 21:18:36,2025-02-11 13:18:36,16.0,2025-02-10 21:29:36,2025-02-11 13:29:36,11,False,3.7
SHP-000274,BAT-000274,Brașov,Romania,Reefer Truck,2025-01-15 13:51:00,2025-01-16 05:51:00,16.0,2025-01-15 13:51:00,2025-01-16 05:51:00,0,False,3.2
SHP-000275,BAT-000275,Prague,Central Europe,Reefer Truck,2024-11-08 11:13:12,2024-11-09 19:13:12,32.0,2024-11-08 12:15:12,2024-11-09 20:15:12,62,False,2.6
SHP-000276,BAT-000276,Brașov,Romania,Reefer Truck,2024-12-05 19:04:48,2024-12-06 11:04:48,16.0,2024-12-05 19:33:48,2024-12-06 11:33:48,29,False,2.6
SHP-000277,BAT-000277,Brașov,Romania,Reefer Truck,2024-07-13 18:48:36,2024-07-14 10:48:36,16.0,2024-07-13 19:15:36,2024-07-14 11:15:36,27,False,3.9
SHP-000278,BAT-000278,Bălți Wholesale,Domestic,Ambient Truck,2024-08-31 12:35:24,2024-08-31 17:35:24,5.0,2024-08-31 12:42:24,2024-08-31 17:42:24,7,False,22.5
SHP-000279,BAT-000279,Berlin,Western Europe,Reefer Truck,2024-12-22 17:04:12,2024-12-24 07:04:12,38.0,2024-12-22 17:11:12,2024-12-24 07:11:12,7,False,3.2
SHP-000280,BAT-000280,Iași,Romania,Insulated Van,2024-08-07 18:27:36,2024-08-08 02:27:36,8.0,2024-08-07 20:27:36,2024-08-08 04:27:36,120,False,4.3
SHP-000281,BAT-000281,Brașov,Romania,Reefer Truck,2024-12-26 15:31:48,2024-12-27 07:31:48,16.0,2024-12-26 15:54:48,2024-12-27 07:54:48,23,False,4.3
SHP-000282,BAT-000282,Prague,Central Europe,Reefer Truck,2025-01-19 15:07:48,2025-01-20 23:07:48,32.0,2025-01-19 15:40:48,2025-01-20 23:40:48,33,False,2.7
SHP-000283,BAT-000283,Brașov,Romania,Reefer Truck,2024-12-15 13:35:24,2024-12-16 05:35:24,16.0,2024-12-15 14:45:24,2024-12-16 06:45:24,70,False,3.9
SHP-000284,BAT-000284,Bălți Wholesale,Domestic,Ambient Truck,2024-10-28 19:31:12,2024-10-29 00:31:12,5.0,2024-10-28 19:45:12,2024-10-29 00:45:12,14,True,25.1
SHP-000285,BAT-000285,Warsaw,Central Europe,Reefer Truck,2025-02-14 15:03:00,2025-02-15 19:03:00,28.0,2025-02-14 15:03:00,2025-02-15 19:03:00,0,False,4.5
SHP-000286,BAT-000286,Bucharest,Romania,Reefer Truck,2024-09-25 13:59:24,2024-09-26 03:59:24,14.0,2024-09-25 13:59:24,2024-09-26 03:59:24,0,False,2.9
SHP-000287,BAT-000287,Bucharest,Romania,Reefer Truck,2024-10-28 17:31:48,2024-10-29 07:31:48,14.0,2024-10-28 19:31:48,2024-10-29 13:54:48,383,False,3.1
SHP-000288,BAT-000288,Chișinău Local,Domestic,Insulated Van,2024-10-14 15:54:00,2024-10-14 19:54:00,4.0,2024-10-14 16:09:00,2024-10-14 20:09:00,15,False,4.2
SHP-000289,BAT-000289,Prague,Central Europe,Reefer Truck,2024-12-27 14:07:48,2024-12-28 22:07:48,32.0,2024-12-27 14:12:48,2024-12-28 22:12:48,5,False,2.7
SHP-000290,BAT-000290,Bucharest,Romania,Reefer Truck,2024-11-08 18:25:12,2024-11-09 08:25:12,14.0,2024-11-08 19:11:12,2024-11-09 09:11:12,46,False,4.0
SHP-000291,BAT-000291,Warsaw,Central Europe,Reefer Truck,2024-09-28 14:46:12,2024-09-29 18:46:12,28.0,2024-09-28 14:53:12,2024-09-29 18:53:12,7,False,2.7
SHP-000292,BAT-000292,Brașov,Romania,Reefer Truck,2025-01-11 18:18:36,2025-01-12 10:18:36,16.0,2025-01-11 18:49:36,2025-01-12 10:49:36,31,False,3.4
SHP-000293,BAT-000293,Warsaw,Central Europe,Reefer Truck,2025-01-04 19:21:00,2025-01-05 23:21:00,28.0,2025-01-04 19:35:00,2025-01-05 23:35:00,14,False,4.2
SHP-000294,BAT-000294,Warsaw,Central Europe,Reefer Truck,2024-11-26 15:39:36,2024-11-27 19:39:36,28.0,2024-11-26 15:56:36,2024-11-27 19:56:36,17,False,4.3
SHP-000295,BAT-000295,Chișinău Local,Domestic,Insulated Van,2024-12-02 18:31:12,2024-12-02 22:31:12,4.0,2024-12-02 20:15:12,2024-12-03 00:15:12,104,False,3.8
SHP-000296,BAT-000296,Warsaw,Central Europe,Reefer Truck,2025-02-03 15:31:12,2025-02-04 19:31:12,28.0,2025-02-03 15:32:12,2025-02-04 19:32:12,1,False,3.1
SHP-000297,BAT-000297,Bălți Wholesale,Domestic,Ambient Truck,2025-02-01 12:35:24,2025-02-01 17:35:24,5.0,2025-02-01 12:58:24,2025-02-01 17:58:24,23,False,18.0
SHP-000298,BAT-000298,Prague,Central Europe,Reefer Truck,2024-08-12 14:08:24,2024-08-13 22:08:24,32.0,2024-08-12 15:14:24,2024-08-13 23:14:24,66,False,2.9
SHP-000299,BAT-000299,Iași,Romania,Insulated Van,2024-10-08 15:45:00,2024-10-08 23:45:00,8.0,2024-10-08 16:00:00,2024-10-09 00:00:00,15,False,3.5
SHP-000300,BAT-000300,Prague,Central Europe,Reefer Truck,2024-10-26 21:43:12,2024-10-28 05:43:12,32.0,2024-10-26 22:14:12,2024-10-28 06:14:12,31,False,2.7
SHP-000301,BAT-000301,Bucharest,Romania,Reefer Truck,2024-11-16 13:25:12,2024-11-17 03:25:12,14.0,2024-11-16 13:31:12,2024-11-17 03:31:12,6,True,20.2
SHP-000302,BAT-000302,Iași,Romania,Reefer Truck,2024-08-16 17:45:00,2024-08-17 01:45:00,8.0,2024-08-16 18:15:00,2024-08-17 02:15:00,30,False,2.8
SHP-000303,BAT-000303,Bucharest,Romania,Reefer Truck,2024-07-14 22:59:24,2024-07-15 12:59:24,14.0,2024-07-14 23:17:24,2024-07-15 13:17:24,18,False,4.1
SHP-000304,BAT-000304,Bucharest,Romania,Reefer Truck,2024-12-23 17:06:00,2024-12-24 07:06:00,14.0,2024-12-23 19:06:00,2024-12-24 17:05:00,599,False,4.5
SHP-000305,BAT-000305,Chișinău Local,Domestic,Insulated Van,2024-12-04 15:48:36,2024-12-04 19:48:36,4.0,2024-12-04 16:20:36,2024-12-04 20:20:36,32,False,3.5
SHP-000306,BAT-000306,Bucharest,Romania,Reefer Truck,2024-09-16 21:13:48,2024-09-17 11:13:48,14.0,2024-09-16 21:13:48,2024-09-17 11:13:48,0,False,3.6
SHP-000307,BAT-000307,Prague,Central Europe,Reefer Truck,2024-12-21 22:41:24,2024-12-23 06:41:24,32.0,2024-12-21 22:41:24,2024-12-23 06:41:24,0,False,2.7
SHP-000308,BAT-000308,Brașov,Romania,Reefer Truck,2025-01-19 19:54:36,2025-01-20 11:54:36,16.0,2025-01-19 19:58:36,2025-01-20 11:58:36,4,False,2.5
SHP-000309,BAT-000309,Bălți Wholesale,Domestic,Ambient Truck,2025-01-07 13:38:24,2025-01-07 18:38:24,5.0,2025-01-07 13:38:24,2025-01-07 18:38:24,0,False,20.7
SHP-000310,BAT-000310,Bălți Wholesale,Domestic,Ambient Truck,2024-12-15 17:40:12,2024-12-15 22:40:12,5.0,2024-12-15 18:49:12,2024-12-15 23:49:12,69,False,18.0
SHP-000311,BAT-000311,Berlin,Western Europe,Reefer Truck,2024-11-25 19:10:12,2024-11-27 09:10:12,38.0,2024-11-25 19:26:12,2024-11-27 09:26:12,16,False,3.4
SHP-000312,BAT-000312,Berlin,Western Europe,Reefer Truck,2025-03-04 17:47:24,2025-03-06 07:47:24,38.0,2025-03-04 17:47:24,2025-03-06 07:47:24,0,False,3.9
SHP-000313,BAT-000313,Prague,Central Europe,Reefer Truck,2024-08-04 15:12:36,2024-08-05 23:12:36,32.0,2024-08-04 15:26:36,2024-08-05 23:26:36,14,False,3.3
SHP-000314,BAT-000314,Iași,Romania,Insulated Van,2024-09-06 13:25:12,2024-09-06 21:25:12,8.0,2024-09-06 14:39:12,2024-09-06 22:39:12,74,False,3.2
SHP-000315,BAT-000315,Warsaw,Central Europe,Reefer Truck,2024-12-18 19:05:24,2024-12-19 23:05:24,28.0,2024-12-18 19:34:24,2024-12-19 23:34:24,29,False,3.7
SHP-000316,BAT-000316,Bălți Wholesale,Domestic,Ambient Truck,2025-01-03 18:29:24,2025-01-03 23:29:24,5.0,2025-01-03 18:37:24,2025-01-03 23:37:24,8,True,24.1
SHP-000317,BAT-000317,Berlin,Western Europe,Reefer Truck,2024-09-23 19:56:24,2024-09-25 09:56:24,38.0,2024-09-23 19:57:24,2024-09-25 09:57:24,1,False,2.9
SHP-000318,BAT-000318,Brașov,Romania,Reefer Truck,2024-09-18 11:54:36,2024-09-19 03:54:36,16.0,2024-09-18 11:54:36,2024-09-19 03:54:36,0,False,3.0
SHP-000319,BAT-000319,Warsaw,Central Europe,Reefer Truck,2025-01-12 10:15:00,2025-01-13 14:15:00,28.0,2025-01-12 12:15:00,2025-01-13 22:21:00,486,False,4.1
SHP-000320,BAT-000320,Warsaw,Central Europe,Reefer Truck,2024-11-25 18:48:00,2024-11-26 22:48:00,28.0,2024-11-25 20:48:00,2024-11-27 07:20:00,512,False,3.0
SHP-000321,BAT-000321,Berlin,Western Europe,Reefer Truck,2024-10-18 18:41:24,2024-10-20 08:41:24,38.0,2024-10-18 18:45:24,2024-10-20 08:45:24,4,False,2.9
SHP-000322,BAT-000322,Bucharest,Romania,Reefer Truck,2024-09-25 12:40:12,2024-09-26 02:40:12,14.0,2024-09-25 12:52:12,2024-09-26 02:52:12,12,False,3.3
SHP-000323,BAT-000323,Brașov,Romania,Reefer Truck,2024-10-24 15:31:12,2024-10-25 07:31:12,16.0,2024-10-24 15:31:12,2024-10-25 07:31:12,0,False,4.1
SHP-000324,BAT-000324,Brașov,Romania,Reefer Truck,2024-10-15 20:24:00,2024-10-16 12:24:00,16.0,2024-10-15 20:31:00,2024-10-16 12:31:00,7,False,3.0
SHP-000325,BAT-000325,Chișinău Local,Domestic,Insulated Van,2025-01-03 23:51:36,2025-01-04 03:51:36,4.0,2025-01-04 01:06:36,2025-01-04 05:06:36,75,False,3.7
SHP-000326,BAT-000326,Iași,Romania,Insulated Van,2025-03-03 20:04:12,2025-03-04 04:04:12,8.0,2025-03-03 20:15:12,2025-03-04 04:15:12,11,True,22.8
SHP-000327,BAT-000327,Prague,Central Europe,Reefer Truck,2024-09-26 15:01:12,2024-09-27 23:01:12,32.0,2024-09-26 15:24:12,2024-09-27 23:24:12,23,False,2.6
SHP-000328,BAT-000328,Bălți Wholesale,Domestic,Ambient Truck,2024-07-25 12:59:24,2024-07-25 17:59:24,5.0,2024-07-25 12:59:24,2024-07-25 17:59:24,0,False,23.0
SHP-000329,BAT-000329,Berlin,Western Europe,Reefer Truck,2024-11-22 12:25:12,2024-11-24 02:25:12,38.0,2024-11-22 12:58:12,2024-11-24 02:58:12,33,False,3.2
SHP-000330,BAT-000330,Chișinău Local,Domestic,Insulated Van,2024-11-04 14:32:24,2024-11-04 18:32:24,4.0,2024-11-04 14:36:24,2024-11-04 18:36:24,4,False,4.0
SHP-000331,BAT-000331,Warsaw,Central Europe,Reefer Truck,2024-09-15 13:00:00,2024-09-16 17:00:00,28.0,2024-09-15 13:26:00,2024-09-16 17:26:00,26,False,3.3
SHP-000332,BAT-000332,Bălți Wholesale,Domestic,Ambient Truck,2024-09-09 16:25:12,2024-09-09 21:25:12,5.0,2024-09-09 16:29:12,2024-09-09 21:29:12,4,False,21.1
SHP-000333,BAT-000333,Berlin,Western Europe,Reefer Truck,2024-07-19 15:45:00,2024-07-21 05:45:00,38.0,2024-07-19 16:05:00,2024-07-21 06:05:00,20,False,3.4
SHP-000334,BAT-000334,Chișinău Local,Domestic,Insulated Van,2025-01-08 11:56:24,2025-01-08 15:56:24,4.0,2025-01-08 13:11:24,2025-01-08 17:11:24,75,False,2.6
SHP-000335,BAT-000335,Bălți Wholesale,Domestic,Ambient Truck,2024-11-16 20:15:00,2024-11-17 01:15:00,5.0,2024-11-16 20:28:00,2024-11-17 01:28:00,13,True,33.1
SHP-000336,BAT-000336,Iași,Romania,Insulated Van,2024-10-30 14:55:48,2024-10-30 22:55:48,8.0,2024-10-30 14:55:48,2024-10-30 22:55:48,0,False,4.4
SHP-000337,BAT-000337,Warsaw,Central Europe,Reefer Truck,2024-09-15 20:30:00,2024-09-17 00:30:00,28.0,2024-09-15 20:40:00,2024-09-17 00:40:00,10,False,3.4
SHP-000338,BAT-000338,Chișinău Local,Domestic,Insulated Van,2025-01-25 13:46:48,2025-01-25 17:46:48,4.0,2025-01-25 13:46:48,2025-01-25 17:46:48,0,False,3.6
SHP-000339,BAT-000339,Iași,Romania,Insulated Van,2024-09-16 18:28:12,2024-09-17 02:28:12,8.0,2024-09-16 19:01:12,2024-09-17 03:01:12,33,False,3.0
SHP-000340,BAT-000340,Berlin,Western Europe,Reefer Truck,2024-10-29 19:07:12,2024-10-31 09:07:12,38.0,2024-10-29 19:18:12,2024-10-31 09:18:12,11,False,2.9
SHP-000341,BAT-000341,Warsaw,Central Europe,Reefer Truck,2024-09-02 18:27:00,2024-09-03 22:27:00,28.0,2024-09-02 20:20:00,2024-09-04 00:20:00,113,False,3.2
SHP-000342,BAT-000342,Warsaw,Central Europe,Reefer Truck,2025-03-13 17:58:48,2025-03-14 21:58:48,28.0,2025-03-13 19:58:48,2025-03-15 03:17:48,319,False,3.5
SHP-000343,BAT-000343,Chișinău Local,Domestic,Insulated Van,2024-09-02 17:04:12,2024-09-02 21:04:12,4.0,2024-09-02 17:04:12,2024-09-02 21:04:12,0,False,2.8
SHP-000344,BAT-000344,Chișinău Local,Domestic,Insulated Van,2024-11-12 19:43:48,2024-11-12 23:43:48,4.0,2024-11-12 19:43:48,2024-11-12 23:43:48,0,False,3.4
SHP-000345,BAT-000345,Warsaw,Central Europe,Reefer Truck,2024-11-21 17:30:00,2024-11-22 21:30:00,28.0,2024-11-21 17:30:00,2024-11-22 21:30:00,0,False,3.4
SHP-000346,BAT-000346,Brașov,Romania,Reefer Truck,2025-01-20 16:24:00,2025-01-21 08:24:00,16.0,2025-01-20 16:53:00,2025-01-21 08:53:00,29,False,2.8
SHP-000347,BAT-000347,Berlin,Western Europe,Reefer Truck,2024-10-10 17:06:36,2024-10-12 07:06:36,38.0,2024-10-10 17:38:36,2024-10-12 07:38:36,32,False,3.8
SHP-000348,BAT-000348,Brașov,Romania,Insulated Van,2024-08-18 19:28:48,2024-08-19 11:28:48,16.0,2024-08-18 19:57:48,2024-08-19 11:57:48,29,False,3.8
SHP-000349,BAT-000349,Warsaw,Central Europe,Reefer Truck,2024-11-08 14:54:00,2024-11-09 18:54:00,28.0,2024-11-08 14:57:00,2024-11-09 18:57:00,3,False,4.1
SHP-000350,BAT-000350,Bucharest,Romania,Reefer Truck,2024-09-12 17:44:24,2024-09-13 07:44:24,14.0,2024-09-12 19:44:24,2024-09-13 17:50:24,606,False,4.5
SHP-000351,BAT-000351,Prague,Central Europe,Reefer Truck,2024-12-16 15:54:36,2024-12-17 23:54:36,32.0,2024-12-16 15:54:36,2024-12-17 23:54:36,0,False,3.2
SHP-000352,BAT-000352,Iași,Romania,Reefer Truck,2024-06-03 18:30:00,2024-06-04 02:30:00,8.0,2024-06-03 20:30:00,2024-06-04 11:24:00,534,False,2.7
SHP-000353,BAT-000353,Warsaw,Central Europe,Reefer Truck,2024-11-27 23:13:12,2024-11-29 03:13:12,28.0,2024-11-28 00:44:12,2024-11-29 04:44:12,91,False,3.2
SHP-000354,BAT-000354,Bălți Wholesale,Domestic,Ambient Truck,2025-02-02 19:19:12,2025-02-03 00:19:12,5.0,2025-02-02 19:52:12,2025-02-03 00:52:12,33,False,22.0
SHP-000355,BAT-000355,Chișinău Local,Domestic,Insulated Van,2024-11-18 18:00:00,2024-11-18 22:00:00,4.0,2024-11-18 18:00:00,2024-11-18 22:00:00,0,False,4.0
SHP-000356,BAT-000356,Bucharest,Romania,Reefer Truck,2024-11-29 16:36:36,2024-11-30 06:36:36,14.0,2024-11-29 16:39:36,2024-11-30 06:39:36,3,False,3.7
SHP-000357,BAT-000357,Brașov,Romania,Reefer Truck,2024-12-04 21:02:24,2024-12-05 13:02:24,16.0,2024-12-04 21:15:24,2024-12-05 13:15:24,13,False,3.9
SHP-000358,BAT-000358,Iași,Romania,Insulated Van,2024-09-26 14:42:36,2024-09-26 22:42:36,8.0,2024-09-26 14:56:36,2024-09-26 22:56:36,14,False,3.1
SHP-000359,BAT-000359,Iași,Romania,Insulated Van,2024-11-18 14:37:12,2024-11-18 22:37:12,8.0,2024-11-18 14:37:12,2024-11-18 22:37:12,0,False,2.9
SHP-000360,BAT-000360,Berlin,Western Europe,Reefer Truck,2024-08-29 20:24:36,2024-08-31 10:24:36,38.0,2024-08-29 21:02:36,2024-08-31 11:02:36,38,False,2.7
SHP-000361,BAT-000361,Warsaw,Central Europe,Reefer Truck,2024-10-15 20:28:12,2024-10-17 00:28:12,28.0,2024-10-15 21:02:12,2024-10-17 01:02:12,34,False,3.9
SHP-000362,BAT-000362,Bălți Wholesale,Domestic,Ambient Truck,2025-03-20 23:13:48,2025-03-21 04:13:48,5.0,2025-03-20 23:15:48,2025-03-21 04:15:48,2,False,17.1
SHP-000363,BAT-000363,Chișinău Local,Domestic,Insulated Van,2024-11-24 11:39:00,2024-11-24 15:39:00,4.0,2024-11-24 11:39:00,2024-11-24 15:39:00,0,False,3.7
SHP-000364,BAT-000364,Bălți Wholesale,Domestic,Ambient Truck,2024-08-14 18:31:12,2024-08-14 23:31:12,5.0,2024-08-14 18:51:12,2024-08-14 23:51:12,20,True,33.6
SHP-000365,BAT-000365,Chișinău Local,Domestic,Insulated Van,2024-11-13 18:58:48,2024-11-13 22:58:48,4.0,2024-11-13 19:14:48,2024-11-13 23:14:48,16,False,4.1
SHP-000366,BAT-000366,Bălți Wholesale,Domestic,Ambient Truck,2024-12-09 20:15:00,2024-12-10 01:15:00,5.0,2024-12-09 20:15:00,2024-12-10 01:15:00,0,False,17.3
SHP-000367,BAT-000367,Berlin,Western Europe,Reefer Truck,2024-09-19 15:19:12,2024-09-21 05:19:12,38.0,2024-09-19 15:26:12,2024-09-21 05:26:12,7,False,4.1
SHP-000368,BAT-000368,Prague,Central Europe,Reefer Truck,2024-05-25 15:00:00,2024-05-26 23:00:00,32.0,2024-05-25 15:32:00,2024-05-26 23:32:00,32,False,4.4
SHP-000369,BAT-000369,Brașov,Romania,Reefer Truck,2024-12-05 18:46:48,2024-12-06 10:46:48,16.0,2024-12-05 19:25:48,2024-12-06 11:25:48,39,True,21.7
SHP-000370,BAT-000370,Warsaw,Central Europe,Reefer Truck,2024-11-02 14:03:36,2024-11-03 18:03:36,28.0,2024-11-02 15:26:36,2024-11-03 19:26:36,83,False,2.9
SHP-000371,BAT-000371,Chișinău Local,Domestic,Insulated Van,2024-11-14 22:35:24,2024-11-15 02:35:24,4.0,2024-11-14 23:17:24,2024-11-15 03:17:24,42,False,3.8
SHP-000372,BAT-000372,Bucharest,Romania,Reefer Truck,2024-08-19 16:23:24,2024-08-20 06:23:24,14.0,2024-08-19 16:23:24,2024-08-20 06:23:24,0,False,2.7
SHP-000373,BAT-000373,Prague,Central Europe,Reefer Truck,2024-07-03 14:09:36,2024-07-04 22:09:36,32.0,2024-07-03 16:09:36,2024-07-05 08:36:36,627,True,25.2
SHP-000374,BAT-000374,Prague,Central Europe,Reefer Truck,2024-08-10 15:15:36,2024-08-11 23:15:36,32.0,2024-08-10 16:51:36,2024-08-12 00:51:36,96,False,3.4
SHP-000375,BAT-000375,Chișinău Local,Domestic,Insulated Van,2024-10-15 13:19:48,2024-10-15 17:19:48,4.0,2024-10-15 13:23:48,2024-10-15 17:23:48,4,False,3.0
SHP-000376,BAT-000376,Bălți Wholesale,Domestic,Ambient Truck,2024-09-01 12:22:12,2024-09-01 17:22:12,5.0,2024-09-01 12:22:12,2024-09-01 17:22:12,0,False,20.7
SHP-000377,BAT-000377,Bălți Wholesale,Domestic,Ambient Truck,2024-11-08 16:22:12,2024-11-08 21:22:12,5.0,2024-11-08 16:22:12,2024-11-08 21:22:12,0,False,20.1
SHP-000378,BAT-000378,Warsaw,Central Europe,Reefer Truck,2024-11-03 13:04:12,2024-11-04 17:04:12,28.0,2024-11-03 13:06:12,2024-11-04 17:06:12,2,False,3.8
SHP-000379,BAT-000379,Brașov,Romania,Reefer Truck,2025-04-11 18:46:48,2025-04-12 10:46:48,16.0,2025-04-11 18:59:48,2025-04-12 10:59:48,13,False,4.5
SHP-000380,BAT-000380,Chișinău Local,Domestic,Insulated Van,2025-02-02 18:31:12,2025-02-02 22:31:12,4.0,2025-02-02 18:31:12,2025-02-02 22:31:12,0,False,3.1
SHP-000381,BAT-000381,Iași,Romania,Insulated Van,2024-10-05 16:52:12,2024-10-06 00:52:12,8.0,2024-10-05 17:05:12,2024-10-06 01:05:12,13,False,4.1
SHP-000382,BAT-000382,Berlin,Western Europe,Reefer Truck,2024-11-21 22:55:48,2024-11-23 12:55:48,38.0,2024-11-22 00:25:48,2024-11-23 14:25:48,90,True,21.2
SHP-000383,BAT-000383,Bălți Wholesale,Domestic,Ambient Truck,2025-01-14 14:57:36,2025-01-14 19:57:36,5.0,2025-01-14 16:23:36,2025-01-14 21:23:36,86,False,15.4
SHP-000384,BAT-000384,Iași,Romania,Insulated Van,2025-01-04 16:55:12,2025-01-05 00:55:12,8.0,2025-01-04 17:42:12,2025-01-05 01:42:12,47,False,3.2
SHP-000385,BAT-000385,Warsaw,Central Europe,Reefer Truck,2024-11-22 16:13:48,2024-11-23 20:13:48,28.0,2024-11-22 16:39:48,2024-11-23 20:39:48,26,False,3.6
SHP-000386,BAT-000386,Bucharest,Romania,Reefer Truck,2025-01-09 16:10:48,2025-01-10 06:10:48,14.0,2025-01-09 16:10:48,2025-01-10 06:10:48,0,False,2.6
SHP-000387,BAT-000387,Bălți Wholesale,Domestic,Ambient Truck,2025-01-31 12:59:24,2025-01-31 17:59:24,5.0,2025-01-31 14:59:24,2025-01-31 21:00:24,181,False,18.0
SHP-000388,BAT-000388,Berlin,Western Europe,Insulated Van,2024-07-09 15:54:00,2024-07-11 05:54:00,38.0,2024-07-09 16:00:00,2024-07-11 06:00:00,6,False,4.1
SHP-000389,BAT-000389,Berlin,Western Europe,Reefer Truck,2025-01-17 21:01:48,2025-01-19 11:01:48,38.0,2025-01-17 21:03:48,2025-01-19 11:03:48,2,False,3.5
SHP-000390,BAT-000390,Warsaw,Central Europe,Reefer Truck,2024-11-19 13:48:36,2024-11-20 17:48:36,28.0,2024-11-19 15:40:36,2024-11-20 19:40:36,112,False,2.8
SHP-000391,BAT-000391,Brașov,Romania,Reefer Truck,2024-11-11 19:04:48,2024-11-12 11:04:48,16.0,2024-11-11 19:26:48,2024-11-12 11:26:48,22,False,2.8
SHP-000392,BAT-000392,Prague,Central Europe,Reefer Truck,2024-11-17 13:46:12,2024-11-18 21:46:12,32.0,2024-11-17 13:46:12,2024-11-18 21:46:12,0,False,2.7
SHP-000393,BAT-000393,Iași,Romania,Insulated Van,2024-12-30 12:29:24,2024-12-30 20:29:24,8.0,2024-12-30 12:29:24,2024-12-30 20:29:24,0,False,4.2
SHP-000394,BAT-000394,Bălți Wholesale,Domestic,Ambient Truck,2025-02-19 17:48:36,2025-02-19 22:48:36,5.0,2025-02-19 17:48:36,2025-02-19 22:48:36,0,False,18.0
SHP-000395,BAT-000395,Bucharest,Romania,Reefer Truck,2024-10-13 17:08:24,2024-10-14 07:08:24,14.0,2024-10-13 18:09:24,2024-10-14 08:09:24,61,False,3.4
SHP-000396,BAT-000396,Bucharest,Romania,Reefer Truck,2024-12-24 15:25:48,2024-12-25 05:25:48,14.0,2024-12-24 16:16:48,2024-12-25 06:16:48,51,False,3.9
SHP-000397,BAT-000397,Brașov,Romania,Reefer Truck,2024-10-22 18:24:00,2024-10-23 10:24:00,16.0,2024-10-22 18:24:00,2024-10-23 10:24:00,0,False,2.9
SHP-000398,BAT-000398,Berlin,Western Europe,Insulated Van,2024-09-22 19:25:12,2024-09-24 09:25:12,38.0,2024-09-22 21:25:12,2024-09-24 18:46:12,561,False,2.8
SHP-000399,BAT-000399,Iași,Romania,Insulated Van,2024-10-25 19:15:36,2024-10-26 03:15:36,8.0,2024-10-25 19:22:36,2024-10-26 03:22:36,7,False,2.7
SHP-000400,BAT-000400,Prague,Central Europe,Reefer Truck,2024-11-23 16:54:36,2024-11-25 00:54:36,32.0,2024-11-23 16:54:36,2024-11-25 00:54:36,0,False,3.5
SHP-000401,BAT-000401,Prague,Central Europe,Reefer Truck,2025-01-13 18:43:12,2025-01-15 02:43:12,32.0,2025-01-13 19:43:12,2025-01-15 03:43:12,60,False,3.9
SHP-000402,BAT-000402,Brașov,Romania,Reefer Truck,2024-12-25 18:10:12,2024-12-26 10:10:12,16.0,2024-12-25 18:10:12,2024-12-26 10:10:12,0,False,3.8
SHP-000403,BAT-000403,Warsaw,Central Europe,Insulated Van,2024-07-18 19:16:12,2024-07-19 23:16:12,28.0,2024-07-18 21:16:12,2024-07-20 05:05:12,349,False,4.2
SHP-000404,BAT-000404,Bălți Wholesale,Domestic,Ambient Truck,2024-09-22 12:37:12,2024-09-22 17:37:12,5.0,2024-09-22 12:37:12,2024-09-22 17:37:12,0,False,21.7
SHP-000405,BAT-000405,Bălți Wholesale,Domestic,Ambient Truck,2024-12-10 15:43:12,2024-12-10 20:43:12,5.0,2024-12-10 16:04:12,2024-12-10 21:04:12,21,False,19.5
SHP-000406,BAT-000406,Bucharest,Romania,Reefer Truck,2024-12-09 15:39:00,2024-12-10 05:39:00,14.0,2024-12-09 15:51:00,2024-12-10 05:51:00,12,False,4.0
SHP-000407,BAT-000407,Iași,Romania,Insulated Van,2025-01-15 16:19:12,2025-01-16 00:19:12,8.0,2025-01-15 16:33:12,2025-01-16 00:33:12,14,False,2.9
SHP-000408,BAT-000408,Prague,Central Europe,Reefer Truck,2025-01-12 12:04:12,2025-01-13 20:04:12,32.0,2025-01-12 12:15:12,2025-01-13 20:15:12,11,False,3.5
SHP-000409,BAT-000409,Iași,Romania,Insulated Van,2024-09-26 16:07:12,2024-09-27 00:07:12,8.0,2024-09-26 17:02:12,2024-09-27 01:02:12,55,False,4.4
SHP-000410,BAT-000410,Iași,Romania,Insulated Van,2024-10-27 21:45:36,2024-10-28 05:45:36,8.0,2024-10-27 21:45:36,2024-10-28 05:45:36,0,False,4.2
SHP-000411,BAT-000411,Chișinău Local,Domestic,Insulated Van,2024-10-03 22:42:36,2024-10-04 02:42:36,4.0,2024-10-03 22:42:36,2024-10-04 02:42:36,0,False,4.1
SHP-000412,BAT-000412,Berlin,Western Europe,Reefer Truck,2024-11-13 22:45:00,2024-11-15 12:45:00,38.0,2024-11-13 22:45:00,2024-11-15 12:45:00,0,False,2.8
SHP-000413,BAT-000413,Prague,Central Europe,Reefer Truck,2025-01-07 17:39:36,2025-01-09 01:39:36,32.0,2025-01-07 17:59:36,2025-01-09 01:59:36,20,False,4.2
SHP-000414,BAT-000414,Warsaw,Central Europe,Reefer Truck,2024-05-27 12:49:48,2024-05-28 16:49:48,28.0,2024-05-27 13:58:48,2024-05-28 17:58:48,69,False,4.0
SHP-000415,BAT-000415,Bucharest,Romania,Reefer Truck,2024-08-29 20:33:00,2024-08-30 10:33:00,14.0,2024-08-29 20:36:00,2024-08-30 10:36:00,3,False,3.9
SHP-000416,BAT-000416,Chișinău Local,Domestic,Insulated Van,2025-01-23 17:51:00,2025-01-23 21:51:00,4.0,2025-01-23 18:21:00,2025-01-23 22:21:00,30,False,3.7
SHP-000417,BAT-000417,Bălți Wholesale,Domestic,Ambient Truck,2024-09-16 19:56:24,2024-09-17 00:56:24,5.0,2024-09-16 20:00:24,2024-09-17 01:00:24,4,True,25.7
SHP-000418,BAT-000418,Berlin,Western Europe,Reefer Truck,2024-07-25 15:33:00,2024-07-27 05:33:00,38.0,2024-07-25 15:33:00,2024-07-27 05:33:00,0,False,3.9
SHP-000419,BAT-000419,Iași,Romania,Insulated Van,2024-07-30 12:43:12,2024-07-30 20:43:12,8.0,2024-07-30 12:47:12,2024-07-30 20:47:12,4,False,4.3
SHP-000420,BAT-000420,Brașov,Romania,Reefer Truck,2024-08-23 17:58:12,2024-08-24 09:58:12,16.0,2024-08-23 17:58:12,2024-08-24 09:58:12,0,False,4.4
SHP-000421,BAT-000421,Warsaw,Central Europe,Reefer Truck,2025-01-04 22:49:48,2025-01-06 02:49:48,28.0,2025-01-04 23:19:48,2025-01-06 03:19:48,30,False,4.1
SHP-000422,BAT-000422,Iași,Romania,Insulated Van,2024-12-05 12:06:36,2024-12-05 20:06:36,8.0,2024-12-05 12:14:36,2024-12-05 20:14:36,8,False,3.9
SHP-000423,BAT-000423,Bucharest,Romania,Reefer Truck,2024-12-31 20:58:12,2025-01-01 10:58:12,14.0,2024-12-31 21:05:12,2025-01-01 11:05:12,7,True,15.2
SHP-000424,BAT-000424,Bucharest,Romania,Reefer Truck,2024-12-17 22:36:36,2024-12-18 12:36:36,14.0,2024-12-17 23:01:36,2024-12-18 13:01:36,25,False,4.3
SHP-000425,BAT-000425,Warsaw,Central Europe,Reefer Truck,2024-11-27 16:54:00,2024-11-28 20:54:00,28.0,2024-11-27 16:57:00,2024-11-28 20:57:00,3,False,3.0
SHP-000426,BAT-000426,Chișinău Local,Domestic,Insulated Van,2025-01-03 15:12:00,2025-01-03 19:12:00,4.0,2025-01-03 15:26:00,2025-01-03 19:26:00,14,False,2.7
SHP-000427,BAT-000427,Iași,Romania,Insulated Van,2025-01-29 12:57:36,2025-01-29 20:57:36,8.0,2025-01-29 13:06:36,2025-01-29 21:06:36,9,False,3.0
SHP-000428,BAT-000428,Bălți Wholesale,Domestic,Ambient Truck,2025-01-22 19:48:00,2025-01-23 00:48:00,5.0,2025-01-22 21:19:00,2025-01-23 02:19:00,91,True,25.7
SHP-000429,BAT-000429,Iași,Romania,Insulated Van,2024-09-28 18:28:48,2024-09-29 02:28:48,8.0,2024-09-28 19:14:48,2024-09-29 03:14:48,46,False,2.7
SHP-000430,BAT-000430,Chișinău Local,Domestic,Insulated Van,2024-11-30 16:37:48,2024-11-30 20:37:48,4.0,2024-11-30 16:40:48,2024-11-30 20:40:48,3,False,3.2
SHP-000431,BAT-000431,Bucharest,Romania,Reefer Truck,2025-03-04 14:32:24,2025-03-05 04:32:24,14.0,2025-03-04 16:16:24,2025-03-05 06:16:24,104,False,2.7
SHP-000432,BAT-000432,Berlin,Western Europe,Reefer Truck,2024-12-28 15:24:36,2024-12-30 05:24:36,38.0,2024-12-28 17:24:36,2024-12-30 10:30:36,306,False,4.4
SHP-000433,BAT-000433,Chișinău Local,Domestic,Insulated Van,2025-02-07 17:13:12,2025-02-07 21:13:12,4.0,2025-02-07 17:26:12,2025-02-07 21:26:12,13,False,2.8
SHP-000434,BAT-000434,Berlin,Western Europe,Reefer Truck,2024-12-01 15:08:24,2024-12-03 05:08:24,38.0,2024-12-01 17:08:24,2024-12-03 10:15:24,307,False,3.1
SHP-000435,BAT-000435,Iași,Romania,Insulated Van,2024-08-05 17:18:00,2024-08-06 01:18:00,8.0,2024-08-05 18:39:00,2024-08-06 02:39:00,81,False,4.1
SHP-000436,BAT-000436,Iași,Romania,Insulated Van,2025-01-05 15:01:12,2025-01-05 23:01:12,8.0,2025-01-05 15:06:12,2025-01-05 23:06:12,5,False,3.3
SHP-000437,BAT-000437,Bucharest,Romania,Reefer Truck,2024-11-22 15:59:24,2024-11-23 05:59:24,14.0,2024-11-22 16:08:24,2024-11-23 06:08:24,9,False,3.0
SHP-000438,BAT-000438,Chișinău Local,Domestic,Insulated Van,2024-11-04 19:40:48,2024-11-04 23:40:48,4.0,2024-11-04 20:34:48,2024-11-05 00:34:48,54,False,3.0
SHP-000439,BAT-000439,Chișinău Local,Domestic,Insulated Van,2025-02-14 21:52:12,2025-02-15 01:52:12,4.0,2025-02-14 21:58:12,2025-02-15 01:58:12,6,False,4.4
SHP-000440,BAT-000440,Iași,Romania,Insulated Van,2024-11-19 18:42:36,2024-11-20 02:42:36,8.0,2024-11-19 18:42:36,2024-11-20 02:42:36,0,False,3.8
SHP-000441,BAT-000441,Berlin,Western Europe,Reefer Truck,2024-12-27 11:09:00,2024-12-29 01:09:00,38.0,2024-12-27 11:09:00,2024-12-29 01:09:00,0,False,3.0
SHP-000442,BAT-000442,Prague,Central Europe,Reefer Truck,2024-12-31 16:07:48,2025-01-02 00:07:48,32.0,2024-12-31 17:01:48,2025-01-02 01:01:48,54,False,3.0
SHP-000443,BAT-000443,Brașov,Romania,Reefer Truck,2024-11-04 13:33:00,2024-11-05 05:33:00,16.0,2024-11-04 13:41:00,2024-11-05 05:41:00,8,False,4.1
SHP-000444,BAT-000444,Chișinău Local,Domestic,Insulated Van,2024-09-13 19:06:00,2024-09-13 23:06:00,4.0,2024-09-13 19:16:00,2024-09-13 23:16:00,10,False,2.9
SHP-000445,BAT-000445,Brașov,Romania,Reefer Truck,2024-11-11 14:45:36,2024-11-12 06:45:36,16.0,2024-11-11 16:45:36,2024-11-12 15:02:36,497,False,3.6
SHP-000446,BAT-000446,Bălți Wholesale,Domestic,Ambient Truck,2024-09-23 21:19:48,2024-09-24 02:19:48,5.0,2024-09-23 21:38:48,2024-09-24 02:38:48,19,True,28.9
SHP-000447,BAT-000447,Chișinău Local,Domestic,Insulated Van,2024-09-03 17:23:24,2024-09-03 21:23:24,4.0,2024-09-03 17:23:24,2024-09-03 21:23:24,0,False,3.4
SHP-000448,BAT-000448,Chișinău Local,Domestic,Insulated Van,2024-11-09 15:59:24,2024-11-09 19:59:24,4.0,2024-11-09 16:25:24,2024-11-09 20:25:24,26,False,3.5
SHP-000449,BAT-000449,Prague,Central Europe,Reefer Truck,2024-11-21 18:39:00,2024-11-23 02:39:00,32.0,2024-11-21 18:56:00,2024-11-23 02:56:00,17,False,3.1
SHP-000450,BAT-000450,Bucharest,Romania,Reefer Truck,2024-05-30 13:43:48,2024-05-31 03:43:48,14.0,2024-05-30 14:47:48,2024-05-31 04:47:48,64,False,3.8
SHP-000451,BAT-000451,Berlin,Western Europe,Reefer Truck,2025-03-09 21:52:12,2025-03-11 11:52:12,38.0,2025-03-09 22:05:12,2025-03-11 12:05:12,13,False,4.4
SHP-000452,BAT-000452,Prague,Central Europe,Reefer Truck,2024-07-10 13:19:12,2024-07-11 21:19:12,32.0,2024-07-10 15:19:12,2024-07-12 04:41:12,442,False,3.7
SHP-000453,BAT-000453,Bucharest,Romania,Reefer Truck,2024-08-20 13:15:36,2024-08-21 03:15:36,14.0,2024-08-20 14:39:36,2024-08-21 04:39:36,84,False,2.8
SHP-000454,BAT-000454,Iași,Romania,Insulated Van,2025-01-11 17:45:36,2025-01-12 01:45:36,8.0,2025-01-11 17:45:36,2025-01-12 01:45:36,0,False,2.6
SHP-000455,BAT-000455,Bălți Wholesale,Domestic,Ambient Truck,2025-01-07 17:19:48,2025-01-07 22:19:48,5.0,2025-01-07 17:30:48,2025-01-07 22:30:48,11,False,18.2
SHP-000456,BAT-000456,Bucharest,Romania,Reefer Truck,2025-01-21 12:36:36,2025-01-22 02:36:36,14.0,2025-01-21 13:33:36,2025-01-22 03:33:36,57,False,2.7
SHP-000457,BAT-000457,Brașov,Romania,Reefer Truck,2025-01-18 13:00:36,2025-01-19 05:00:36,16.0,2025-01-18 13:00:36,2025-01-19 05:00:36,0,False,2.5
SHP-000458,BAT-000458,Prague,Central Europe,Reefer Truck,2025-01-21 16:38:24,2025-01-23 00:38:24,32.0,2025-01-21 16:55:24,2025-01-23 00:55:24,17,False,3.0
SHP-000459,BAT-000459,Brașov,Romania,Reefer Truck,2024-09-20 20:51:00,2024-09-21 12:51:00,16.0,2024-09-20 20:51:00,2024-09-21 12:51:00,0,False,4.0
SHP-000460,BAT-000460,Iași,Romania,Reefer Truck,2024-07-02 13:44:24,2024-07-02 21:44:24,8.0,2024-07-02 14:55:24,2024-07-02 22:55:24,71,False,3.4
SHP-000461,BAT-000461,Iași,Romania,Insulated Van,2024-09-01 16:44:24,2024-09-02 00:44:24,8.0,2024-09-01 16:51:24,2024-09-02 00:51:24,7,False,4.4
SHP-000462,BAT-000462,Berlin,Western Europe,Reefer Truck,2024-12-26 23:01:12,2024-12-28 13:01:12,38.0,2024-12-26 23:05:12,2024-12-28 13:05:12,4,False,3.8
SHP-000463,BAT-000463,Prague,Central Europe,Reefer Truck,2024-09-04 19:48:36,2024-09-06 03:48:36,32.0,2024-09-04 21:48:36,2024-09-06 11:13:36,445,False,3.1
SHP-000464,BAT-000464,Chișinău Local,Domestic,Insulated Van,2024-12-14 18:00:36,2024-12-14 22:00:36,4.0,2024-12-14 18:11:36,2024-12-14 22:11:36,11,False,4.0
SHP-000465,BAT-000465,Iași,Romania,Insulated Van,2024-10-25 18:49:48,2024-10-26 02:49:48,8.0,2024-10-25 19:52:48,2024-10-26 03:52:48,63,False,3.1
SHP-000466,BAT-000466,Berlin,Western Europe,Reefer Truck,2024-11-17 21:46:12,2024-11-19 11:46:12,38.0,2024-11-17 21:46:12,2024-11-19 11:46:12,0,False,4.1
SHP-000467,BAT-000467,Bălți Wholesale,Domestic,Ambient Truck,2025-01-08 17:01:48,2025-01-08 22:01:48,5.0,2025-01-08 17:45:48,2025-01-08 22:45:48,44,False,22.0
SHP-000468,BAT-000468,Berlin,Western Europe,Reefer Truck,2024-09-27 13:50:24,2024-09-29 03:50:24,38.0,2024-09-27 14:45:24,2024-09-29 04:45:24,55,False,3.0
SHP-000469,BAT-000469,Iași,Romania,Insulated Van,2025-01-13 18:17:24,2025-01-14 02:17:24,8.0,2025-01-13 19:14:24,2025-01-14 03:14:24,57,False,4.1
SHP-000470,BAT-000470,Prague,Central Europe,Reefer Truck,2024-10-04 11:57:00,2024-10-05 19:57:00,32.0,2024-10-04 11:57:00,2024-10-05 19:57:00,0,False,2.5
SHP-000471,BAT-000471,Chișinău Local,Domestic,Insulated Van,2025-01-01 22:12:36,2025-01-02 02:12:36,4.0,2025-01-02 00:12:36,2025-01-02 04:50:36,158,False,4.5
SHP-000472,BAT-000472,Prague,Central Europe,Reefer Truck,2024-10-20 15:35:24,2024-10-21 23:35:24,32.0,2024-10-20 16:22:24,2024-10-22 00:22:24,47,False,4.1
SHP-000473,BAT-000473,Bucharest,Romania,Reefer Truck,2024-10-26 19:31:12,2024-10-27 09:31:12,14.0,2024-10-26 19:32:12,2024-10-27 09:32:12,1,False,2.6
SHP-000474,BAT-000474,Prague,Central Europe,Reefer Truck,2024-10-10 20:15:36,2024-10-12 04:15:36,32.0,2024-10-10 20:20:36,2024-10-12 04:20:36,5,False,3.0
SHP-000475,BAT-000475,Warsaw,Central Europe,Reefer Truck,2024-11-06 16:37:12,2024-11-07 20:37:12,28.0,2024-11-06 17:55:12,2024-11-07 21:55:12,78,False,3.1
SHP-000476,BAT-000476,Prague,Central Europe,Reefer Truck,2024-11-16 18:02:24,2024-11-18 02:02:24,32.0,2024-11-16 18:15:24,2024-11-18 02:15:24,13,False,3.8
SHP-000477,BAT-000477,Bălți Wholesale,Domestic,Ambient Truck,2024-11-17 14:06:36,2024-11-17 19:06:36,5.0,2024-11-17 14:06:36,2024-11-17 19:06:36,0,False,16.7
SHP-000478,BAT-000478,Iași,Romania,Insulated Van,2024-08-15 20:54:00,2024-08-16 04:54:00,8.0,2024-08-15 21:35:00,2024-08-16 05:35:00,41,False,4.5
SHP-000479,BAT-000479,Brașov,Romania,Reefer Truck,2024-12-16 14:21:00,2024-12-17 06:21:00,16.0,2024-12-16 14:52:00,2024-12-17 06:52:00,31,False,4.0
SHP-000480,BAT-000480,Brașov,Romania,Reefer Truck,2024-08-06 13:59:24,2024-08-07 05:59:24,16.0,2024-08-06 15:32:24,2024-08-07 07:32:24,93,False,4.4
SHP-000481,BAT-000481,Prague,Central Europe,Reefer Truck,2024-12-09 14:24:00,2024-12-10 22:24:00,32.0,2024-12-09 14:57:00,2024-12-10 22:57:00,33,False,2.9
SHP-000482,BAT-000482,Chișinău Local,Domestic,Insulated Van,2025-01-25 21:10:48,2025-01-26 01:10:48,4.0,2025-01-25 21:10:48,2025-01-26 01:10:48,0,True,22.9
SHP-000483,BAT-000483,Berlin,Western Europe,Reefer Truck,2025-03-02 20:09:36,2025-03-04 10:09:36,38.0,2025-03-02 21:51:36,2025-03-04 11:51:36,102,False,2.7
SHP-000484,BAT-000484,Prague,Central Europe,Reefer Truck,2024-10-13 12:52:12,2024-10-14 20:52:12,32.0,2024-10-13 14:16:12,2024-10-14 22:16:12,84,False,3.1
SHP-000485,BAT-000485,Bucharest,Romania,Reefer Truck,2024-08-27 18:15:36,2024-08-28 08:15:36,14.0,2024-08-27 18:15:36,2024-08-28 08:15:36,0,False,3.8
SHP-000486,BAT-000486,Iași,Romania,Insulated Van,2025-01-10 19:03:00,2025-01-11 03:03:00,8.0,2025-01-10 19:29:00,2025-01-11 03:29:00,26,False,4.0
SHP-000487,BAT-000487,Brașov,Romania,Reefer Truck,2024-09-27 22:52:48,2024-09-28 14:52:48,16.0,2024-09-27 23:58:48,2024-09-28 15:58:48,66,False,4.2
SHP-000488,BAT-000488,Brașov,Romania,Reefer Truck,2025-02-13 18:51:36,2025-02-14 10:51:36,16.0,2025-02-13 18:58:36,2025-02-14 10:58:36,7,False,4.3
SHP-000489,BAT-000489,Bălți Wholesale,Domestic,Ambient Truck,2025-02-18 20:33:36,2025-02-19 01:33:36,5.0,2025-02-18 21:05:36,2025-02-19 02:05:36,32,False,18.5
SHP-000490,BAT-000490,Iași,Romania,Insulated Van,2024-10-27 21:40:12,2024-10-28 05:40:12,8.0,2024-10-27 22:33:12,2024-10-28 06:33:12,53,False,2.9
SHP-000491,BAT-000491,Brașov,Romania,Reefer Truck,2024-08-12 14:11:24,2024-08-13 06:11:24,16.0,2024-08-12 14:17:24,2024-08-13 06:17:24,6,False,3.0
SHP-000492,BAT-000492,Berlin,Western Europe,Reefer Truck,2024-11-19 19:18:36,2024-11-21 09:18:36,38.0,2024-11-19 21:18:36,2024-11-21 12:31:36,193,False,2.8
SHP-000493,BAT-000493,Bucharest,Romania,Reefer Truck,2024-08-29 19:41:24,2024-08-30 09:41:24,14.0,2024-08-29 21:41:24,2024-08-30 22:31:24,770,False,2.6
SHP-000494,BAT-000494,Warsaw,Central Europe,Reefer Truck,2024-12-11 14:30:00,2024-12-12 18:30:00,28.0,2024-12-11 15:25:00,2024-12-12 19:25:00,55,True,20.0
SHP-000495,BAT-000495,Bucharest,Romania,Reefer Truck,2024-12-19 13:30:00,2024-12-20 03:30:00,14.0,2024-12-19 14:12:00,2024-12-20 04:12:00,42,False,2.6
SHP-000496,BAT-000496,Iași,Romania,Insulated Van,2024-12-09 14:21:00,2024-12-09 22:21:00,8.0,2024-12-09 14:33:00,2024-12-09 22:33:00,12,False,2.7
SHP-000497,BAT-000497,Berlin,Western Europe,Reefer Truck,2024-12-30 13:46:12,2025-01-01 03:46:12,38.0,2024-12-30 14:35:12,2025-01-01 04:35:12,49,False,3.2
SHP-000498,BAT-000498,Warsaw,Central Europe,Reefer Truck,2024-11-04 23:10:12,2024-11-06 03:10:12,28.0,2024-11-04 23:55:12,2024-11-06 03:55:12,45,False,3.0
SHP-000499,BAT-000499,Berlin,Western Europe,Reefer Truck,2024-11-11 17:51:00,2024-11-13 07:51:00,38.0,2024-11-11 19:01:00,2024-11-13 09:01:00,70,False,4.0
SHP-000500,BAT-000500,Bucharest,Romania,Reefer Truck,2024-11-29 21:53:24,2024-11-30 11:53:24,14.0,2024-11-29 21:53:24,2024-11-30 11:53:24,0,False,4.3
SHP-000501,BAT-000501,Warsaw,Central Europe,Reefer Truck,2024-12-03 17:45:36,2024-12-04 21:45:36,28.0,2024-12-03 18:26:36,2024-12-04 22:26:36,41,False,3.0
SHP-000502,BAT-000502,Berlin,Western Europe,Reefer Truck,2024-10-11 21:18:36,2024-10-13 11:18:36,38.0,2024-10-11 21:18:36,2024-10-13 11:18:36,0,False,2.8
SHP-000503,BAT-000503,Berlin,Western Europe,Reefer Truck,2024-09-01 21:13:12,2024-09-03 11:13:12,38.0,2024-09-01 22:54:12,2024-09-03 12:54:12,101,False,3.0
SHP-000504,BAT-000504,Berlin,Western Europe,Reefer Truck,2024-10-19 18:09:00,2024-10-21 08:09:00,38.0,2024-10-19 18:26:00,2024-10-21 08:26:00,17,False,4.2
SHP-000505,BAT-000505,Warsaw,Central Europe,Reefer Truck,2024-12-21 17:47:24,2024-12-22 21:47:24,28.0,2024-12-21 19:47:24,2024-12-23 03:21:24,334,False,3.6
SHP-000506,BAT-000506,Bucharest,Romania,Reefer Truck,2024-09-15 14:48:36,2024-09-16 04:48:36,14.0,2024-09-15 16:26:36,2024-09-16 06:26:36,98,False,4.0
SHP-000507,BAT-000507,Warsaw,Central Europe,Reefer Truck,2024-09-21 13:55:12,2024-09-22 17:55:12,28.0,2024-09-21 15:44:12,2024-09-22 19:44:12,109,False,3.4
SHP-000508,BAT-000508,Prague,Central Europe,Reefer Truck,2024-11-28 16:34:12,2024-11-30 00:34:12,32.0,2024-11-28 16:47:12,2024-11-30 00:47:12,13,True,21.8
SHP-000509,BAT-000509,Bălți Wholesale,Domestic,Ambient Truck,2025-01-04 14:05:24,2025-01-04 19:05:24,5.0,2025-01-04 14:05:24,2025-01-04 19:05:24,0,False,17.2
SHP-000510,BAT-000510,Chișinău Local,Domestic,Insulated Van,2024-12-13 15:48:36,2024-12-13 19:48:36,4.0,2024-12-13 15:56:36,2024-12-13 19:56:36,8,False,4.3
SHP-000511,BAT-000511,Chișinău Local,Domestic,Insulated Van,2024-10-03 19:21:36,2024-10-03 23:21:36,4.0,2024-10-03 21:21:36,2024-10-04 01:33:36,132,False,3.1
SHP-000512,BAT-000512,Chișinău Local,Domestic,Insulated Van,2025-02-25 14:51:00,2025-02-25 18:51:00,4.0,2025-02-25 14:59:00,2025-02-25 18:59:00,8,False,3.0
SHP-000513,BAT-000513,Prague,Central Europe,Reefer Truck,2024-11-29 19:01:48,2024-12-01 03:01:48,32.0,2024-11-29 20:27:48,2024-12-01 04:27:48,86,False,3.3
SHP-000514,BAT-000514,Prague,Central Europe,Reefer Truck,2024-10-20 19:56:24,2024-10-22 03:56:24,32.0,2024-10-20 21:52:24,2024-10-22 05:52:24,116,False,3.6
SHP-000515,BAT-000515,Bucharest,Romania,Reefer Truck,2024-11-04 21:22:48,2024-11-05 11:22:48,14.0,2024-11-04 22:42:48,2024-11-05 12:42:48,80,False,3.5
SHP-000516,BAT-000516,Prague,Central Europe,Reefer Truck,2024-09-23 19:03:36,2024-09-25 03:03:36,32.0,2024-09-23 19:15:36,2024-09-25 03:15:36,12,False,3.8
SHP-000517,BAT-000517,Chișinău Local,Domestic,Insulated Van,2024-12-23 12:21:36,2024-12-23 16:21:36,4.0,2024-12-23 14:13:36,2024-12-23 18:13:36,112,False,3.9
SHP-000518,BAT-000518,Warsaw,Central Europe,Reefer Truck,2025-01-20 15:37:48,2025-01-21 19:37:48,28.0,2025-01-20 15:42:48,2025-01-21 19:42:48,5,True,15.5
SHP-000519,BAT-000519,Chișinău Local,Domestic,Insulated Van,2024-12-02 12:29:24,2024-12-02 16:29:24,4.0,2024-12-02 12:34:24,2024-12-02 16:34:24,5,False,3.4
SHP-000520,BAT-000520,Berlin,Western Europe,Reefer Truck,2024-11-27 21:50:24,2024-11-29 11:50:24,38.0,2024-11-27 22:18:24,2024-11-29 12:18:24,28,False,3.3
SHP-000521,BAT-000521,Berlin,Western Europe,Reefer Truck,2024-11-14 18:42:00,2024-11-16 08:42:00,38.0,2024-11-14 18:56:00,2024-11-16 08:56:00,14,False,4.0
SHP-000522,BAT-000522,Warsaw,Central Europe,Reefer Truck,2024-11-23 19:44:24,2024-11-24 23:44:24,28.0,2024-11-23 19:44:24,2024-11-24 23:44:24,0,False,4.2
SHP-000523,BAT-000523,Chișinău Local,Domestic,Insulated Van,2024-12-02 19:12:00,2024-12-02 23:12:00,4.0,2024-12-02 20:01:00,2024-12-03 00:01:00,49,False,3.3
SHP-000524,BAT-000524,Brașov,Romania,Reefer Truck,2024-12-01 21:24:00,2024-12-02 13:24:00,16.0,2024-12-01 21:24:00,2024-12-02 13:24:00,0,False,2.6
SHP-000525,BAT-000525,Bucharest,Romania,Reefer Truck,2024-11-08 17:39:00,2024-11-09 07:39:00,14.0,2024-11-08 17:40:00,2024-11-09 07:40:00,1,False,3.1
SHP-000526,BAT-000526,Berlin,Western Europe,Reefer Truck,2024-06-24 15:53:24,2024-06-26 05:53:24,38.0,2024-06-24 16:02:24,2024-06-26 06:02:24,9,False,3.0
SHP-000527,BAT-000527,Chișinău Local,Domestic,Insulated Van,2024-10-30 16:30:00,2024-10-30 20:30:00,4.0,2024-10-30 16:40:00,2024-10-30 20:40:00,10,False,3.4
SHP-000528,BAT-000528,Bălți Wholesale,Domestic,Ambient Truck,2025-01-22 12:12:00,2025-01-22 17:12:00,5.0,2025-01-22 12:12:00,2025-01-22 17:12:00,0,False,18.0
SHP-000529,BAT-000529,Berlin,Western Europe,Reefer Truck,2024-06-12 15:31:12,2024-06-14 05:31:12,38.0,2024-06-12 15:31:12,2024-06-14 05:31:12,0,False,4.1
SHP-000530,BAT-000530,Berlin,Western Europe,Reefer Truck,2024-12-02 14:17:24,2024-12-04 04:17:24,38.0,2024-12-02 16:17:24,2024-12-04 07:30:24,193,False,3.0
SHP-000531,BAT-000531,Bucharest,Romania,Reefer Truck,2024-11-24 18:47:24,2024-11-25 08:47:24,14.0,2024-11-24 20:47:24,2024-11-25 19:14:24,627,False,2.6
SHP-000532,BAT-000532,Iași,Romania,Insulated Van,2024-09-19 17:10:48,2024-09-20 01:10:48,8.0,2024-09-19 18:58:48,2024-09-20 02:58:48,108,False,3.6
SHP-000533,BAT-000533,Berlin,Western Europe,Reefer Truck,2024-11-03 18:07:12,2024-11-05 08:07:12,38.0,2024-11-03 18:33:12,2024-11-05 08:33:12,26,False,2.6
SHP-000534,BAT-000534,Prague,Central Europe,Reefer Truck,2024-11-30 18:04:12,2024-12-02 02:04:12,32.0,2024-11-30 20:04:12,2024-12-02 11:46:12,582,False,3.6
SHP-000535,BAT-000535,Bălți Wholesale,Domestic,Ambient Truck,2025-02-23 16:01:12,2025-02-23 21:01:12,5.0,2025-02-23 17:42:12,2025-02-23 22:42:12,101,False,18.0
SHP-000536,BAT-000536,Bucharest,Romania,Reefer Truck,2024-12-28 15:02:24,2024-12-29 05:02:24,14.0,2024-12-28 15:16:24,2024-12-29 05:16:24,14,False,2.8
SHP-000537,BAT-000537,Bucharest,Romania,Reefer Truck,2024-07-29 20:49:12,2024-07-30 10:49:12,14.0,2024-07-29 20:49:12,2024-07-30 10:49:12,0,True,23.8
SHP-000538,BAT-000538,Warsaw,Central Europe,Reefer Truck,2024-12-31 17:06:00,2025-01-01 21:06:00,28.0,2024-12-31 19:06:00,2025-01-02 05:08:00,482,False,3.8
SHP-000539,BAT-000539,Prague,Central Europe,Reefer Truck,2024-12-12 17:53:24,2024-12-14 01:53:24,32.0,2024-12-12 18:10:24,2024-12-14 02:10:24,17,False,2.6
SHP-000540,BAT-000540,Warsaw,Central Europe,Reefer Truck,2024-12-05 14:30:00,2024-12-06 18:30:00,28.0,2024-12-05 15:22:00,2024-12-06 19:22:00,52,False,4.0
SHP-000541,BAT-000541,Prague,Central Europe,Reefer Truck,2025-02-09 15:25:48,2025-02-10 23:25:48,32.0,2025-02-09 15:31:48,2025-02-10 23:31:48,6,False,3.7
SHP-000542,BAT-000542,Brașov,Romania,Reefer Truck,2024-12-20 21:23:24,2024-12-21 13:23:24,16.0,2024-12-20 22:55:24,2024-12-21 14:55:24,92,False,3.1
SHP-000543,BAT-000543,Berlin,Western Europe,Reefer Truck,2024-10-28 14:59:24,2024-10-30 04:59:24,38.0,2024-10-28 14:59:24,2024-10-30 04:59:24,0,False,3.2
SHP-000544,BAT-000544,Bucharest,Romania,Reefer Truck,2025-01-02 13:33:36,2025-01-03 03:33:36,14.0,2025-01-02 14:05:36,2025-01-03 04:05:36,32,False,2.7
SHP-000545,BAT-000545,Iași,Romania,Insulated Van,2025-02-16 15:45:00,2025-02-16 23:45:00,8.0,2025-02-16 17:45:00,2025-02-17 09:28:00,583,False,4.1
SHP-000546,BAT-000546,Berlin,Western Europe,Reefer Truck,2025-01-13 14:49:12,2025-01-15 04:49:12,38.0,2025-01-13 15:00:12,2025-01-15 05:00:12,11,True,21.9
SHP-000547,BAT-000547,Berlin,Western Europe,Reefer Truck,2024-11-26 18:10:48,2024-11-28 08:10:48,38.0,2024-11-26 18:10:48,2024-11-28 08:10:48,0,False,3.3
SHP-000548,BAT-000548,Warsaw,Central Europe,Reefer Truck,2024-12-16 19:33:36,2024-12-17 23:33:36,28.0,2024-12-16 20:32:36,2024-12-18 00:32:36,59,False,3.3
SHP-000549,BAT-000549,Brașov,Romania,Reefer Truck,2024-08-30 13:07:12,2024-08-31 05:07:12,16.0,2024-08-30 15:07:12,2024-08-31 07:51:12,164,False,3.3
SHP-000550,BAT-000550,Berlin,Western Europe,Reefer Truck,2024-11-28 17:04:12,2024-11-30 07:04:12,38.0,2024-11-28 17:04:12,2024-11-30 07:04:12,0,False,3.7
SHP-000551,BAT-000551,Prague,Central Europe,Reefer Truck,2025-01-01 15:43:12,2025-01-02 23:43:12,32.0,2025-01-01 15:51:12,2025-01-02 23:51:12,8,False,3.3
SHP-000552,BAT-000552,Warsaw,Central Europe,Reefer Truck,2024-12-26 14:53:24,2024-12-27 18:53:24,28.0,2024-12-26 14:53:24,2024-12-27 18:53:24,0,False,3.3
SHP-000553,BAT-000553,Brașov,Romania,Reefer Truck,2025-03-17 19:43:48,2025-03-18 11:43:48,16.0,2025-03-17 19:43:48,2025-03-18 11:43:48,0,False,2.7
SHP-000554,BAT-000554,Prague,Central Europe,Reefer Truck,2024-09-07 16:36:36,2024-09-09 00:36:36,32.0,2024-09-07 17:15:36,2024-09-09 01:15:36,39,False,4.2
SHP-000555,BAT-000555,Prague,Central Europe,Reefer Truck,2024-12-08 20:31:12,2024-12-10 04:31:12,32.0,2024-12-08 20:31:12,2024-12-10 04:31:12,0,False,3.7
SHP-000556,BAT-000556,Warsaw,Central Europe,Reefer Truck,2024-09-05 16:27:36,2024-09-06 20:27:36,28.0,2024-09-05 17:19:36,2024-09-06 21:19:36,52,False,3.9
SHP-000557,BAT-000557,Bălți Wholesale,Domestic,Ambient Truck,2024-07-15 14:29:24,2024-07-15 19:29:24,5.0,2024-07-15 14:57:24,2024-07-15 19:57:24,28,False,17.5
SHP-000558,BAT-000558,Warsaw,Central Europe,Reefer Truck,2024-11-21 14:18:36,2024-11-22 18:18:36,28.0,2024-11-21 15:06:36,2024-11-22 19:06:36,48,False,2.9
SHP-000559,BAT-000559,Chișinău Local,Domestic,Insulated Van,2025-01-06 16:27:36,2025-01-06 20:27:36,4.0,2025-01-06 18:19:36,2025-01-06 22:19:36,112,False,2.9
SHP-000560,BAT-000560,Warsaw,Central Europe,Reefer Truck,2024-07-30 14:37:12,2024-07-31 18:37:12,28.0,2024-07-30 16:05:12,2024-07-31 20:05:12,88,False,3.2
SHP-000561,BAT-000561,Prague,Central Europe,Reefer Truck,2024-12-26 19:29:24,2024-12-28 03:29:24,32.0,2024-12-26 19:39:24,2024-12-28 03:39:24,10,False,3.0
SHP-000562,BAT-000562,Brașov,Romania,Reefer Truck,2024-08-03 11:57:00,2024-08-04 03:57:00,16.0,2024-08-03 12:04:00,2024-08-04 04:04:00,7,False,2.9
SHP-000563,BAT-000563,Prague,Central Europe,Reefer Truck,2024-06-18 16:18:36,2024-06-20 00:18:36,32.0,2024-06-18 16:33:36,2024-06-20 00:33:36,15,False,4.1
SHP-000564,BAT-000564,Warsaw,Central Europe,Reefer Truck,2024-05-27 17:08:24,2024-05-28 21:08:24,28.0,2024-05-27 19:08:24,2024-05-28 23:46:24,158,False,4.1
SHP-000565,BAT-000565,Chișinău Local,Domestic,Reefer Truck,2024-07-03 21:45:00,2024-07-04 01:45:00,4.0,2024-07-03 21:54:00,2024-07-04 01:54:00,9,False,4.5
SHP-000566,BAT-000566,Bălți Wholesale,Domestic,Ambient Truck,2025-01-19 13:15:36,2025-01-19 18:15:36,5.0,2025-01-19 13:18:36,2025-01-19 18:18:36,3,False,16.6
SHP-000567,BAT-000567,Prague,Central Europe,Reefer Truck,2024-08-26 18:01:48,2024-08-28 02:01:48,32.0,2024-08-26 18:37:48,2024-08-28 02:37:48,36,False,3.5
SHP-000568,BAT-000568,Chișinău Local,Domestic,Insulated Van,2024-08-10 23:03:00,2024-08-11 03:03:00,4.0,2024-08-10 23:12:00,2024-08-11 03:12:00,9,False,4.0
SHP-000569,BAT-000569,Chișinău Local,Domestic,Reefer Truck,2024-05-28 21:46:48,2024-05-29 01:46:48,4.0,2024-05-28 21:51:48,2024-05-29 01:51:48,5,False,3.9
SHP-000570,BAT-000570,Brașov,Romania,Reefer Truck,2024-12-06 15:34:12,2024-12-07 07:34:12,16.0,2024-12-06 15:34:12,2024-12-07 07:34:12,0,False,3.7
SHP-000571,BAT-000571,Bucharest,Romania,Reefer Truck,2025-01-08 14:22:12,2025-01-09 04:22:12,14.0,2025-01-08 15:27:12,2025-01-09 05:27:12,65,False,3.5
SHP-000572,BAT-000572,Iași,Romania,Insulated Van,2024-11-28 15:28:12,2024-11-28 23:28:12,8.0,2024-11-28 15:28:12,2024-11-28 23:28:12,0,False,3.2
SHP-000573,BAT-000573,Berlin,Western Europe,Reefer Truck,2025-01-25 22:44:24,2025-01-27 12:44:24,38.0,2025-01-25 23:31:24,2025-01-27 13:31:24,47,False,3.2
SHP-000574,BAT-000574,Berlin,Western Europe,Reefer Truck,2024-10-25 11:48:36,2024-10-27 01:48:36,38.0,2024-10-25 11:48:36,2024-10-27 01:48:36,0,False,4.0
SHP-000575,BAT-000575,Warsaw,Central Europe,Reefer Truck,2024-12-05 13:55:12,2024-12-06 17:55:12,28.0,2024-12-05 14:00:12,2024-12-06 18:00:12,5,False,3.6
SHP-000576,BAT-000576,Bălți Wholesale,Domestic,Ambient Truck,2024-12-01 14:29:24,2024-12-01 19:29:24,5.0,2024-12-01 15:21:24,2024-12-01 20:21:24,52,False,18.4
SHP-000577,BAT-000577,Bălți Wholesale,Domestic,Ambient Truck,2024-12-08 15:12:36,2024-12-08 20:12:36,5.0,2024-12-08 15:29:36,2024-12-08 20:29:36,17,False,18.0
SHP-000578,BAT-000578,Brașov,Romania,Reefer Truck,2025-01-07 19:19:12,2025-01-08 11:19:12,16.0,2025-01-07 20:00:12,2025-01-08 12:00:12,41,False,3.3
SHP-000579,BAT-000579,Bălți Wholesale,Domestic,Ambient Truck,2024-10-17 12:21:00,2024-10-17 17:21:00,5.0,2024-10-17 12:46:00,2024-10-17 17:46:00,25,False,18.0
SHP-000580,BAT-000580,Prague,Central Europe,Reefer Truck,2025-01-02 14:47:24,2025-01-03 22:47:24,32.0,2025-01-02 14:47:24,2025-01-03 22:47:24,0,False,2.6
SHP-000581,BAT-000581,Chișinău Local,Domestic,Insulated Van,2024-09-05 16:47:24,2024-09-05 20:47:24,4.0,2024-09-05 16:47:24,2024-09-05 20:47:24,0,False,3.9
SHP-000582,BAT-000582,Bălți Wholesale,Domestic,Ambient Truck,2024-12-02 15:52:48,2024-12-02 20:52:48,5.0,2024-12-02 16:23:48,2024-12-02 21:23:48,31,False,23.7
SHP-000583,BAT-000583,Warsaw,Central Europe,Reefer Truck,2024-12-11 18:41:24,2024-12-12 22:41:24,28.0,2024-12-11 18:42:24,2024-12-12 22:42:24,1,True,23.6
SHP-000584,BAT-000584,Iași,Romania,Insulated Van,2024-11-11 14:39:00,2024-11-11 22:39:00,8.0,2024-11-11 15:25:00,2024-11-11 23:25:00,46,False,3.1
SHP-000585,BAT-000585,Bucharest,Romania,Reefer Truck,2024-10-04 20:03:00,2024-10-05 10:03:00,14.0,2024-10-04 20:03:00,2024-10-05 10:03:00,0,False,2.7
SHP-000586,BAT-000586,Prague,Central Europe,Reefer Truck,2024-06-07 22:33:00,2024-06-09 06:33:00,32.0,2024-06-07 22:57:00,2024-06-09 06:57:00,24,False,3.2
SHP-000587,BAT-000587,Iași,Romania,Insulated Van,2025-02-22 15:25:12,2025-02-22 23:25:12,8.0,2025-02-22 15:25:12,2025-02-22 23:25:12,0,False,4.0
SHP-000588,BAT-000588,Brașov,Romania,Reefer Truck,2024-06-27 22:31:12,2024-06-28 14:31:12,16.0,2024-06-27 22:31:12,2024-06-28 14:31:12,0,False,4.4
SHP-000589,BAT-000589,Prague,Central Europe,Reefer Truck,2025-03-20 17:54:36,2025-03-22 01:54:36,32.0,2025-03-20 17:54:36,2025-03-22 01:54:36,0,False,3.2
SHP-000590,BAT-000590,Berlin,Western Europe,Reefer Truck,2024-12-03 16:52:48,2024-12-05 06:52:48,38.0,2024-12-03 16:59:48,2024-12-05 06:59:48,7,False,4.0
SHP-000591,BAT-000591,Iași,Romania,Insulated Van,2025-01-06 23:14:24,2025-01-07 07:14:24,8.0,2025-01-06 23:56:24,2025-01-07 07:56:24,42,False,4.1
SHP-000592,BAT-000592,Brașov,Romania,Reefer Truck,2024-12-09 13:29:24,2024-12-10 05:29:24,16.0,2024-12-09 14:00:24,2024-12-10 06:00:24,31,False,2.8
SHP-000593,BAT-000593,Brașov,Romania,Reefer Truck,2025-01-20 17:18:36,2025-01-21 09:18:36,16.0,2025-01-20 18:00:36,2025-01-21 10:00:36,42,False,4.4
SHP-000594,BAT-000594,Chișinău Local,Domestic,Insulated Van,2024-11-11 14:46:12,2024-11-11 18:46:12,4.0,2024-11-11 14:58:12,2024-11-11 18:58:12,12,False,4.0
SHP-000595,BAT-000595,Iași,Romania,Insulated Van,2025-02-01 19:08:24,2025-02-02 03:08:24,8.0,2025-02-01 19:10:24,2025-02-02 03:10:24,2,False,4.1
SHP-000596,BAT-000596,Berlin,Western Europe,Reefer Truck,2024-10-22 19:06:00,2024-10-24 09:06:00,38.0,2024-10-22 19:06:00,2024-10-24 09:06:00,0,False,3.5
SHP-000597,BAT-000597,Prague,Central Europe,Reefer Truck,2024-11-16 11:48:00,2024-11-17 19:48:00,32.0,2024-11-16 12:00:00,2024-11-17 20:00:00,12,False,3.1
SHP-000598,BAT-000598,Bucharest,Romania,Reefer Truck,2024-11-14 19:54:36,2024-11-15 09:54:36,14.0,2024-11-14 20:01:36,2024-11-15 10:01:36,7,False,4.3
SHP-000599,BAT-000599,Warsaw,Central Europe,Reefer Truck,2024-11-07 18:47:24,2024-11-08 22:47:24,28.0,2024-11-07 18:47:24,2024-11-08 22:47:24,0,False,3.7
SHP-000600,BAT-000600,Prague,Central Europe,Reefer Truck,2024-09-30 18:54:00,2024-10-02 02:54:00,32.0,2024-09-30 18:57:00,2024-10-02 02:57:00,3,False,3.2
SHP-000601,BAT-000601,Chișinău Local,Domestic,Reefer Truck,2024-06-25 18:08:24,2024-06-25 22:08:24,4.0,2024-06-25 18:24:24,2024-06-25 22:24:24,16,False,2.7
SHP-000602,BAT-000602,Brașov,Romania,Reefer Truck,2024-12-15 14:56:24,2024-12-16 06:56:24,16.0,2024-12-15 15:23:24,2024-12-16 07:23:24,27,False,3.3
SHP-000603,BAT-000603,Warsaw,Central Europe,Reefer Truck,2025-02-09 15:27:00,2025-02-10 19:27:00,28.0,2025-02-09 15:27:00,2025-02-10 19:27:00,0,False,3.1
SHP-000604,BAT-000604,Berlin,Western Europe,Reefer Truck,2025-02-16 15:18:00,2025-02-18 05:18:00,38.0,2025-02-16 16:11:00,2025-02-18 06:11:00,53,False,3.4
SHP-000605,BAT-000605,Iași,Romania,Insulated Van,2025-03-08 19:08:24,2025-03-09 03:08:24,8.0,2025-03-08 19:10:24,2025-03-09 03:10:24,2,True,17.9
SHP-000606,BAT-000606,Iași,Romania,Insulated Van,2024-11-29 13:42:36,2024-11-29 21:42:36,8.0,2024-11-29 15:42:36,2024-11-30 09:26:36,704,False,2.7
SHP-000607,BAT-000607,Bălți Wholesale,Domestic,Ambient Truck,2025-01-02 20:34:12,2025-01-03 01:34:12,5.0,2025-01-02 20:59:12,2025-01-03 01:59:12,25,False,22.7
SHP-000608,BAT-000608,Berlin,Western Europe,Reefer Truck,2024-08-08 20:04:12,2024-08-10 10:04:12,38.0,2024-08-08 20:37:12,2024-08-10 10:37:12,33,True,20.4
SHP-000609,BAT-000609,Chișinău Local,Domestic,Insulated Van,2024-07-07 16:05:24,2024-07-07 20:05:24,4.0,2024-07-07 16:05:24,2024-07-07 20:05:24,0,False,4.5
SHP-000610,BAT-000610,Brașov,Romania,Reefer Truck,2024-11-19 18:58:12,2024-11-20 10:58:12,16.0,2024-11-19 19:30:12,2024-11-20 11:30:12,32,False,2.6
SHP-000611,BAT-000611,Chișinău Local,Domestic,Insulated Van,2024-07-14 21:09:00,2024-07-15 01:09:00,4.0,2024-07-14 21:29:00,2024-07-15 01:29:00,20,False,2.6
SHP-000612,BAT-000612,Bălți Wholesale,Domestic,Ambient Truck,2025-01-12 13:33:00,2025-01-12 18:33:00,5.0,2025-01-12 14:51:00,2025-01-12 19:51:00,78,False,18.0
SHP-000613,BAT-000613,Bălți Wholesale,Domestic,Ambient Truck,2025-01-12 18:45:36,2025-01-12 23:45:36,5.0,2025-01-12 19:04:36,2025-01-13 00:04:36,19,True,26.3
SHP-000614,BAT-000614,Bălți Wholesale,Domestic,Reefer Truck,2024-06-17 20:52:48,2024-06-18 01:52:48,5.0,2024-06-17 20:52:48,2024-06-18 01:52:48,0,False,2.8
SHP-000615,BAT-000615,Bălți Wholesale,Domestic,Ambient Truck,2024-12-17 20:35:24,2024-12-18 01:35:24,5.0,2024-12-17 20:50:24,2024-12-18 01:50:24,15,False,23.3
SHP-000616,BAT-000616,Bălți Wholesale,Domestic,Ambient Truck,2024-10-08 16:57:00,2024-10-08 21:57:00,5.0,2024-10-08 16:57:00,2024-10-08 21:57:00,0,False,16.0
SHP-000617,BAT-000617,Prague,Central Europe,Reefer Truck,2024-11-24 17:59:24,2024-11-26 01:59:24,32.0,2024-11-24 18:09:24,2024-11-26 02:09:24,10,False,4.2
SHP-000618,BAT-000618,Berlin,Western Europe,Reefer Truck,2024-10-14 12:24:36,2024-10-16 02:24:36,38.0,2024-10-14 14:24:36,2024-10-16 11:54:36,570,False,4.4
SHP-000619,BAT-000619,Chișinău Local,Domestic,Insulated Van,2025-01-10 15:56:24,2025-01-10 19:56:24,4.0,2025-01-10 16:35:24,2025-01-10 20:35:24,39,True,25.8
SHP-000620,BAT-000620,Chișinău Local,Domestic,Insulated Van,2025-02-16 12:31:12,2025-02-16 16:31:12,4.0,2025-02-16 14:31:12,2025-02-16 22:01:12,330,False,3.3
SHP-000621,BAT-000621,Iași,Romania,Insulated Van,2025-01-27 21:21:36,2025-01-28 05:21:36,8.0,2025-01-27 21:52:36,2025-01-28 05:52:36,31,False,3.0
SHP-000622,BAT-000622,Bucharest,Romania,Reefer Truck,2024-09-25 20:33:36,2024-09-26 10:33:36,14.0,2024-09-25 20:33:36,2024-09-26 10:33:36,0,False,4.2
SHP-000623,BAT-000623,Warsaw,Central Europe,Reefer Truck,2025-01-06 16:22:48,2025-01-07 20:22:48,28.0,2025-01-06 17:44:48,2025-01-07 21:44:48,82,False,4.2
SHP-000624,BAT-000624,Berlin,Western Europe,Reefer Truck,2024-11-25 16:48:00,2024-11-27 06:48:00,38.0,2024-11-25 17:56:00,2024-11-27 07:56:00,68,False,3.1
SHP-000625,BAT-000625,Prague,Central Europe,Reefer Truck,2024-09-20 21:21:36,2024-09-22 05:21:36,32.0,2024-09-20 22:15:36,2024-09-22 06:15:36,54,False,2.6
SHP-000626,BAT-000626,Warsaw,Central Europe,Reefer Truck,2024-08-31 20:19:48,2024-09-02 00:19:48,28.0,2024-08-31 21:27:48,2024-09-02 01:27:48,68,False,2.9
SHP-000627,BAT-000627,Warsaw,Central Europe,Reefer Truck,2025-01-07 12:58:12,2025-01-08 16:58:12,28.0,2025-01-07 12:58:12,2025-01-08 16:58:12,0,False,4.5
SHP-000628,BAT-000628,Chișinău Local,Domestic,Insulated Van,2024-11-04 15:58:48,2024-11-04 19:58:48,4.0,2024-11-04 17:58:48,2024-11-05 07:42:48,704,False,4.4
SHP-000629,BAT-000629,Iași,Romania,Insulated Van,2025-02-13 15:42:00,2025-02-13 23:42:00,8.0,2025-02-13 17:42:00,2025-02-14 07:25:00,463,True,23.1
SHP-000630,BAT-000630,Chișinău Local,Domestic,Insulated Van,2024-10-13 18:54:36,2024-10-13 22:54:36,4.0,2024-10-13 19:30:36,2024-10-13 23:30:36,36,False,2.8
SHP-000631,BAT-000631,Iași,Romania,Insulated Van,2025-02-11 14:31:12,2025-02-11 22:31:12,8.0,2025-02-11 16:31:12,2025-02-12 02:48:12,257,False,3.5
SHP-000632,BAT-000632,Berlin,Western Europe,Reefer Truck,2024-12-17 15:34:12,2024-12-19 05:34:12,38.0,2024-12-17 16:05:12,2024-12-19 06:05:12,31,False,3.2
SHP-000633,BAT-000633,Bucharest,Romania,Reefer Truck,2024-11-10 18:42:36,2024-11-11 08:42:36,14.0,2024-11-10 20:42:36,2024-11-11 12:43:36,241,False,3.5
SHP-000634,BAT-000634,Warsaw,Central Europe,Reefer Truck,2024-12-28 18:58:48,2024-12-29 22:58:48,28.0,2024-12-28 20:58:48,2024-12-30 06:25:48,447,False,3.9
SHP-000635,BAT-000635,Brașov,Romania,Reefer Truck,2025-01-10 17:51:00,2025-01-11 09:51:00,16.0,2025-01-10 19:12:00,2025-01-11 11:12:00,81,False,3.2
SHP-000636,BAT-000636,Bălți Wholesale,Domestic,Ambient Truck,2024-09-16 19:08:24,2024-09-17 00:08:24,5.0,2024-09-16 19:08:24,2024-09-17 00:08:24,0,True,26.1
SHP-000637,BAT-000637,Berlin,Western Europe,Reefer Truck,2024-11-02 15:13:12,2024-11-04 05:13:12,38.0,2024-11-02 15:13:12,2024-11-04 05:13:12,0,False,2.7
SHP-000638,BAT-000638,Brașov,Romania,Reefer Truck,2024-08-14 16:58:48,2024-08-15 08:58:48,16.0,2024-08-14 18:23:48,2024-08-15 10:23:48,85,False,3.2
SHP-000639,BAT-000639,Iași,Romania,Insulated Van,2024-08-24 15:36:00,2024-08-24 23:36:00,8.0,2024-08-24 15:57:00,2024-08-24 23:57:00,21,False,2.9
SHP-000640,BAT-000640,Warsaw,Central Europe,Reefer Truck,2024-10-29 16:57:00,2024-10-30 20:57:00,28.0,2024-10-29 18:01:00,2024-10-30 22:01:00,64,False,3.7
SHP-000641,BAT-000641,Chișinău Local,Domestic,Reefer Truck,2024-07-19 19:16:12,2024-07-19 23:16:12,4.0,2024-07-19 19:33:12,2024-07-19 23:33:12,17,False,3.8
SHP-000642,BAT-000642,Chișinău Local,Domestic,Insulated Van,2024-12-12 16:45:36,2024-12-12 20:45:36,4.0,2024-12-12 16:45:36,2024-12-12 20:45:36,0,False,3.2
SHP-000643,BAT-000643,Chișinău Local,Domestic,Reefer Truck,2024-06-27 16:14:24,2024-06-27 20:14:24,4.0,2024-06-27 17:40:24,2024-06-27 21:40:24,86,False,2.7
SHP-000644,BAT-000644,Berlin,Western Europe,Reefer Truck,2024-12-04 15:19:48,2024-12-06 05:19:48,38.0,2024-12-04 15:55:48,2024-12-06 05:55:48,36,False,2.9
SHP-000645,BAT-000645,Bălți Wholesale,Domestic,Ambient Truck,2024-07-23 16:39:00,2024-07-23 21:39:00,5.0,2024-07-23 16:43:00,2024-07-23 21:43:00,4,False,21.6
SHP-000646,BAT-000646,Chișinău Local,Domestic,Insulated Van,2025-01-26 13:56:24,2025-01-26 17:56:24,4.0,2025-01-26 15:56:24,2025-01-26 19:57:24,121,False,4.1
SHP-000647,BAT-000647,Prague,Central Europe,Reefer Truck,2024-07-23 14:47:24,2024-07-24 22:47:24,32.0,2024-07-23 15:01:24,2024-07-24 23:01:24,14,False,4.3
SHP-000648,BAT-000648,Prague,Central Europe,Reefer Truck,2024-07-26 13:09:00,2024-07-27 21:09:00,32.0,2024-07-26 13:09:00,2024-07-27 21:09:00,0,False,2.8
SHP-000649,BAT-000649,Brașov,Romania,Reefer Truck,2025-02-02 17:30:00,2025-02-03 09:30:00,16.0,2025-02-02 18:03:00,2025-02-03 10:03:00,33,False,4.1
SHP-000650,BAT-000650,Bălți Wholesale,Domestic,Ambient Truck,2024-09-20 17:56:24,2024-09-20 22:56:24,5.0,2024-09-20 17:56:24,2024-09-20 22:56:24,0,True,27.4
SHP-000651,BAT-000651,Chișinău Local,Domestic,Reefer Truck,2024-07-16 18:51:36,2024-07-16 22:51:36,4.0,2024-07-16 20:19:36,2024-07-17 00:19:36,88,False,3.6
SHP-000652,BAT-000652,Warsaw,Central Europe,Reefer Truck,2024-08-16 23:58:48,2024-08-18 03:58:48,28.0,2024-08-17 00:48:48,2024-08-18 04:48:48,50,False,3.2
SHP-000653,BAT-000653,Iași,Romania,Insulated Van,2025-01-22 15:30:36,2025-01-22 23:30:36,8.0,2025-01-22 17:30:36,2025-01-23 11:12:36,702,False,4.5
SHP-000654,BAT-000654,Bălți Wholesale,Domestic,Ambient Truck,2024-12-07 16:55:48,2024-12-07 21:55:48,5.0,2024-12-07 17:56:48,2024-12-07 22:56:48,61,True,26.5
SHP-000655,BAT-000655,Iași,Romania,Insulated Van,2025-01-26 12:26:24,2025-01-26 20:26:24,8.0,2025-01-26 13:43:24,2025-01-26 21:43:24,77,False,3.4
SHP-000656,BAT-000656,Berlin,Western Europe,Reefer Truck,2024-11-23 18:12:36,2024-11-25 08:12:36,38.0,2024-11-23 19:27:36,2024-11-25 09:27:36,75,False,3.9
SHP-000657,BAT-000657,Prague,Central Europe,Reefer Truck,2024-08-01 21:25:48,2024-08-03 05:25:48,32.0,2024-08-01 21:25:48,2024-08-03 05:25:48,0,False,3.5
SHP-000658,BAT-000658,Bălți Wholesale,Domestic,Reefer Truck,2024-07-21 19:57:00,2024-07-22 00:57:00,5.0,2024-07-21 20:11:00,2024-07-22 01:11:00,14,False,4.1
SHP-000659,BAT-000659,Bucharest,Romania,Reefer Truck,2024-07-24 12:21:36,2024-07-25 02:21:36,14.0,2024-07-24 12:37:36,2024-07-25 02:37:36,16,False,2.5
SHP-000660,BAT-000660,Bucharest,Romania,Reefer Truck,2024-11-15 18:15:36,2024-11-16 08:15:36,14.0,2024-11-15 18:15:36,2024-11-16 08:15:36,0,False,3.8
SHP-000661,BAT-000661,Warsaw,Central Europe,Insulated Van,2024-08-31 21:34:48,2024-09-02 01:34:48,28.0,2024-08-31 21:59:48,2024-09-02 01:59:48,25,False,3.7
SHP-000662,BAT-000662,Warsaw,Central Europe,Reefer Truck,2024-12-21 18:52:48,2024-12-22 22:52:48,28.0,2024-12-21 18:59:48,2024-12-22 22:59:48,7,False,4.4
SHP-000663,BAT-000663,Bucharest,Romania,Reefer Truck,2024-11-29 12:36:36,2024-11-30 02:36:36,14.0,2024-11-29 12:36:36,2024-11-30 02:36:36,0,False,3.8
SHP-000664,BAT-000664,Berlin,Western Europe,Reefer Truck,2024-11-15 16:37:12,2024-11-17 06:37:12,38.0,2024-11-15 16:37:12,2024-11-17 06:37:12,0,False,3.8
SHP-000665,BAT-000665,Chișinău Local,Domestic,Insulated Van,2024-10-17 14:51:00,2024-10-17 18:51:00,4.0,2024-10-17 16:01:00,2024-10-17 20:01:00,70,False,2.6
SHP-000666,BAT-000666,Bălți Wholesale,Domestic,Ambient Truck,2024-07-09 12:17:24,2024-07-09 17:17:24,5.0,2024-07-09 12:17:24,2024-07-09 17:17:24,0,False,23.3
SHP-000667,BAT-000667,Brașov,Romania,Reefer Truck,2024-09-23 17:02:24,2024-09-24 09:02:24,16.0,2024-09-23 17:02:24,2024-09-24 09:02:24,0,False,3.0
SHP-000668,BAT-000668,Prague,Central Europe,Reefer Truck,2024-07-11 15:03:36,2024-07-12 23:03:36,32.0,2024-07-11 15:25:36,2024-07-12 23:25:36,22,False,2.5
SHP-000669,BAT-000669,Bălți Wholesale,Domestic,Ambient Truck,2024-11-08 16:15:00,2024-11-08 21:15:00,5.0,2024-11-08 16:15:00,2024-11-08 21:15:00,0,False,18.0
SHP-000670,BAT-000670,Iași,Romania,Insulated Van,2024-12-15 18:16:12,2024-12-16 02:16:12,8.0,2024-12-15 20:16:12,2024-12-16 13:50:12,694,False,3.9
SHP-000671,BAT-000671,Chișinău Local,Domestic,Insulated Van,2024-10-03 13:49:48,2024-10-03 17:49:48,4.0,2024-10-03 14:50:48,2024-10-03 18:50:48,61,False,2.8
SHP-000672,BAT-000672,Bălți Wholesale,Domestic,Ambient Truck,2025-01-01 15:49:12,2025-01-01 20:49:12,5.0,2025-01-01 17:49:12,2025-01-01 23:10:12,141,False,17.3
SHP-000673,BAT-000673,Bălți Wholesale,Domestic,Ambient Truck,2024-11-04 15:55:48,2024-11-04 20:55:48,5.0,2024-11-04 15:55:48,2024-11-04 20:55:48,0,False,17.4
SHP-000674,BAT-000674,Brașov,Romania,Reefer Truck,2024-08-28 17:00:00,2024-08-29 09:00:00,16.0,2024-08-28 18:44:00,2024-08-29 10:44:00,104,False,4.1
SHP-000675,BAT-000675,Iași,Romania,Insulated Van,2024-10-30 16:24:36,2024-10-31 00:24:36,8.0,2024-10-30 18:24:36,2024-10-31 02:46:36,142,False,2.9
SHP-000676,BAT-000676,Chișinău Local,Domestic,Insulated Van,2024-10-01 18:13:48,2024-10-01 22:13:48,4.0,2024-10-01 18:18:48,2024-10-01 22:18:48,5,False,2.9
SHP-000677,BAT-000677,Warsaw,Central Europe,Reefer Truck,2025-01-29 15:00:00,2025-01-30 19:00:00,28.0,2025-01-29 15:00:00,2025-01-30 19:00:00,0,False,4.0
SHP-000678,BAT-000678,Bălți Wholesale,Domestic,Ambient Truck,2024-10-16 14:58:48,2024-10-16 19:58:48,5.0,2024-10-16 16:23:48,2024-10-16 21:23:48,85,False,21.7
SHP-000679,BAT-000679,Berlin,Western Europe,Reefer Truck,2024-08-25 20:26:24,2024-08-27 10:26:24,38.0,2024-08-25 20:29:24,2024-08-27 10:29:24,3,False,3.1
SHP-000680,BAT-000680,Chișinău Local,Domestic,Insulated Van,2024-10-31 17:33:36,2024-10-31 21:33:36,4.0,2024-10-31 17:50:36,2024-10-31 21:50:36,17,False,3.6
SHP-000681,BAT-000681,Iași,Romania,Insulated Van,2024-11-01 13:03:36,2024-11-01 21:03:36,8.0,2024-11-01 13:25:36,2024-11-01 21:25:36,22,False,4.4
SHP-000682,BAT-000682,Brașov,Romania,Reefer Truck,2025-01-13 15:05:24,2025-01-14 07:05:24,16.0,2025-01-13 15:56:24,2025-01-14 07:56:24,51,False,3.5
SHP-000683,BAT-000683,Brașov,Romania,Reefer Truck,2024-11-01 11:57:00,2024-11-02 03:57:00,16.0,2024-11-01 12:40:00,2024-11-02 04:40:00,43,False,2.6
SHP-000684,BAT-000684,Iași,Romania,Insulated Van,2024-08-12 16:43:12,2024-08-13 00:43:12,8.0,2024-08-12 16:49:12,2024-08-13 00:49:12,6,False,4.1
SHP-000685,BAT-000685,Iași,Romania,Insulated Van,2024-08-25 21:02:24,2024-08-26 05:02:24,8.0,2024-08-25 23:02:24,2024-08-26 15:06:24,604,False,2.8
SHP-000686,BAT-000686,Berlin,Western Europe,Reefer Truck,2025-03-05 19:44:24,2025-03-07 09:44:24,38.0,2025-03-05 19:44:24,2025-03-07 09:44:24,0,False,4.5
SHP-000687,BAT-000687,Brașov,Romania,Reefer Truck,2024-08-26 17:15:36,2024-08-27 09:15:36,16.0,2024-08-26 19:05:36,2024-08-27 11:05:36,110,False,3.8
SHP-000688,BAT-000688,Warsaw,Central Europe,Reefer Truck,2025-02-14 20:52:48,2025-02-16 00:52:48,28.0,2025-02-14 21:58:48,2025-02-16 01:58:48,66,False,3.0
SHP-000689,BAT-000689,Bucharest,Romania,Reefer Truck,2024-10-14 16:46:48,2024-10-15 06:46:48,14.0,2024-10-14 17:47:48,2024-10-15 07:47:48,61,False,3.6
SHP-000690,BAT-000690,Warsaw,Central Europe,Reefer Truck,2024-09-30 16:09:00,2024-10-01 20:09:00,28.0,2024-09-30 16:20:00,2024-10-01 20:20:00,11,False,3.7
SHP-000691,BAT-000691,Warsaw,Central Europe,Reefer Truck,2025-01-05 18:56:24,2025-01-06 22:56:24,28.0,2025-01-05 19:05:24,2025-01-06 23:05:24,9,False,4.0
SHP-000692,BAT-000692,Brașov,Romania,Reefer Truck,2025-02-23 16:30:36,2025-02-24 08:30:36,16.0,2025-02-23 16:30:36,2025-02-24 08:30:36,0,False,3.6
SHP-000693,BAT-000693,Chișinău Local,Domestic,Insulated Van,2024-12-12 15:33:00,2024-12-12 19:33:00,4.0,2024-12-12 16:11:00,2024-12-12 20:11:00,38,False,4.1
SHP-000694,BAT-000694,Bălți Wholesale,Domestic,Ambient Truck,2024-09-25 16:45:36,2024-09-25 21:45:36,5.0,2024-09-25 16:47:36,2024-09-25 21:47:36,2,False,20.9
SHP-000695,BAT-000695,Berlin,Western Europe,Reefer Truck,2024-10-18 14:03:36,2024-10-20 04:03:36,38.0,2024-10-18 14:14:36,2024-10-20 04:14:36,11,False,2.7
SHP-000696,BAT-000696,Brașov,Romania,Reefer Truck,2025-01-01 15:05:24,2025-01-02 07:05:24,16.0,2025-01-01 17:05:24,2025-01-02 20:05:24,780,False,3.8
SHP-000697,BAT-000697,Berlin,Western Europe,Reefer Truck,2024-10-19 14:44:24,2024-10-21 04:44:24,38.0,2024-10-19 15:20:24,2024-10-21 05:20:24,36,False,3.0
SHP-000698,BAT-000698,Berlin,Western Europe,Reefer Truck,2024-12-12 19:23:24,2024-12-14 09:23:24,38.0,2024-12-12 21:23:24,2024-12-14 20:09:24,646,True,15.0
SHP-000699,BAT-000699,Chișinău Local,Domestic,Insulated Van,2024-09-23 19:57:00,2024-09-23 23:57:00,4.0,2024-09-23 20:45:00,2024-09-24 00:45:00,48,False,4.1
SHP-000700,BAT-000700,Iași,Romania,Insulated Van,2024-11-18 11:49:48,2024-11-18 19:49:48,8.0,2024-11-18 13:49:48,2024-11-19 04:30:48,521,False,2.6
SHP-000701,BAT-000701,Iași,Romania,Insulated Van,2024-11-30 18:54:36,2024-12-01 02:54:36,8.0,2024-11-30 18:54:36,2024-12-01 02:54:36,0,False,2.9
SHP-000702,BAT-000702,Prague,Central Europe,Reefer Truck,2024-12-13 16:03:36,2024-12-15 00:03:36,32.0,2024-12-13 17:23:36,2024-12-15 01:23:36,80,False,3.1
SHP-000703,BAT-000703,Chișinău Local,Domestic,Reefer Truck,2024-05-27 13:19:48,2024-05-27 17:19:48,4.0,2024-05-27 13:34:48,2024-05-27 17:34:48,15,False,2.6
SHP-000704,BAT-000704,Brașov,Romania,Reefer Truck,2024-11-23 14:51:00,2024-11-24 06:51:00,16.0,2024-11-23 14:51:00,2024-11-24 06:51:00,0,False,3.7
SHP-000705,BAT-000705,Bălți Wholesale,Domestic,Ambient Truck,2025-01-04 20:10:48,2025-01-05 01:10:48,5.0,2025-01-04 20:23:48,2025-01-05 01:23:48,13,False,18.0
SHP-000706,BAT-000706,Prague,Central Europe,Reefer Truck,2024-11-30 19:56:24,2024-12-02 03:56:24,32.0,2024-11-30 19:56:24,2024-12-02 03:56:24,0,False,3.0
SHP-000707,BAT-000707,Prague,Central Europe,Insulated Van,2024-08-08 19:13:12,2024-08-10 03:13:12,32.0,2024-08-08 19:13:12,2024-08-10 03:13:12,0,False,4.1
SHP-000708,BAT-000708,Warsaw,Central Europe,Reefer Truck,2025-01-19 14:31:12,2025-01-20 18:31:12,28.0,2025-01-19 15:12:12,2025-01-20 19:12:12,41,False,4.1
SHP-000709,BAT-000709,Berlin,Western Europe,Reefer Truck,2024-11-04 12:54:36,2024-11-06 02:54:36,38.0,2024-11-04 13:19:36,2024-11-06 03:19:36,25,False,3.0
SHP-000710,BAT-000710,Bălți Wholesale,Domestic,Ambient Truck,2024-09-30 18:16:48,2024-09-30 23:16:48,5.0,2024-09-30 18:39:48,2024-09-30 23:39:48,23,False,19.7
SHP-000711,BAT-000711,Prague,Central Europe,Reefer Truck,2024-12-08 15:37:48,2024-12-09 23:37:48,32.0,2024-12-08 15:37:48,2024-12-09 23:37:48,0,False,3.6
SHP-000712,BAT-000712,Prague,Central Europe,Reefer Truck,2025-02-01 17:00:00,2025-02-03 01:00:00,32.0,2025-02-01 17:13:00,2025-02-03 01:13:00,13,False,3.3
SHP-000713,BAT-000713,Warsaw,Central Europe,Reefer Truck,2024-08-21 13:21:36,2024-08-22 17:21:36,28.0,2024-08-21 13:21:36,2024-08-22 17:21:36,0,False,4.3
SHP-000714,BAT-000714,Iași,Romania,Insulated Van,2024-12-11 14:45:00,2024-12-11 22:45:00,8.0,2024-12-11 15:10:00,2024-12-11 23:10:00,25,False,3.9
SHP-000715,BAT-000715,Brașov,Romania,Reefer Truck,2024-12-07 15:23:24,2024-12-08 07:23:24,16.0,2024-12-07 15:23:24,2024-12-08 07:23:24,0,False,3.9
SHP-000716,BAT-000716,Warsaw,Central Europe,Reefer Truck,2024-10-11 10:43:12,2024-10-12 14:43:12,28.0,2024-10-11 10:46:12,2024-10-12 14:46:12,3,False,2.5
SHP-000717,BAT-000717,Brașov,Romania,Reefer Truck,2024-10-28 18:46:12,2024-10-29 10:46:12,16.0,2024-10-28 19:06:12,2024-10-29 11:06:12,20,True,25.4
SHP-000718,BAT-000718,Chișinău Local,Domestic,Insulated Van,2024-10-12 14:55:48,2024-10-12 18:55:48,4.0,2024-10-12 15:19:48,2024-10-12 19:19:48,24,False,2.9
SHP-000719,BAT-000719,Berlin,Western Europe,Reefer Truck,2024-12-01 15:25:48,2024-12-03 05:25:48,38.0,2024-12-01 15:26:48,2024-12-03 05:26:48,1,False,2.7
SHP-000720,BAT-000720,Prague,Central Europe,Reefer Truck,2024-10-12 18:52:48,2024-10-14 02:52:48,32.0,2024-10-12 19:26:48,2024-10-14 03:26:48,34,False,4.4
SHP-000721,BAT-000721,Iași,Romania,Insulated Van,2024-09-27 19:13:48,2024-09-28 03:13:48,8.0,2024-09-27 19:24:48,2024-09-28 03:24:48,11,False,3.4
SHP-000722,BAT-000722,Iași,Romania,Insulated Van,2025-01-03 22:37:12,2025-01-04 06:37:12,8.0,2025-01-03 22:37:12,2025-01-04 06:37:12,0,True,22.9
SHP-000723,BAT-000723,Bălți Wholesale,Domestic,Ambient Truck,2024-10-24 17:49:48,2024-10-24 22:49:48,5.0,2024-10-24 19:49:48,2024-10-25 01:14:48,145,False,20.2
SHP-000724,BAT-000724,Warsaw,Central Europe,Reefer Truck,2024-10-10 17:01:12,2024-10-11 21:01:12,28.0,2024-10-10 19:01:12,2024-10-12 07:21:12,620,False,4.0
SHP-000725,BAT-000725,Prague,Central Europe,Reefer Truck,2024-10-10 22:01:48,2024-10-12 06:01:48,32.0,2024-10-10 23:36:48,2024-10-12 07:36:48,95,False,3.4
SHP-000726,BAT-000726,Berlin,Western Europe,Reefer Truck,2024-10-22 13:46:48,2024-10-24 03:46:48,38.0,2024-10-22 15:35:48,2024-10-24 05:35:48,109,False,3.7
SHP-000727,BAT-000727,Prague,Central Europe,Reefer Truck,2024-12-08 15:32:24,2024-12-09 23:32:24,32.0,2024-12-08 15:32:24,2024-12-09 23:32:24,0,False,4.5
SHP-000728,BAT-000728,Berlin,Western Europe,Reefer Truck,2024-07-27 16:33:00,2024-07-29 06:33:00,38.0,2024-07-27 16:33:00,2024-07-29 06:33:00,0,False,2.7
SHP-000729,BAT-000729,Bucharest,Romania,Reefer Truck,2024-12-19 15:54:00,2024-12-20 05:54:00,14.0,2024-12-19 16:36:00,2024-12-20 06:36:00,42,False,3.3
SHP-000730,BAT-000730,Iași,Romania,Insulated Van,2025-01-05 18:22:48,2025-01-06 02:22:48,8.0,2025-01-05 18:22:48,2025-01-06 02:22:48,0,False,4.1
SHP-000731,BAT-000731,Warsaw,Central Europe,Reefer Truck,2024-06-02 17:57:00,2024-06-03 21:57:00,28.0,2024-06-02 18:22:00,2024-06-03 22:22:00,25,False,3.5
SHP-000732,BAT-000732,Berlin,Western Europe,Reefer Truck,2024-11-26 15:13:48,2024-11-28 05:13:48,38.0,2024-11-26 15:24:48,2024-11-28 05:24:48,11,False,3.3
SHP-000733,BAT-000733,Berlin,Western Europe,Reefer Truck,2024-12-15 17:13:12,2024-12-17 07:13:12,38.0,2024-12-15 17:18:12,2024-12-17 07:18:12,5,False,2.8
SHP-000734,BAT-000734,Bălți Wholesale,Domestic,Ambient Truck,2024-12-15 15:45:00,2024-12-15 20:45:00,5.0,2024-12-15 16:53:00,2024-12-15 21:53:00,68,False,19.3
SHP-000735,BAT-000735,Prague,Central Europe,Reefer Truck,2024-12-24 16:52:12,2024-12-26 00:52:12,32.0,2024-12-24 18:20:12,2024-12-26 02:20:12,88,False,3.6
SHP-000736,BAT-000736,Bălți Wholesale,Domestic,Ambient Truck,2024-07-16 16:30:00,2024-07-16 21:30:00,5.0,2024-07-16 16:45:00,2024-07-16 21:45:00,15,False,23.6
SHP-000737,BAT-000737,Bucharest,Romania,Reefer Truck,2024-11-27 13:04:12,2024-11-28 03:04:12,14.0,2024-11-27 14:40:12,2024-11-28 04:40:12,96,False,2.6
SHP-000738,BAT-000738,Bucharest,Romania,Reefer Truck,2024-10-16 16:33:36,2024-10-17 06:33:36,14.0,2024-10-16 18:33:36,2024-10-17 09:13:36,160,False,3.2
SHP-000739,BAT-000739,Berlin,Western Europe,Reefer Truck,2024-11-12 15:06:36,2024-11-14 05:06:36,38.0,2024-11-12 15:20:36,2024-11-14 05:20:36,14,False,4.2
SHP-000740,BAT-000740,Bucharest,Romania,Reefer Truck,2024-07-31 19:22:48,2024-08-01 09:22:48,14.0,2024-07-31 21:22:48,2024-08-01 12:03:48,161,False,4.4
SHP-000741,BAT-000741,Warsaw,Central Europe,Reefer Truck,2024-06-03 13:34:48,2024-06-04 17:34:48,28.0,2024-06-03 14:25:48,2024-06-04 18:25:48,51,False,3.9
SHP-000742,BAT-000742,Warsaw,Central Europe,Reefer Truck,2024-11-06 17:41:24,2024-11-07 21:41:24,28.0,2024-11-06 19:41:24,2024-11-08 00:02:24,141,False,3.7
SHP-000743,BAT-000743,Warsaw,Central Europe,Reefer Truck,2024-08-13 14:37:48,2024-08-14 18:37:48,28.0,2024-08-13 14:37:48,2024-08-14 18:37:48,0,False,3.4
SHP-000744,BAT-000744,Bălți Wholesale,Domestic,Ambient Truck,2024-09-16 15:07:48,2024-09-16 20:07:48,5.0,2024-09-16 15:59:48,2024-09-16 20:59:48,52,True,25.2
SHP-000745,BAT-000745,Chișinău Local,Domestic,Insulated Van,2024-11-04 22:18:36,2024-11-05 02:18:36,4.0,2024-11-04 23:22:36,2024-11-05 03:22:36,64,False,4.0
SHP-000746,BAT-000746,Iași,Romania,Insulated Van,2024-09-29 18:33:00,2024-09-30 02:33:00,8.0,2024-09-29 18:44:00,2024-09-30 02:44:00,11,False,3.4
SHP-000747,BAT-000747,Berlin,Western Europe,Reefer Truck,2024-08-31 20:48:00,2024-09-02 10:48:00,38.0,2024-08-31 21:15:00,2024-09-02 11:15:00,27,False,2.7
SHP-000748,BAT-000748,Chișinău Local,Domestic,Insulated Van,2024-11-25 18:30:36,2024-11-25 22:30:36,4.0,2024-11-25 18:30:36,2024-11-25 22:30:36,0,True,21.9
SHP-000749,BAT-000749,Iași,Romania,Insulated Van,2024-11-30 16:36:36,2024-12-01 00:36:36,8.0,2024-11-30 16:40:36,2024-12-01 00:40:36,4,False,3.1
SHP-000750,BAT-000750,Bălți Wholesale,Domestic,Ambient Truck,2024-08-22 18:12:36,2024-08-22 23:12:36,5.0,2024-08-22 18:12:36,2024-08-22 23:12:36,0,False,23.1
SHP-000751,BAT-000751,Prague,Central Europe,Reefer Truck,2024-12-27 15:21:36,2024-12-28 23:21:36,32.0,2024-12-27 15:26:36,2024-12-28 23:26:36,5,False,2.9
SHP-000752,BAT-000752,Chișinău Local,Domestic,Insulated Van,2024-08-05 20:31:48,2024-08-06 00:31:48,4.0,2024-08-05 20:42:48,2024-08-06 00:42:48,11,True,17.7
SHP-000753,BAT-000753,Iași,Romania,Insulated Van,2024-12-04 13:39:00,2024-12-04 21:39:00,8.0,2024-12-04 15:03:00,2024-12-04 23:03:00,84,False,3.9
SHP-000754,BAT-000754,Brașov,Romania,Reefer Truck,2024-12-18 12:04:48,2024-12-19 04:04:48,16.0,2024-12-18 12:04:48,2024-12-19 04:04:48,0,False,3.6
SHP-000755,BAT-000755,Prague,Central Europe,Reefer Truck,2025-01-28 22:03:36,2025-01-30 06:03:36,32.0,2025-01-29 00:03:36,2025-01-30 09:24:36,201,False,3.9
SHP-000756,BAT-000756,Chișinău Local,Domestic,Insulated Van,2024-10-23 16:11:24,2024-10-23 20:11:24,4.0,2024-10-23 16:27:24,2024-10-23 20:27:24,16,False,3.4
SHP-000757,BAT-000757,Iași,Romania,Insulated Van,2024-11-25 15:15:36,2024-11-25 23:15:36,8.0,2024-11-25 15:15:36,2024-11-25 23:15:36,0,False,3.1
SHP-000758,BAT-000758,Chișinău Local,Domestic,Insulated Van,2024-10-30 18:03:00,2024-10-30 22:03:00,4.0,2024-10-30 18:05:00,2024-10-30 22:05:00,2,False,3.3
SHP-000759,BAT-000759,Prague,Central Europe,Reefer Truck,2025-01-27 19:37:48,2025-01-29 03:37:48,32.0,2025-01-27 19:37:48,2025-01-29 03:37:48,0,False,4.3
SHP-000760,BAT-000760,Prague,Central Europe,Insulated Van,2024-09-19 13:32:24,2024-09-20 21:32:24,32.0,2024-09-19 14:59:24,2024-09-20 22:59:24,87,False,4.3
SHP-000761,BAT-000761,Bucharest,Romania,Reefer Truck,2024-11-24 22:39:36,2024-11-25 12:39:36,14.0,2024-11-24 22:39:36,2024-11-25 12:39:36,0,True,19.4
SHP-000762,BAT-000762,Iași,Romania,Insulated Van,2024-10-18 17:41:24,2024-10-19 01:41:24,8.0,2024-10-18 17:48:24,2024-10-19 01:48:24,7,False,4.2
SHP-000763,BAT-000763,Warsaw,Central Europe,Reefer Truck,2025-01-28 18:33:00,2025-01-29 22:33:00,28.0,2025-01-28 19:10:00,2025-01-29 23:10:00,37,False,3.2
SHP-000764,BAT-000764,Iași,Romania,Insulated Van,2024-12-27 17:00:00,2024-12-28 01:00:00,8.0,2024-12-27 17:00:00,2024-12-28 01:00:00,0,False,2.8
SHP-000765,BAT-000765,Brașov,Romania,Reefer Truck,2024-11-30 17:30:36,2024-12-01 09:30:36,16.0,2024-11-30 17:48:36,2024-12-01 09:48:36,18,False,3.5
SHP-000766,BAT-000766,Berlin,Western Europe,Reefer Truck,2024-08-30 17:49:48,2024-09-01 07:49:48,38.0,2024-08-30 17:49:48,2024-09-01 07:49:48,0,False,2.8
SHP-000767,BAT-000767,Berlin,Western Europe,Insulated Van,2024-10-21 14:24:36,2024-10-23 04:24:36,38.0,2024-10-21 14:24:36,2024-10-23 04:24:36,0,False,3.8
SHP-000768,BAT-000768,Berlin,Western Europe,Reefer Truck,2024-10-31 13:49:48,2024-11-02 03:49:48,38.0,2024-10-31 14:03:48,2024-11-02 04:03:48,14,False,3.9
SHP-000769,BAT-000769,Iași,Romania,Insulated Van,2025-01-31 22:26:24,2025-02-01 06:26:24,8.0,2025-01-31 22:29:24,2025-02-01 06:29:24,3,False,3.2
SHP-000770,BAT-000770,Iași,Romania,Insulated Van,2025-02-26 19:40:48,2025-02-27 03:40:48,8.0,2025-02-26 20:38:48,2025-02-27 04:38:48,58,False,3.7
SHP-000771,BAT-000771,Iași,Romania,Insulated Van,2024-10-29 16:08:24,2024-10-30 00:08:24,8.0,2024-10-29 16:31:24,2024-10-30 00:31:24,23,True,15.4
SHP-000772,BAT-000772,Brașov,Romania,Reefer Truck,2025-02-14 16:48:36,2025-02-15 08:48:36,16.0,2025-02-14 17:04:36,2025-02-15 09:04:36,16,False,4.0
SHP-000773,BAT-000773,Bucharest,Romania,Reefer Truck,2025-02-27 18:24:00,2025-02-28 08:24:00,14.0,2025-02-27 18:27:00,2025-02-28 08:27:00,3,False,3.4
SHP-000774,BAT-000774,Prague,Central Europe,Reefer Truck,2024-07-27 18:28:12,2024-07-29 02:28:12,32.0,2024-07-27 19:07:12,2024-07-29 03:07:12,39,False,2.8
SHP-000775,BAT-000775,Berlin,Western Europe,Reefer Truck,2024-12-17 12:56:24,2024-12-19 02:56:24,38.0,2024-12-17 14:56:24,2024-12-19 05:25:24,149,False,3.1
SHP-000776,BAT-000776,Iași,Romania,Insulated Van,2025-01-16 15:01:12,2025-01-16 23:01:12,8.0,2025-01-16 15:16:12,2025-01-16 23:16:12,15,False,4.1
SHP-000777,BAT-000777,Iași,Romania,Insulated Van,2025-01-16 11:42:36,2025-01-16 19:42:36,8.0,2025-01-16 11:50:36,2025-01-16 19:50:36,8,False,3.0
SHP-000778,BAT-000778,Bucharest,Romania,Reefer Truck,2024-08-29 21:21:36,2024-08-30 11:21:36,14.0,2024-08-29 21:22:36,2024-08-30 11:22:36,1,False,2.6
SHP-000779,BAT-000779,Bucharest,Romania,Reefer Truck,2024-11-01 16:59:24,2024-11-02 06:59:24,14.0,2024-11-01 16:59:24,2024-11-02 06:59:24,0,False,3.4
SHP-000780,BAT-000780,Iași,Romania,Insulated Van,2024-10-25 21:42:00,2024-10-26 05:42:00,8.0,2024-10-25 21:44:00,2024-10-26 05:44:00,2,False,3.2
SHP-000781,BAT-000781,Chișinău Local,Domestic,Insulated Van,2024-12-07 18:54:36,2024-12-07 22:54:36,4.0,2024-12-07 20:53:36,2024-12-08 00:53:36,119,False,4.4
SHP-000782,BAT-000782,Prague,Central Europe,Reefer Truck,2024-12-09 20:51:36,2024-12-11 04:51:36,32.0,2024-12-09 22:51:36,2024-12-11 08:36:36,225,False,4.1
SHP-000783,BAT-000783,Brașov,Romania,Reefer Truck,2025-02-11 14:34:48,2025-02-12 06:34:48,16.0,2025-02-11 15:15:48,2025-02-12 07:15:48,41,False,4.5
SHP-000784,BAT-000784,Bucharest,Romania,Reefer Truck,2024-12-27 18:28:12,2024-12-28 08:28:12,14.0,2024-12-27 19:14:12,2024-12-28 09:14:12,46,False,3.1
SHP-000785,BAT-000785,Prague,Central Europe,Reefer Truck,2024-12-10 17:36:00,2024-12-12 01:36:00,32.0,2024-12-10 18:38:00,2024-12-12 02:38:00,62,False,4.1
SHP-000786,BAT-000786,Berlin,Western Europe,Reefer Truck,2024-10-05 17:37:12,2024-10-07 07:37:12,38.0,2024-10-05 18:39:12,2024-10-07 08:39:12,62,False,3.7
SHP-000787,BAT-000787,Bucharest,Romania,Reefer Truck,2024-10-12 21:24:36,2024-10-13 11:24:36,14.0,2024-10-12 21:53:36,2024-10-13 11:53:36,29,False,4.3
SHP-000788,BAT-000788,Bălți Wholesale,Domestic,Ambient Truck,2025-01-27 11:21:36,2025-01-27 16:21:36,5.0,2025-01-27 11:33:36,2025-01-27 16:33:36,12,False,18.0
SHP-000789,BAT-000789,Brașov,Romania,Reefer Truck,2024-12-13 19:57:00,2024-12-14 11:57:00,16.0,2024-12-13 20:27:00,2024-12-14 12:27:00,30,False,2.7
SHP-000790,BAT-000790,Iași,Romania,Insulated Van,2025-02-01 18:46:48,2025-02-02 02:46:48,8.0,2025-02-01 19:49:48,2025-02-02 03:49:48,63,False,3.8
SHP-000791,BAT-000791,Berlin,Western Europe,Reefer Truck,2024-05-31 18:34:48,2024-06-02 08:34:48,38.0,2024-05-31 18:35:48,2024-06-02 08:35:48,1,False,2.9
SHP-000792,BAT-000792,Chișinău Local,Domestic,Insulated Van,2025-02-08 17:42:00,2025-02-08 21:42:00,4.0,2025-02-08 17:48:00,2025-02-08 21:48:00,6,True,19.0
SHP-000793,BAT-000793,Chișinău Local,Domestic,Reefer Truck,2024-06-09 16:47:24,2024-06-09 20:47:24,4.0,2024-06-09 16:47:24,2024-06-09 20:47:24,0,False,3.1
SHP-000794,BAT-000794,Prague,Central Europe,Reefer Truck,2024-10-24 17:06:36,2024-10-26 01:06:36,32.0,2024-10-24 17:12:36,2024-10-26 01:12:36,6,False,2.7
SHP-000795,BAT-000795,Prague,Central Europe,Reefer Truck,2025-01-29 18:40:12,2025-01-31 02:40:12,32.0,2025-01-29 20:40:12,2025-01-31 04:44:12,124,False,3.6
SHP-000796,BAT-000796,Warsaw,Central Europe,Reefer Truck,2024-12-13 16:02:24,2024-12-14 20:02:24,28.0,2024-12-13 16:07:24,2024-12-14 20:07:24,5,False,2.9
SHP-000797,BAT-000797,Prague,Central Europe,Reefer Truck,2024-07-30 16:15:00,2024-08-01 00:15:00,32.0,2024-07-30 16:15:00,2024-08-01 00:15:00,0,False,2.9
SHP-000798,BAT-000798,Prague,Central Europe,Reefer Truck,2025-02-18 15:52:12,2025-02-19 23:52:12,32.0,2025-02-18 15:52:12,2025-02-19 23:52:12,0,False,3.3
SHP-000799,BAT-000799,Prague,Central Europe,Reefer Truck,2024-11-29 11:13:12,2024-11-30 19:13:12,32.0,2024-11-29 11:13:12,2024-11-30 19:13:12,0,False,3.3
SHP-000800,BAT-000800,Warsaw,Central Europe,Reefer Truck,2024-08-13 17:45:00,2024-08-14 21:45:00,28.0,2024-08-13 18:01:00,2024-08-14 22:01:00,16,False,3.7
SHP-000801,BAT-000801,Bucharest,Romania,Reefer Truck,2024-09-22 13:27:36,2024-09-23 03:27:36,14.0,2024-09-22 14:12:36,2024-09-23 04:12:36,45,False,4.5
SHP-000802,BAT-000802,Warsaw,Central Europe,Reefer Truck,2024-11-30 19:13:48,2024-12-01 23:13:48,28.0,2024-11-30 19:13:48,2024-12-01 23:13:48,0,False,3.9
SHP-000803,BAT-000803,Bălți Wholesale,Domestic,Reefer Truck,2024-06-18 11:00:00,2024-06-18 16:00:00,5.0,2024-06-18 11:00:00,2024-06-18 16:00:00,0,False,3.6
SHP-000804,BAT-000804,Berlin,Western Europe,Reefer Truck,2024-10-06 15:57:36,2024-10-08 05:57:36,38.0,2024-10-06 16:31:36,2024-10-08 06:31:36,34,False,2.9
SHP-000805,BAT-000805,Chișinău Local,Domestic,Insulated Van,2024-11-28 14:59:24,2024-11-28 18:59:24,4.0,2024-11-28 15:22:24,2024-11-28 19:22:24,23,False,3.7
SHP-000806,BAT-000806,Warsaw,Central Europe,Reefer Truck,2024-11-30 14:18:36,2024-12-01 18:18:36,28.0,2024-11-30 14:18:36,2024-12-01 18:18:36,0,False,4.3
SHP-000807,BAT-000807,Bălți Wholesale,Domestic,Ambient Truck,2024-09-29 18:25:12,2024-09-29 23:25:12,5.0,2024-09-29 18:31:12,2024-09-29 23:31:12,6,False,23.4
SHP-000808,BAT-000808,Iași,Romania,Insulated Van,2024-11-28 17:45:36,2024-11-29 01:45:36,8.0,2024-11-28 19:04:36,2024-11-29 03:04:36,79,False,4.2
SHP-000809,BAT-000809,Bucharest,Romania,Reefer Truck,2025-01-01 14:55:12,2025-01-02 04:55:12,14.0,2025-01-01 15:25:12,2025-01-02 05:25:12,30,False,3.9
SHP-000810,BAT-000810,Prague,Central Europe,Reefer Truck,2024-12-04 16:45:36,2024-12-06 00:45:36,32.0,2024-12-04 16:58:36,2024-12-06 00:58:36,13,False,3.9
SHP-000811,BAT-000811,Iași,Romania,Insulated Van,2024-09-14 14:46:12,2024-09-14 22:46:12,8.0,2024-09-14 16:46:12,2024-09-15 00:59:12,133,False,4.5
SHP-000812,BAT-000812,Chișinău Local,Domestic,Insulated Van,2025-01-14 14:39:36,2025-01-14 18:39:36,4.0,2025-01-14 14:41:36,2025-01-14 18:41:36,2,False,3.2
SHP-000813,BAT-000813,Iași,Romania,Insulated Van,2024-12-23 10:53:24,2024-12-23 18:53:24,8.0,2024-12-23 12:32:24,2024-12-23 20:32:24,99,False,2.6
SHP-000814,BAT-000814,Prague,Central Europe,Reefer Truck,2025-02-18 15:28:48,2025-02-19 23:28:48,32.0,2025-02-18 17:28:48,2025-02-20 05:44:48,376,False,4.3
SHP-000815,BAT-000815,Berlin,Western Europe,Reefer Truck,2024-11-12 20:10:48,2024-11-14 10:10:48,38.0,2024-11-12 20:10:48,2024-11-14 10:10:48,0,True,21.5
SHP-000816,BAT-000816,Iași,Romania,Insulated Van,2024-10-05 19:53:24,2024-10-06 03:53:24,8.0,2024-10-05 21:53:24,2024-10-06 10:12:24,379,False,2.9
SHP-000817,BAT-000817,Chișinău Local,Domestic,Insulated Van,2024-09-07 22:30:36,2024-09-08 02:30:36,4.0,2024-09-07 22:46:36,2024-09-08 02:46:36,16,False,3.1
SHP-000818,BAT-000818,Warsaw,Central Europe,Reefer Truck,2025-01-04 22:37:48,2025-01-06 02:37:48,28.0,2025-01-04 23:12:48,2025-01-06 03:12:48,35,False,4.2
SHP-000819,BAT-000819,Iași,Romania,Insulated Van,2024-10-27 15:51:36,2024-10-27 23:51:36,8.0,2024-10-27 16:31:36,2024-10-28 00:31:36,40,False,3.9
SHP-000820,BAT-000820,Prague,Central Europe,Reefer Truck,2025-01-02 19:04:48,2025-01-04 03:04:48,32.0,2025-01-02 19:59:48,2025-01-04 03:59:48,55,False,3.9
SHP-000821,BAT-000821,Bălți Wholesale,Domestic,Ambient Truck,2025-01-07 13:07:48,2025-01-07 18:07:48,5.0,2025-01-07 13:07:48,2025-01-07 18:07:48,0,False,18.0
SHP-000822,BAT-000822,Warsaw,Central Europe,Reefer Truck,2024-08-17 18:24:36,2024-08-18 22:24:36,28.0,2024-08-17 18:24:36,2024-08-18 22:24:36,0,False,3.7
SHP-000823,BAT-000823,Iași,Romania,Insulated Van,2024-11-15 12:40:48,2024-11-15 20:40:48,8.0,2024-11-15 13:20:48,2024-11-15 21:20:48,40,False,4.5
SHP-000824,BAT-000824,Bucharest,Romania,Reefer Truck,2024-10-13 18:11:24,2024-10-14 08:11:24,14.0,2024-10-13 19:10:24,2024-10-14 09:10:24,59,False,3.4
SHP-000825,BAT-000825,Chișinău Local,Domestic,Insulated Van,2024-12-13 12:57:00,2024-12-13 16:57:00,4.0,2024-12-13 14:31:00,2024-12-13 18:31:00,94,False,3.7
SHP-000826,BAT-000826,Prague,Central Europe,Reefer Truck,2025-01-12 15:09:00,2025-01-13 23:09:00,32.0,2025-01-12 15:52:00,2025-01-13 23:52:00,43,False,4.0
SHP-000827,BAT-000827,Brașov,Romania,Reefer Truck,2024-12-02 19:28:48,2024-12-03 11:28:48,16.0,2024-12-02 19:42:48,2024-12-03 11:42:48,14,False,3.0
SHP-000828,BAT-000828,Brașov,Romania,Reefer Truck,2024-12-28 17:45:36,2024-12-29 09:45:36,16.0,2024-12-28 17:45:36,2024-12-29 09:45:36,0,False,4.2
SHP-000829,BAT-000829,Bucharest,Romania,Reefer Truck,2024-08-09 18:46:48,2024-08-10 08:46:48,14.0,2024-08-09 19:24:48,2024-08-10 09:24:48,38,False,3.0
SHP-000830,BAT-000830,Chișinău Local,Domestic,Insulated Van,2024-12-17 19:52:12,2024-12-17 23:52:12,4.0,2024-12-17 19:52:12,2024-12-17 23:52:12,0,False,4.0
SHP-000831,BAT-000831,Berlin,Western Europe,Reefer Truck,2024-07-08 14:46:12,2024-07-10 04:46:12,38.0,2024-07-08 16:46:12,2024-07-10 13:18:12,512,False,2.9
SHP-000832,BAT-000832,Bălți Wholesale,Domestic,Ambient Truck,2024-08-03 14:30:00,2024-08-03 19:30:00,5.0,2024-08-03 15:07:00,2024-08-03 20:07:00,37,False,22.5
SHP-000833,BAT-000833,Berlin,Western Europe,Reefer Truck,2024-06-26 11:03:36,2024-06-28 01:03:36,38.0,2024-06-26 11:09:36,2024-06-28 01:09:36,6,False,3.9
SHP-000834,BAT-000834,Berlin,Western Europe,Reefer Truck,2024-08-27 15:53:24,2024-08-29 05:53:24,38.0,2024-08-27 17:53:24,2024-08-29 07:59:24,126,False,2.8
SHP-000835,BAT-000835,Bucharest,Romania,Reefer Truck,2024-12-30 16:48:00,2024-12-31 06:48:00,14.0,2024-12-30 17:40:00,2024-12-31 07:40:00,52,False,3.4
SHP-000836,BAT-000836,Iași,Romania,Insulated Van,2024-09-13 20:26:24,2024-09-14 04:26:24,8.0,2024-09-13 20:34:24,2024-09-14 04:34:24,8,False,3.2
SHP-000837,BAT-000837,Bălți Wholesale,Domestic,Ambient Truck,2024-12-25 18:42:00,2024-12-25 23:42:00,5.0,2024-12-25 18:59:00,2024-12-25 23:59:00,17,True,32.4
SHP-000838,BAT-000838,Brașov,Romania,Reefer Truck,2024-11-18 13:54:36,2024-11-19 05:54:36,16.0,2024-11-18 14:25:36,2024-11-19 06:25:36,31,False,3.2
SHP-000839,BAT-000839,Prague,Central Europe,Reefer Truck,2024-12-11 12:02:24,2024-12-12 20:02:24,32.0,2024-12-11 12:03:24,2024-12-12 20:03:24,1,False,2.6
SHP-000840,BAT-000840,Bălți Wholesale,Domestic,Ambient Truck,2025-02-06 19:50:24,2025-02-07 00:50:24,5.0,2025-02-06 19:50:24,2025-02-07 00:50:24,0,False,19.3
SHP-000841,BAT-000841,Bălți Wholesale,Domestic,Ambient Truck,2025-01-23 18:22:48,2025-01-23 23:22:48,5.0,2025-01-23 18:47:48,2025-01-23 23:47:48,25,False,21.1
SHP-000842,BAT-000842,Chișinău Local,Domestic,Reefer Truck,2024-07-31 14:13:12,2024-07-31 18:13:12,4.0,2024-07-31 14:13:12,2024-07-31 18:13:12,0,False,3.3
SHP-000843,BAT-000843,Brașov,Romania,Reefer Truck,2024-09-15 15:51:00,2024-09-16 07:51:00,16.0,2024-09-15 16:18:00,2024-09-16 08:18:00,27,False,3.8
SHP-000844,BAT-000844,Bălți Wholesale,Domestic,Ambient Truck,2024-12-23 13:07:12,2024-12-23 18:07:12,5.0,2024-12-23 13:10:12,2024-12-23 18:10:12,3,False,18.0
SHP-000845,BAT-000845,Berlin,Western Europe,Reefer Truck,2025-02-05 14:01:48,2025-02-07 04:01:48,38.0,2025-02-05 14:28:48,2025-02-07 04:28:48,27,False,3.5
SHP-000846,BAT-000846,Prague,Central Europe,Reefer Truck,2024-05-31 14:03:00,2024-06-01 22:03:00,32.0,2024-05-31 14:11:00,2024-06-01 22:11:00,8,False,3.6
SHP-000847,BAT-000847,Iași,Romania,Reefer Truck,2024-08-01 15:17:24,2024-08-01 23:17:24,8.0,2024-08-01 15:17:24,2024-08-01 23:17:24,0,False,4.3
SHP-000848,BAT-000848,Brașov,Romania,Reefer Truck,2024-10-31 12:30:00,2024-11-01 04:30:00,16.0,2024-10-31 13:49:00,2024-11-01 05:49:00,79,False,3.1
SHP-000849,BAT-000849,Bălți Wholesale,Domestic,Ambient Truck,2024-12-07 11:10:12,2024-12-07 16:10:12,5.0,2024-12-07 11:10:12,2024-12-07 16:10:12,0,False,18.0
SHP-000850,BAT-000850,Brașov,Romania,Reefer Truck,2025-01-11 11:40:12,2025-01-12 03:40:12,16.0,2025-01-11 11:40:12,2025-01-12 03:40:12,0,False,2.8
SHP-000851,BAT-000851,Brașov,Romania,Reefer Truck,2024-10-11 15:10:12,2024-10-12 07:10:12,16.0,2024-10-11 15:50:12,2024-10-12 07:50:12,40,False,2.8
SHP-000852,BAT-000852,Warsaw,Central Europe,Reefer Truck,2024-08-24 15:58:48,2024-08-25 19:58:48,28.0,2024-08-24 17:58:48,2024-08-25 23:18:48,200,False,4.4
SHP-000853,BAT-000853,Brașov,Romania,Reefer Truck,2024-07-21 11:01:48,2024-07-22 03:01:48,16.0,2024-07-21 11:27:48,2024-07-22 03:27:48,26,False,4.2
SHP-000854,BAT-000854,Brașov,Romania,Reefer Truck,2024-11-27 14:58:48,2024-11-28 06:58:48,16.0,2024-11-27 14:58:48,2024-11-28 06:58:48,0,False,4.3
SHP-000855,BAT-000855,Warsaw,Central Europe,Reefer Truck,2024-10-15 19:22:48,2024-10-16 23:22:48,28.0,2024-10-15 19:29:48,2024-10-16 23:29:48,7,False,4.4
SHP-000856,BAT-000856,Warsaw,Central Europe,Reefer Truck,2024-08-22 20:25:48,2024-08-24 00:25:48,28.0,2024-08-22 20:43:48,2024-08-24 00:43:48,18,False,4.4
SHP-000857,BAT-000857,Berlin,Western Europe,Reefer Truck,2024-10-06 12:24:36,2024-10-08 02:24:36,38.0,2024-10-06 12:57:36,2024-10-08 02:57:36,33,False,3.9
SHP-000858,BAT-000858,Bălți Wholesale,Domestic,Ambient Truck,2024-11-21 18:06:00,2024-11-21 23:06:00,5.0,2024-11-21 18:06:00,2024-11-21 23:06:00,0,False,15.5
SHP-000859,BAT-000859,Bucharest,Romania,Reefer Truck,2024-11-16 16:36:00,2024-11-17 06:36:00,14.0,2024-11-16 16:48:00,2024-11-17 06:48:00,12,False,2.9
SHP-000860,BAT-000860,Iași,Romania,Insulated Van,2024-09-27 22:02:24,2024-09-28 06:02:24,8.0,2024-09-27 22:27:24,2024-09-28 06:27:24,25,False,2.5
SHP-000861,BAT-000861,Brașov,Romania,Reefer Truck,2024-10-17 15:04:12,2024-10-18 07:04:12,16.0,2024-10-17 17:04:12,2024-10-18 13:20:12,376,False,3.9
SHP-000862,BAT-000862,Iași,Romania,Insulated Van,2024-12-05 15:13:12,2024-12-05 23:13:12,8.0,2024-12-05 16:37:12,2024-12-06 00:37:12,84,True,21.2
SHP-000863,BAT-000863,Berlin,Western Europe,Reefer Truck,2024-12-28 18:42:00,2024-12-30 08:42:00,38.0,2024-12-28 19:41:00,2024-12-30 09:41:00,59,False,4.3
SHP-000864,BAT-000864,Prague,Central Europe,Reefer Truck,2024-09-09 16:45:00,2024-09-11 00:45:00,32.0,2024-09-09 16:46:00,2024-09-11 00:46:00,1,False,3.0
SHP-000865,BAT-000865,Bălți Wholesale,Domestic,Ambient Truck,2024-12-12 20:08:24,2024-12-13 01:08:24,5.0,2024-12-12 20:18:24,2024-12-13 01:18:24,10,False,18.0
SHP-000866,BAT-000866,Bălți Wholesale,Domestic,Ambient Truck,2025-02-06 22:16:12,2025-02-07 03:16:12,5.0,2025-02-06 22:16:12,2025-02-07 03:16:12,0,True,24.3
SHP-000867,BAT-000867,Iași,Romania,Insulated Van,2025-01-05 21:21:36,2025-01-06 05:21:36,8.0,2025-01-05 22:33:36,2025-01-06 06:33:36,72,False,3.8
SHP-000868,BAT-000868,Warsaw,Central Europe,Reefer Truck,2025-01-27 22:49:12,2025-01-29 02:49:12,28.0,2025-01-27 22:49:12,2025-01-29 02:49:12,0,False,4.4
SHP-000869,BAT-000869,Berlin,Western Europe,Reefer Truck,2024-09-01 20:33:00,2024-09-03 10:33:00,38.0,2024-09-01 20:38:00,2024-09-03 10:38:00,5,False,3.0
SHP-000870,BAT-000870,Chișinău Local,Domestic,Insulated Van,2025-01-08 17:47:24,2025-01-08 21:47:24,4.0,2025-01-08 19:47:24,2025-01-09 04:27:24,400,False,3.0
SHP-000871,BAT-000871,Berlin,Western Europe,Reefer Truck,2024-12-10 18:07:12,2024-12-12 08:07:12,38.0,2024-12-10 18:07:12,2024-12-12 08:07:12,0,False,2.9
SHP-000872,BAT-000872,Chișinău Local,Domestic,Insulated Van,2024-08-11 16:58:48,2024-08-11 20:58:48,4.0,2024-08-11 18:58:48,2024-08-12 06:34:48,576,False,3.1
SHP-000873,BAT-000873,Warsaw,Central Europe,Reefer Truck,2024-10-17 15:31:12,2024-10-18 19:31:12,28.0,2024-10-17 15:31:12,2024-10-18 19:31:12,0,False,3.9
SHP-000874,BAT-000874,Warsaw,Central Europe,Reefer Truck,2024-08-11 12:42:36,2024-08-12 16:42:36,28.0,2024-08-11 12:42:36,2024-08-12 16:42:36,0,False,4.1
SHP-000875,BAT-000875,Warsaw,Central Europe,Reefer Truck,2024-08-23 14:24:00,2024-08-24 18:24:00,28.0,2024-08-23 14:50:00,2024-08-24 18:50:00,26,False,3.3
SHP-000876,BAT-000876,Bălți Wholesale,Domestic,Ambient Truck,2024-08-23 17:51:00,2024-08-23 22:51:00,5.0,2024-08-23 17:51:00,2024-08-23 22:51:00,0,True,27.6
SHP-000877,BAT-000877,Bucharest,Romania,Reefer Truck,2024-11-19 16:10:48,2024-11-20 06:10:48,14.0,2024-11-19 16:15:48,2024-11-20 06:15:48,5,False,2.9
SHP-000878,BAT-000878,Warsaw,Central Europe,Reefer Truck,2025-01-17 14:26:24,2025-01-18 18:26:24,28.0,2025-01-17 14:47:24,2025-01-18 18:47:24,21,True,21.8
SHP-000879,BAT-000879,Prague,Central Europe,Reefer Truck,2024-10-23 11:51:00,2024-10-24 19:51:00,32.0,2024-10-23 12:15:00,2024-10-24 20:15:00,24,False,3.6
SHP-000880,BAT-000880,Brașov,Romania,Reefer Truck,2024-10-25 20:39:00,2024-10-26 12:39:00,16.0,2024-10-25 21:06:00,2024-10-26 13:06:00,27,False,3.4
SHP-000881,BAT-000881,Berlin,Western Europe,Reefer Truck,2024-10-07 16:38:24,2024-10-09 06:38:24,38.0,2024-10-07 16:43:24,2024-10-09 06:43:24,5,False,4.4
SHP-000882,BAT-000882,Brașov,Romania,Reefer Truck,2024-09-27 20:46:48,2024-09-28 12:46:48,16.0,2024-09-27 20:46:48,2024-09-28 12:46:48,0,False,4.3
SHP-000883,BAT-000883,Bucharest,Romania,Reefer Truck,2025-01-19 16:42:00,2025-01-20 06:42:00,14.0,2025-01-19 16:53:00,2025-01-20 06:53:00,11,False,4.1
SHP-000884,BAT-000884,Chișinău Local,Domestic,Insulated Van,2024-10-08 14:36:36,2024-10-08 18:36:36,4.0,2024-10-08 14:36:36,2024-10-08 18:36:36,0,False,3.2
SHP-000885,BAT-000885,Chișinău Local,Domestic,Insulated Van,2024-11-09 19:28:48,2024-11-09 23:28:48,4.0,2024-11-09 20:34:48,2024-11-10 00:34:48,66,False,4.2
SHP-000886,BAT-000886,Warsaw,Central Europe,Reefer Truck,2024-07-15 15:28:12,2024-07-16 19:28:12,28.0,2024-07-15 15:28:12,2024-07-16 19:28:12,0,False,4.4
SHP-000887,BAT-000887,Chișinău Local,Domestic,Insulated Van,2024-09-24 18:37:48,2024-09-24 22:37:48,4.0,2024-09-24 18:38:48,2024-09-24 22:38:48,1,False,4.1
SHP-000888,BAT-000888,Iași,Romania,Insulated Van,2024-11-18 17:46:48,2024-11-19 01:46:48,8.0,2024-11-18 19:46:48,2024-11-19 03:48:48,122,False,4.4
SHP-000889,BAT-000889,Berlin,Western Europe,Reefer Truck,2024-09-29 16:39:00,2024-10-01 06:39:00,38.0,2024-09-29 16:39:00,2024-10-01 06:39:00,0,False,3.4
SHP-000890,BAT-000890,Berlin,Western Europe,Reefer Truck,2024-12-02 15:31:12,2024-12-04 05:31:12,38.0,2024-12-02 15:31:12,2024-12-04 05:31:12,0,False,4.5
SHP-000891,BAT-000891,Brașov,Romania,Reefer Truck,2024-08-24 17:20:24,2024-08-25 09:20:24,16.0,2024-08-24 17:20:24,2024-08-25 09:20:24,0,False,3.8
SHP-000892,BAT-000892,Warsaw,Central Europe,Reefer Truck,2024-12-17 20:52:12,2024-12-19 00:52:12,28.0,2024-12-17 22:52:12,2024-12-19 04:14:12,202,False,3.2
SHP-000893,BAT-000893,Berlin,Western Europe,Reefer Truck,2025-03-07 22:06:00,2025-03-09 12:06:00,38.0,2025-03-08 00:06:00,2025-03-09 14:24:00,138,False,2.6
SHP-000894,BAT-000894,Prague,Central Europe,Reefer Truck,2024-10-20 16:37:48,2024-10-22 00:37:48,32.0,2024-10-20 16:37:48,2024-10-22 00:37:48,0,False,3.8
SHP-000895,BAT-000895,Berlin,Western Europe,Reefer Truck,2024-12-13 15:25:48,2024-12-15 05:25:48,38.0,2024-12-13 15:25:48,2024-12-15 05:25:48,0,False,3.0
SHP-000896,BAT-000896,Prague,Central Europe,Reefer Truck,2024-09-25 17:22:48,2024-09-27 01:22:48,32.0,2024-09-25 18:39:48,2024-09-27 02:39:48,77,False,2.6
SHP-000897,BAT-000897,Bălți Wholesale,Domestic,Ambient Truck,2024-08-24 20:47:24,2024-08-25 01:47:24,5.0,2024-08-24 21:44:24,2024-08-25 02:44:24,57,True,24.9
SHP-000898,BAT-000898,Iași,Romania,Insulated Van,2024-11-17 12:30:00,2024-11-17 20:30:00,8.0,2024-11-17 12:30:00,2024-11-17 20:30:00,0,False,4.3
SHP-000899,BAT-000899,Berlin,Western Europe,Reefer Truck,2024-08-07 21:44:24,2024-08-09 11:44:24,38.0,2024-08-07 22:40:24,2024-08-09 12:40:24,56,False,3.4
SHP-000900,BAT-000900,Bucharest,Romania,Reefer Truck,2025-01-01 20:38:24,2025-01-02 10:38:24,14.0,2025-01-01 20:53:24,2025-01-02 10:53:24,15,False,3.4
SHP-000901,BAT-000901,Berlin,Western Europe,Reefer Truck,2025-12-31 16:39:00,2026-01-02 06:39:00,38.0,2025-12-31 16:39:00,2026-01-02 06:39:00,0,False,3.6
SHP-000902,BAT-000902,Warsaw,Central Europe,Reefer Truck,2025-08-04 17:46:12,2025-08-05 21:46:12,28.0,2025-08-04 19:46:12,2025-08-06 06:14:12,508,True,16.4
SHP-000903,BAT-000903,Prague,Central Europe,Reefer Truck,2026-02-07 15:40:12,2026-02-08 23:40:12,32.0,2026-02-07 16:04:12,2026-02-09 00:04:12,24,False,3.2
SHP-000904,BAT-000904,Bălți Wholesale,Domestic,Ambient Truck,2025-10-23 23:01:48,2025-10-24 04:01:48,5.0,2025-10-23 23:02:48,2025-10-24 04:02:48,1,True,25.8
SHP-000905,BAT-000905,Chișinău Local,Domestic,Insulated Van,2025-11-09 19:04:12,2025-11-09 23:04:12,4.0,2025-11-09 21:04:12,2025-11-10 02:16:12,192,False,3.1
SHP-000906,BAT-000906,Warsaw,Central Europe,Reefer Truck,2025-08-02 19:34:48,2025-08-03 23:34:48,28.0,2025-08-02 19:50:48,2025-08-03 23:50:48,16,False,2.5
SHP-000907,BAT-000907,Berlin,Western Europe,Reefer Truck,2025-06-21 11:49:48,2025-06-23 01:49:48,38.0,2025-06-21 12:22:48,2025-06-23 02:22:48,33,False,3.9
SHP-000908,BAT-000908,Berlin,Western Europe,Reefer Truck,2026-01-09 22:45:00,2026-01-11 12:45:00,38.0,2026-01-09 23:52:00,2026-01-11 13:52:00,67,False,3.5
SHP-000909,BAT-000909,Warsaw,Central Europe,Reefer Truck,2026-02-13 19:22:12,2026-02-14 23:22:12,28.0,2026-02-13 20:05:12,2026-02-15 00:05:12,43,False,2.7
SHP-000910,BAT-000910,Bucharest,Romania,Reefer Truck,2025-11-30 19:03:00,2025-12-01 09:03:00,14.0,2025-11-30 20:10:00,2025-12-01 10:10:00,67,False,2.7
SHP-000911,BAT-000911,Brașov,Romania,Reefer Truck,2025-11-23 14:07:12,2025-11-24 06:07:12,16.0,2025-11-23 14:13:12,2025-11-24 06:13:12,6,False,3.8
SHP-000912,BAT-000912,Prague,Central Europe,Reefer Truck,2026-03-16 17:24:00,2026-03-18 01:24:00,32.0,2026-03-16 17:54:00,2026-03-18 01:54:00,30,False,3.9
SHP-000913,BAT-000913,Warsaw,Central Europe,Reefer Truck,2025-07-10 15:31:12,2025-07-11 19:31:12,28.0,2025-07-10 15:48:12,2025-07-11 19:48:12,17,False,4.4
SHP-000914,BAT-000914,Iași,Romania,Insulated Van,2025-10-12 19:49:12,2025-10-13 03:49:12,8.0,2025-10-12 20:46:12,2025-10-13 04:46:12,57,False,3.3
SHP-000915,BAT-000915,Iași,Romania,Reefer Truck,2025-08-27 15:01:12,2025-08-27 23:01:12,8.0,2025-08-27 15:02:12,2025-08-27 23:02:12,1,False,2.8
SHP-000916,BAT-000916,Prague,Central Europe,Reefer Truck,2025-09-02 14:31:48,2025-09-03 22:31:48,32.0,2025-09-02 15:42:48,2025-09-03 23:42:48,71,False,3.3
SHP-000917,BAT-000917,Iași,Romania,Insulated Van,2025-09-22 13:51:00,2025-09-22 21:51:00,8.0,2025-09-22 15:51:00,2025-09-22 23:57:00,126,False,3.4
SHP-000918,BAT-000918,Bucharest,Romania,Reefer Truck,2026-02-14 13:51:00,2026-02-15 03:51:00,14.0,2026-02-14 14:04:00,2026-02-15 04:04:00,13,False,2.9
SHP-000919,BAT-000919,Chișinău Local,Domestic,Insulated Van,2026-03-01 17:00:36,2026-03-01 21:00:36,4.0,2026-03-01 17:33:36,2026-03-01 21:33:36,33,False,3.9
SHP-000920,BAT-000920,Warsaw,Central Europe,Reefer Truck,2025-07-02 14:47:24,2025-07-03 18:47:24,28.0,2025-07-02 14:55:24,2025-07-03 18:55:24,8,False,3.3
SHP-000921,BAT-000921,Bucharest,Romania,Reefer Truck,2026-02-27 16:44:24,2026-02-28 06:44:24,14.0,2026-02-27 16:48:24,2026-02-28 06:48:24,4,True,14.8
SHP-000922,BAT-000922,Bălți Wholesale,Domestic,Ambient Truck,2025-11-22 16:50:24,2025-11-22 21:50:24,5.0,2025-11-22 17:42:24,2025-11-22 22:42:24,52,False,18.0
SHP-000923,BAT-000923,Bălți Wholesale,Domestic,Ambient Truck,2026-03-31 13:38:24,2026-03-31 18:38:24,5.0,2026-03-31 15:34:24,2026-03-31 20:34:24,116,False,18.0
SHP-000924,BAT-000924,Warsaw,Central Europe,Reefer Truck,2026-01-21 13:52:12,2026-01-22 17:52:12,28.0,2026-01-21 13:52:12,2026-01-22 17:52:12,0,False,3.1
SHP-000925,BAT-000925,Bucharest,Romania,Reefer Truck,2026-03-05 12:34:48,2026-03-06 02:34:48,14.0,2026-03-05 14:34:48,2026-03-06 05:14:48,160,False,3.3
SHP-000926,BAT-000926,Bălți Wholesale,Domestic,Ambient Truck,2026-02-24 13:21:36,2026-02-24 18:21:36,5.0,2026-02-24 14:21:36,2026-02-24 19:21:36,60,False,18.0
SHP-000927,BAT-000927,Warsaw,Central Europe,Reefer Truck,2025-11-23 19:00:36,2025-11-24 23:00:36,28.0,2025-11-23 19:06:36,2025-11-24 23:06:36,6,False,2.7
SHP-000928,BAT-000928,Prague,Central Europe,Reefer Truck,2025-12-15 13:04:12,2025-12-16 21:04:12,32.0,2025-12-15 13:04:12,2025-12-16 21:04:12,0,False,3.8
SHP-000929,BAT-000929,Iași,Romania,Insulated Van,2025-11-22 21:48:36,2025-11-23 05:48:36,8.0,2025-11-22 22:57:36,2025-11-23 06:57:36,69,True,19.4
SHP-000930,BAT-000930,Bălți Wholesale,Domestic,Ambient Truck,2025-10-17 21:50:24,2025-10-18 02:50:24,5.0,2025-10-17 22:32:24,2025-10-18 03:32:24,42,False,15.1
SHP-000931,BAT-000931,Warsaw,Central Europe,Reefer Truck,2026-01-18 22:02:24,2026-01-20 02:02:24,28.0,2026-01-18 22:40:24,2026-01-20 02:40:24,38,False,2.9
SHP-000932,BAT-000932,Brașov,Romania,Reefer Truck,2026-01-23 14:14:24,2026-01-24 06:14:24,16.0,2026-01-23 14:14:24,2026-01-24 06:14:24,0,False,4.0
SHP-000933,BAT-000933,Bucharest,Romania,Reefer Truck,2026-01-18 21:16:12,2026-01-19 11:16:12,14.0,2026-01-18 21:51:12,2026-01-19 11:51:12,35,False,3.8
SHP-000934,BAT-000934,Bălți Wholesale,Domestic,Ambient Truck,2025-11-15 21:26:24,2025-11-16 02:26:24,5.0,2025-11-15 21:45:24,2025-11-16 02:45:24,19,False,18.0
SHP-000935,BAT-000935,Berlin,Western Europe,Reefer Truck,2025-11-17 23:33:36,2025-11-19 13:33:36,38.0,2025-11-18 00:03:36,2025-11-19 14:03:36,30,False,2.6
SHP-000936,BAT-000936,Brașov,Romania,Reefer Truck,2025-08-12 21:06:00,2025-08-13 13:06:00,16.0,2025-08-12 21:17:00,2025-08-13 13:17:00,11,False,4.1
SHP-000937,BAT-000937,Iași,Romania,Insulated Van,2026-01-30 18:31:12,2026-01-31 02:31:12,8.0,2026-01-30 18:44:12,2026-01-31 02:44:12,13,False,2.9
SHP-000938,BAT-000938,Bălți Wholesale,Domestic,Ambient Truck,2025-08-13 15:17:24,2025-08-13 20:17:24,5.0,2025-08-13 15:28:24,2025-08-13 20:28:24,11,False,21.9
SHP-000939,BAT-000939,Chișinău Local,Domestic,Insulated Van,2025-07-15 15:49:12,2025-07-15 19:49:12,4.0,2025-07-15 15:58:12,2025-07-15 19:58:12,9,True,18.3
SHP-000940,BAT-000940,Bălți Wholesale,Domestic,Ambient Truck,2026-01-15 18:18:36,2026-01-15 23:18:36,5.0,2026-01-15 18:21:36,2026-01-15 23:21:36,3,False,18.0
SHP-000941,BAT-000941,Iași,Romania,Insulated Van,2025-12-06 14:39:36,2025-12-06 22:39:36,8.0,2025-12-06 15:22:36,2025-12-06 23:22:36,43,False,4.1
SHP-000942,BAT-000942,Bălți Wholesale,Domestic,Ambient Truck,2025-09-12 15:50:24,2025-09-12 20:50:24,5.0,2025-09-12 15:50:24,2025-09-12 20:50:24,0,False,24.0
SHP-000943,BAT-000943,Chișinău Local,Domestic,Insulated Van,2026-02-07 17:16:12,2026-02-07 21:16:12,4.0,2026-02-07 17:33:12,2026-02-07 21:33:12,17,False,3.9
SHP-000944,BAT-000944,Bucharest,Romania,Reefer Truck,2025-11-27 22:03:00,2025-11-28 12:03:00,14.0,2025-11-27 22:06:00,2025-11-28 12:06:00,3,False,3.9
SHP-000945,BAT-000945,Iași,Romania,Insulated Van,2025-07-19 12:09:00,2025-07-19 20:09:00,8.0,2025-07-19 13:03:00,2025-07-19 21:03:00,54,False,3.1
SHP-000946,BAT-000946,Chișinău Local,Domestic,Insulated Van,2025-12-14 12:34:12,2025-12-14 16:34:12,4.0,2025-12-14 12:47:12,2025-12-14 16:47:12,13,False,3.7
SHP-000947,BAT-000947,Brașov,Romania,Reefer Truck,2025-12-16 20:15:00,2025-12-17 12:15:00,16.0,2025-12-16 20:42:00,2025-12-17 12:42:00,27,False,3.7
SHP-000948,BAT-000948,Brașov,Romania,Reefer Truck,2025-10-22 15:24:36,2025-10-23 07:24:36,16.0,2025-10-22 15:25:36,2025-10-23 07:25:36,1,False,4.4
SHP-000949,BAT-000949,Berlin,Western Europe,Reefer Truck,2025-09-23 11:10:12,2025-09-25 01:10:12,38.0,2025-09-23 11:19:12,2025-09-25 01:19:12,9,False,3.9
SHP-000950,BAT-000950,Chișinău Local,Domestic,Insulated Van,2025-11-29 22:45:00,2025-11-30 02:45:00,4.0,2025-11-29 22:45:00,2025-11-30 02:45:00,0,False,4.3
SHP-000951,BAT-000951,Prague,Central Europe,Reefer Truck,2025-09-10 17:15:36,2025-09-12 01:15:36,32.0,2025-09-10 17:15:36,2025-09-12 01:15:36,0,False,3.3
SHP-000952,BAT-000952,Warsaw,Central Europe,Reefer Truck,2025-12-29 12:37:12,2025-12-30 16:37:12,28.0,2025-12-29 12:43:12,2025-12-30 16:43:12,6,False,3.1
SHP-000953,BAT-000953,Bucharest,Romania,Reefer Truck,2025-12-01 13:43:48,2025-12-02 03:43:48,14.0,2025-12-01 14:06:48,2025-12-02 04:06:48,23,False,2.8
SHP-000954,BAT-000954,Brașov,Romania,Reefer Truck,2025-07-25 17:07:48,2025-07-26 09:07:48,16.0,2025-07-25 17:09:48,2025-07-26 09:09:48,2,False,4.5
SHP-000955,BAT-000955,Chișinău Local,Domestic,Insulated Van,2025-10-26 22:26:24,2025-10-27 02:26:24,4.0,2025-10-26 23:10:24,2025-10-27 03:10:24,44,False,4.1
SHP-000956,BAT-000956,Chișinău Local,Domestic,Insulated Van,2025-12-14 16:52:48,2025-12-14 20:52:48,4.0,2025-12-14 17:24:48,2025-12-14 21:24:48,32,False,3.3
SHP-000957,BAT-000957,Chișinău Local,Domestic,Insulated Van,2026-01-03 11:40:12,2026-01-03 15:40:12,4.0,2026-01-03 11:40:12,2026-01-03 15:40:12,0,False,3.7
SHP-000958,BAT-000958,Chișinău Local,Domestic,Insulated Van,2026-01-19 11:42:36,2026-01-19 15:42:36,4.0,2026-01-19 11:54:36,2026-01-19 15:54:36,12,False,3.8
SHP-000959,BAT-000959,Warsaw,Central Europe,Reefer Truck,2025-11-15 14:33:36,2025-11-16 18:33:36,28.0,2025-11-15 15:45:36,2025-11-16 19:45:36,72,False,3.8
SHP-000960,BAT-000960,Iași,Romania,Insulated Van,2025-09-13 21:16:48,2025-09-14 05:16:48,8.0,2025-09-13 21:24:48,2025-09-14 05:24:48,8,False,3.0
SHP-000961,BAT-000961,Berlin,Western Europe,Reefer Truck,2025-11-19 12:28:48,2025-11-21 02:28:48,38.0,2025-11-19 13:10:48,2025-11-21 03:10:48,42,False,2.7
SHP-000962,BAT-000962,Prague,Central Europe,Reefer Truck,2025-11-28 19:21:00,2025-11-30 03:21:00,32.0,2025-11-28 19:21:00,2025-11-30 03:21:00,0,False,4.4
SHP-000963,BAT-000963,Iași,Romania,Insulated Van,2026-01-25 11:39:00,2026-01-25 19:39:00,8.0,2026-01-25 11:56:00,2026-01-25 19:56:00,17,False,3.0
SHP-000964,BAT-000964,Chișinău Local,Domestic,Insulated Van,2025-11-06 22:04:48,2025-11-07 02:04:48,4.0,2025-11-06 22:04:48,2025-11-07 02:04:48,0,False,2.9
SHP-000965,BAT-000965,Prague,Central Europe,Reefer Truck,2025-11-16 15:18:00,2025-11-17 23:18:00,32.0,2025-11-16 15:42:00,2025-11-17 23:42:00,24,False,3.2
SHP-000966,BAT-000966,Iași,Romania,Insulated Van,2025-07-23 17:42:36,2025-07-24 01:42:36,8.0,2025-07-23 18:32:36,2025-07-24 02:32:36,50,False,2.6
SHP-000967,BAT-000967,Brașov,Romania,Reefer Truck,2026-03-05 19:39:00,2026-03-06 11:39:00,16.0,2026-03-05 19:51:00,2026-03-06 11:51:00,12,False,2.5
SHP-000968,BAT-000968,Prague,Central Europe,Reefer Truck,2026-02-25 17:37:12,2026-02-27 01:37:12,32.0,2026-02-25 18:36:12,2026-02-27 02:36:12,59,True,14.9
SHP-000969,BAT-000969,Iași,Romania,Insulated Van,2025-12-06 15:10:48,2025-12-06 23:10:48,8.0,2025-12-06 16:48:48,2025-12-07 00:48:48,98,False,4.3
SHP-000970,BAT-000970,Chișinău Local,Domestic,Reefer Truck,2025-07-02 14:36:36,2025-07-02 18:36:36,4.0,2025-07-02 14:36:36,2025-07-02 18:36:36,0,False,3.6
SHP-000971,BAT-000971,Brașov,Romania,Reefer Truck,2025-11-26 18:18:00,2025-11-27 10:18:00,16.0,2025-11-26 18:37:00,2025-11-27 10:37:00,19,False,4.5
SHP-000972,BAT-000972,Iași,Romania,Insulated Van,2025-11-11 16:11:24,2025-11-12 00:11:24,8.0,2025-11-11 16:11:24,2025-11-12 00:11:24,0,False,3.9
SHP-000973,BAT-000973,Bălți Wholesale,Domestic,Ambient Truck,2025-12-02 23:10:12,2025-12-03 04:10:12,5.0,2025-12-02 23:29:12,2025-12-03 04:29:12,19,False,18.0
SHP-000974,BAT-000974,Bucharest,Romania,Reefer Truck,2026-01-08 10:37:48,2026-01-09 00:37:48,14.0,2026-01-08 10:45:48,2026-01-09 00:45:48,8,False,2.9
SHP-000975,BAT-000975,Warsaw,Central Europe,Reefer Truck,2025-08-18 15:02:24,2025-08-19 19:02:24,28.0,2025-08-18 15:02:24,2025-08-19 19:02:24,0,False,3.4
SHP-000976,BAT-000976,Prague,Central Europe,Reefer Truck,2025-12-29 18:57:00,2025-12-31 02:57:00,32.0,2025-12-29 19:27:00,2025-12-31 03:27:00,30,False,2.6
SHP-000977,BAT-000977,Bucharest,Romania,Reefer Truck,2025-09-21 19:40:12,2025-09-22 09:40:12,14.0,2025-09-21 19:40:12,2025-09-22 09:40:12,0,False,4.0
SHP-000978,BAT-000978,Chișinău Local,Domestic,Insulated Van,2025-09-15 21:36:00,2025-09-16 01:36:00,4.0,2025-09-15 21:46:00,2025-09-16 01:46:00,10,False,2.6
SHP-000979,BAT-000979,Bucharest,Romania,Reefer Truck,2025-10-27 13:59:24,2025-10-28 03:59:24,14.0,2025-10-27 14:01:24,2025-10-28 04:01:24,2,False,3.9
SHP-000980,BAT-000980,Bucharest,Romania,Reefer Truck,2025-07-29 18:06:00,2025-07-30 08:06:00,14.0,2025-07-29 20:06:00,2025-07-30 10:48:00,162,False,2.6
SHP-000981,BAT-000981,Chișinău Local,Domestic,Insulated Van,2026-01-24 20:34:12,2026-01-25 00:34:12,4.0,2026-01-24 21:31:12,2026-01-25 01:31:12,57,False,3.4
SHP-000982,BAT-000982,Brașov,Romania,Reefer Truck,2025-12-23 15:10:48,2025-12-24 07:10:48,16.0,2025-12-23 15:38:48,2025-12-24 07:38:48,28,False,3.1
SHP-000983,BAT-000983,Prague,Central Europe,Reefer Truck,2026-01-04 13:22:12,2026-01-05 21:22:12,32.0,2026-01-04 13:40:12,2026-01-05 21:40:12,18,False,3.9
SHP-000984,BAT-000984,Brașov,Romania,Reefer Truck,2025-10-11 16:18:00,2025-10-12 08:18:00,16.0,2025-10-11 16:18:00,2025-10-12 08:18:00,0,False,3.0
SHP-000985,BAT-000985,Bălți Wholesale,Domestic,Ambient Truck,2025-11-12 18:17:24,2025-11-12 23:17:24,5.0,2025-11-12 18:22:24,2025-11-12 23:22:24,5,False,22.7
SHP-000986,BAT-000986,Prague,Central Europe,Reefer Truck,2026-01-26 19:12:00,2026-01-28 03:12:00,32.0,2026-01-26 19:29:00,2026-01-28 03:29:00,17,False,3.6
SHP-000987,BAT-000987,Bucharest,Romania,Reefer Truck,2025-12-15 18:34:12,2025-12-16 08:34:12,14.0,2025-12-15 18:34:12,2025-12-16 08:34:12,0,False,2.8
SHP-000988,BAT-000988,Bucharest,Romania,Reefer Truck,2025-12-09 20:03:00,2025-12-10 10:03:00,14.0,2025-12-09 22:03:00,2025-12-10 18:55:00,532,False,3.4
SHP-000989,BAT-000989,Prague,Central Europe,Reefer Truck,2025-06-22 11:35:24,2025-06-23 19:35:24,32.0,2025-06-22 13:09:24,2025-06-23 21:09:24,94,False,4.1
SHP-000990,BAT-000990,Prague,Central Europe,Reefer Truck,2025-11-05 13:11:24,2025-11-06 21:11:24,32.0,2025-11-05 13:11:24,2025-11-06 21:11:24,0,False,3.1
SHP-000991,BAT-000991,Brașov,Romania,Reefer Truck,2025-11-23 22:25:12,2025-11-24 14:25:12,16.0,2025-11-23 22:49:12,2025-11-24 14:49:12,24,False,3.4
SHP-000992,BAT-000992,Bălți Wholesale,Domestic,Ambient Truck,2025-12-12 13:02:24,2025-12-12 18:02:24,5.0,2025-12-12 13:10:24,2025-12-12 18:10:24,8,False,18.0
SHP-000993,BAT-000993,Chișinău Local,Domestic,Reefer Truck,2025-06-01 10:57:36,2025-06-01 14:57:36,4.0,2025-06-01 12:57:36,2025-06-01 17:12:36,135,False,2.8
SHP-000994,BAT-000994,Bălți Wholesale,Domestic,Ambient Truck,2026-02-23 16:15:00,2026-02-23 21:15:00,5.0,2026-02-23 16:42:00,2026-02-23 21:42:00,27,False,18.0
SHP-000995,BAT-000995,Berlin,Western Europe,Reefer Truck,2026-03-11 19:21:36,2026-03-13 09:21:36,38.0,2026-03-11 19:54:36,2026-03-13 09:54:36,33,False,2.6
SHP-000996,BAT-000996,Chișinău Local,Domestic,Reefer Truck,2025-06-08 10:55:48,2025-06-08 14:55:48,4.0,2025-06-08 11:45:48,2025-06-08 15:45:48,50,False,3.5
SHP-000997,BAT-000997,Berlin,Western Europe,Reefer Truck,2025-11-17 19:00:00,2025-11-19 09:00:00,38.0,2025-11-17 21:00:00,2025-11-19 12:29:00,209,False,3.3
SHP-000998,BAT-000998,Berlin,Western Europe,Reefer Truck,2026-01-18 17:57:36,2026-01-20 07:57:36,38.0,2026-01-18 17:57:36,2026-01-20 07:57:36,0,False,3.0
SHP-000999,BAT-000999,Chișinău Local,Domestic,Insulated Van,2025-10-17 20:21:36,2025-10-18 00:21:36,4.0,2025-10-17 20:36:36,2025-10-18 00:36:36,15,False,4.4
SHP-001000,BAT-001000,Iași,Romania,Insulated Van,2025-10-09 18:14:24,2025-10-10 02:14:24,8.0,2025-10-09 19:36:24,2025-10-10 03:36:24,82,False,2.8
SHP-001001,BAT-001001,Iași,Romania,Insulated Van,2025-10-31 16:20:24,2025-11-01 00:20:24,8.0,2025-10-31 16:21:24,2025-11-01 00:21:24,1,False,4.3
SHP-001002,BAT-001002,Berlin,Western Europe,Reefer Truck,2025-12-19 17:51:36,2025-12-21 07:51:36,38.0,2025-12-19 18:02:36,2025-12-21 08:02:36,11,False,2.9
SHP-001003,BAT-001003,Chișinău Local,Domestic,Insulated Van,2025-07-31 15:26:24,2025-07-31 19:26:24,4.0,2025-07-31 15:50:24,2025-07-31 19:50:24,24,False,2.6
SHP-001004,BAT-001004,Brașov,Romania,Insulated Van,2025-07-30 20:22:12,2025-07-31 12:22:12,16.0,2025-07-30 20:24:12,2025-07-31 12:24:12,2,False,3.7
SHP-001005,BAT-001005,Warsaw,Central Europe,Reefer Truck,2025-12-08 15:22:48,2025-12-09 19:22:48,28.0,2025-12-08 15:34:48,2025-12-09 19:34:48,12,False,3.6
SHP-001006,BAT-001006,Warsaw,Central Europe,Reefer Truck,2025-11-17 14:14:24,2025-11-18 18:14:24,28.0,2025-11-17 14:37:24,2025-11-18 18:37:24,23,False,2.7
SHP-001007,BAT-001007,Prague,Central Europe,Reefer Truck,2025-12-11 12:34:12,2025-12-12 20:34:12,32.0,2025-12-11 12:34:12,2025-12-12 20:34:12,0,False,2.8
SHP-001008,BAT-001008,Warsaw,Central Europe,Reefer Truck,2026-01-02 15:45:00,2026-01-03 19:45:00,28.0,2026-01-02 16:13:00,2026-01-03 20:13:00,28,False,3.6
SHP-001009,BAT-001009,Bucharest,Romania,Reefer Truck,2025-11-19 23:18:00,2025-11-20 13:18:00,14.0,2025-11-19 23:43:00,2025-11-20 13:43:00,25,False,2.7
SHP-001010,BAT-001010,Chișinău Local,Domestic,Insulated Van,2025-11-15 18:54:36,2025-11-15 22:54:36,4.0,2025-11-15 18:54:36,2025-11-15 22:54:36,0,False,3.0
SHP-001011,BAT-001011,Berlin,Western Europe,Reefer Truck,2025-11-21 21:32:24,2025-11-23 11:32:24,38.0,2025-11-21 23:32:24,2025-11-23 19:24:24,472,False,3.8
SHP-001012,BAT-001012,Berlin,Western Europe,Reefer Truck,2025-12-02 18:24:00,2025-12-04 08:24:00,38.0,2025-12-02 18:35:00,2025-12-04 08:35:00,11,False,2.8
SHP-001013,BAT-001013,Bălți Wholesale,Domestic,Ambient Truck,2025-10-28 20:05:24,2025-10-29 01:05:24,5.0,2025-10-28 20:19:24,2025-10-29 01:19:24,14,False,15.8
SHP-001014,BAT-001014,Iași,Romania,Insulated Van,2025-12-07 12:55:48,2025-12-07 20:55:48,8.0,2025-12-07 12:58:48,2025-12-07 20:58:48,3,False,2.6
SHP-001015,BAT-001015,Warsaw,Central Europe,Reefer Truck,2026-01-29 14:40:48,2026-01-30 18:40:48,28.0,2026-01-29 14:40:48,2026-01-30 18:40:48,0,False,4.3
SHP-001016,BAT-001016,Iași,Romania,Insulated Van,2026-03-26 17:07:48,2026-03-27 01:07:48,8.0,2026-03-26 17:20:48,2026-03-27 01:20:48,13,False,4.5
SHP-001017,BAT-001017,Chișinău Local,Domestic,Insulated Van,2025-12-23 15:45:36,2025-12-23 19:45:36,4.0,2025-12-23 16:06:36,2025-12-23 20:06:36,21,False,3.4
SHP-001018,BAT-001018,Berlin,Western Europe,Reefer Truck,2025-09-01 16:27:36,2025-09-03 06:27:36,38.0,2025-09-01 16:55:36,2025-09-03 06:55:36,28,False,2.6
SHP-001019,BAT-001019,Prague,Central Europe,Reefer Truck,2026-01-21 19:46:12,2026-01-23 03:46:12,32.0,2026-01-21 19:53:12,2026-01-23 03:53:12,7,False,4.2
SHP-001020,BAT-001020,Warsaw,Central Europe,Reefer Truck,2025-10-05 17:46:48,2025-10-06 21:46:48,28.0,2025-10-05 17:52:48,2025-10-06 21:52:48,6,True,18.6
SHP-001021,BAT-001021,Bucharest,Romania,Reefer Truck,2025-10-31 17:11:24,2025-11-01 07:11:24,14.0,2025-10-31 17:11:24,2025-11-01 07:11:24,0,False,3.8
SHP-001022,BAT-001022,Chișinău Local,Domestic,Insulated Van,2025-09-07 19:29:24,2025-09-07 23:29:24,4.0,2025-09-07 20:01:24,2025-09-08 00:01:24,32,False,2.7
SHP-001023,BAT-001023,Prague,Central Europe,Reefer Truck,2026-01-19 13:25:12,2026-01-20 21:25:12,32.0,2026-01-19 13:25:12,2026-01-20 21:25:12,0,False,4.1
SHP-001024,BAT-001024,Berlin,Western Europe,Reefer Truck,2025-09-28 16:02:24,2025-09-30 06:02:24,38.0,2025-09-28 16:02:24,2025-09-30 06:02:24,0,False,3.7
SHP-001025,BAT-001025,Bălți Wholesale,Domestic,Ambient Truck,2025-08-02 21:51:36,2025-08-03 02:51:36,5.0,2025-08-02 21:51:36,2025-08-03 02:51:36,0,True,29.2
SHP-001026,BAT-001026,Chișinău Local,Domestic,Insulated Van,2026-01-15 17:05:24,2026-01-15 21:05:24,4.0,2026-01-15 17:05:24,2026-01-15 21:05:24,0,False,2.7
SHP-001027,BAT-001027,Berlin,Western Europe,Reefer Truck,2026-01-19 13:49:48,2026-01-21 03:49:48,38.0,2026-01-19 15:49:48,2026-01-21 09:58:48,369,False,4.2
SHP-001028,BAT-001028,Prague,Central Europe,Reefer Truck,2025-11-24 21:42:00,2025-11-26 05:42:00,32.0,2025-11-24 21:42:00,2025-11-26 05:42:00,0,False,4.0
SHP-001029,BAT-001029,Prague,Central Europe,Reefer Truck,2025-10-15 18:09:00,2025-10-17 02:09:00,32.0,2025-10-15 19:07:00,2025-10-17 03:07:00,58,False,4.4
SHP-001030,BAT-001030,Bucharest,Romania,Reefer Truck,2025-10-29 16:19:48,2025-10-30 06:19:48,14.0,2025-10-29 16:22:48,2025-10-30 06:22:48,3,False,2.9
SHP-001031,BAT-001031,Iași,Romania,Insulated Van,2025-10-26 21:54:36,2025-10-27 05:54:36,8.0,2025-10-26 22:16:36,2025-10-27 06:16:36,22,False,3.4
SHP-001032,BAT-001032,Iași,Romania,Insulated Van,2026-04-03 14:55:12,2026-04-03 22:55:12,8.0,2026-04-03 15:24:12,2026-04-03 23:24:12,29,False,2.8
SHP-001033,BAT-001033,Bucharest,Romania,Reefer Truck,2025-07-04 18:22:48,2025-07-05 08:22:48,14.0,2025-07-04 18:45:48,2025-07-05 08:45:48,23,False,3.6
SHP-001034,BAT-001034,Prague,Central Europe,Reefer Truck,2026-01-03 14:25:12,2026-01-04 22:25:12,32.0,2026-01-03 14:25:12,2026-01-04 22:25:12,0,False,3.1
SHP-001035,BAT-001035,Warsaw,Central Europe,Reefer Truck,2026-01-18 19:10:12,2026-01-19 23:10:12,28.0,2026-01-18 19:45:12,2026-01-19 23:45:12,35,False,3.4
SHP-001036,BAT-001036,Warsaw,Central Europe,Reefer Truck,2025-08-25 15:27:00,2025-08-26 19:27:00,28.0,2025-08-25 15:55:00,2025-08-26 19:55:00,28,False,3.3
SHP-001037,BAT-001037,Berlin,Western Europe,Reefer Truck,2025-11-22 20:12:36,2025-11-24 10:12:36,38.0,2025-11-22 20:12:36,2025-11-24 10:12:36,0,False,4.0
SHP-001038,BAT-001038,Chișinău Local,Domestic,Insulated Van,2025-11-09 18:16:12,2025-11-09 22:16:12,4.0,2025-11-09 18:35:12,2025-11-09 22:35:12,19,False,3.5
SHP-001039,BAT-001039,Warsaw,Central Europe,Reefer Truck,2025-10-30 12:51:00,2025-10-31 16:51:00,28.0,2025-10-30 14:51:00,2025-10-31 19:17:00,146,False,4.0
SHP-001040,BAT-001040,Chișinău Local,Domestic,Insulated Van,2025-11-16 16:07:48,2025-11-16 20:07:48,4.0,2025-11-16 18:07:48,2025-11-16 23:35:48,208,False,4.0
SHP-001041,BAT-001041,Prague,Central Europe,Reefer Truck,2025-10-12 19:40:12,2025-10-14 03:40:12,32.0,2025-10-12 20:15:12,2025-10-14 04:15:12,35,False,4.3
SHP-001042,BAT-001042,Brașov,Romania,Reefer Truck,2025-10-15 14:19:12,2025-10-16 06:19:12,16.0,2025-10-15 15:38:12,2025-10-16 07:38:12,79,False,3.3
SHP-001043,BAT-001043,Brașov,Romania,Reefer Truck,2025-11-29 14:40:48,2025-11-30 06:40:48,16.0,2025-11-29 15:32:48,2025-11-30 07:32:48,52,False,3.8
SHP-001044,BAT-001044,Iași,Romania,Insulated Van,2026-01-29 20:20:24,2026-01-30 04:20:24,8.0,2026-01-29 20:47:24,2026-01-30 04:47:24,27,False,4.0
SHP-001045,BAT-001045,Bucharest,Romania,Reefer Truck,2025-12-31 18:19:12,2026-01-01 08:19:12,14.0,2025-12-31 18:19:12,2026-01-01 08:19:12,0,False,2.7
SHP-001046,BAT-001046,Bălți Wholesale,Domestic,Ambient Truck,2025-12-07 15:03:00,2025-12-07 20:03:00,5.0,2025-12-07 16:08:00,2025-12-07 21:08:00,65,False,18.0
SHP-001047,BAT-001047,Bălți Wholesale,Domestic,Ambient Truck,2025-11-05 19:06:36,2025-11-06 00:06:36,5.0,2025-11-05 20:41:36,2025-11-06 01:41:36,95,False,15.9
SHP-001048,BAT-001048,Warsaw,Central Europe,Reefer Truck,2025-11-06 17:30:00,2025-11-07 21:30:00,28.0,2025-11-06 18:04:00,2025-11-07 22:04:00,34,False,4.5
SHP-001049,BAT-001049,Bucharest,Romania,Reefer Truck,2025-10-20 20:16:12,2025-10-21 10:16:12,14.0,2025-10-20 21:54:12,2025-10-21 11:54:12,98,False,2.6
SHP-001050,BAT-001050,Prague,Central Europe,Reefer Truck,2025-12-13 20:57:36,2025-12-15 04:57:36,32.0,2025-12-13 21:20:36,2025-12-15 05:20:36,23,False,4.1
SHP-001051,BAT-001051,Berlin,Western Europe,Reefer Truck,2025-08-20 17:54:00,2025-08-22 07:54:00,38.0,2025-08-20 18:35:00,2025-08-22 08:35:00,41,False,2.6
SHP-001052,BAT-001052,Berlin,Western Europe,Reefer Truck,2026-02-10 15:28:48,2026-02-12 05:28:48,38.0,2026-02-10 17:28:48,2026-02-12 16:34:48,666,False,3.9
SHP-001053,BAT-001053,Chișinău Local,Domestic,Insulated Van,2025-11-17 12:38:24,2025-11-17 16:38:24,4.0,2025-11-17 13:58:24,2025-11-17 17:58:24,80,False,3.9
SHP-001054,BAT-001054,Berlin,Western Europe,Reefer Truck,2026-01-25 14:51:00,2026-01-27 04:51:00,38.0,2026-01-25 15:03:00,2026-01-27 05:03:00,12,False,3.5
SHP-001055,BAT-001055,Brașov,Romania,Reefer Truck,2026-01-09 14:45:00,2026-01-10 06:45:00,16.0,2026-01-09 16:12:00,2026-01-10 08:12:00,87,False,2.6
SHP-001056,BAT-001056,Iași,Romania,Insulated Van,2025-08-29 14:15:00,2025-08-29 22:15:00,8.0,2025-08-29 14:29:00,2025-08-29 22:29:00,14,False,3.2
SHP-001057,BAT-001057,Iași,Romania,Reefer Truck,2025-06-29 22:05:24,2025-06-30 06:05:24,8.0,2025-06-30 00:05:24,2025-06-30 17:41:24,696,False,3.3
SHP-001058,BAT-001058,Bălți Wholesale,Domestic,Ambient Truck,2025-10-26 12:47:24,2025-10-26 17:47:24,5.0,2025-10-26 13:39:24,2025-10-26 18:39:24,52,False,18.0
SHP-001059,BAT-001059,Berlin,Western Europe,Reefer Truck,2025-07-15 13:37:12,2025-07-17 03:37:12,38.0,2025-07-15 13:41:12,2025-07-17 03:41:12,4,False,4.1
SHP-001060,BAT-001060,Bucharest,Romania,Reefer Truck,2025-12-11 20:40:12,2025-12-12 10:40:12,14.0,2025-12-11 20:40:12,2025-12-12 10:40:12,0,False,3.2
SHP-001061,BAT-001061,Prague,Central Europe,Reefer Truck,2026-01-12 17:47:24,2026-01-14 01:47:24,32.0,2026-01-12 18:00:24,2026-01-14 02:00:24,13,False,2.7
SHP-001062,BAT-001062,Bucharest,Romania,Reefer Truck,2025-12-25 18:18:00,2025-12-26 08:18:00,14.0,2025-12-25 20:18:00,2025-12-26 10:18:00,120,True,25.8
SHP-001063,BAT-001063,Berlin,Western Europe,Reefer Truck,2026-01-10 14:28:12,2026-01-12 04:28:12,38.0,2026-01-10 15:23:12,2026-01-12 05:23:12,55,False,4.1
SHP-001064,BAT-001064,Iași,Romania,Insulated Van,2025-09-06 16:13:12,2025-09-07 00:13:12,8.0,2025-09-06 17:02:12,2025-09-07 01:02:12,49,False,3.5
SHP-001065,BAT-001065,Warsaw,Central Europe,Reefer Truck,2025-09-28 13:16:12,2025-09-29 17:16:12,28.0,2025-09-28 13:48:12,2025-09-29 17:48:12,32,False,3.2
SHP-001066,BAT-001066,Brașov,Romania,Reefer Truck,2025-12-31 13:41:24,2026-01-01 05:41:24,16.0,2025-12-31 13:52:24,2026-01-01 05:52:24,11,False,2.9
SHP-001067,BAT-001067,Warsaw,Central Europe,Reefer Truck,2026-01-12 12:54:36,2026-01-13 16:54:36,28.0,2026-01-12 12:54:36,2026-01-13 16:54:36,0,False,4.0
SHP-001068,BAT-001068,Warsaw,Central Europe,Reefer Truck,2025-12-13 19:42:36,2025-12-14 23:42:36,28.0,2025-12-13 20:16:36,2025-12-15 00:16:36,34,False,3.7
SHP-001069,BAT-001069,Prague,Central Europe,Reefer Truck,2025-12-14 19:30:00,2025-12-16 03:30:00,32.0,2025-12-14 19:48:00,2025-12-16 03:48:00,18,False,2.6
SHP-001070,BAT-001070,Iași,Romania,Insulated Van,2025-10-20 12:00:00,2025-10-20 20:00:00,8.0,2025-10-20 13:50:00,2025-10-20 21:50:00,110,False,3.0
SHP-001071,BAT-001071,Brașov,Romania,Reefer Truck,2026-01-24 16:10:12,2026-01-25 08:10:12,16.0,2026-01-24 16:10:12,2026-01-25 08:10:12,0,False,3.9
SHP-001072,BAT-001072,Iași,Romania,Insulated Van,2025-07-13 21:27:00,2025-07-14 05:27:00,8.0,2025-07-13 21:41:00,2025-07-14 05:41:00,14,False,3.1
SHP-001073,BAT-001073,Prague,Central Europe,Reefer Truck,2025-11-21 18:09:00,2025-11-23 02:09:00,32.0,2025-11-21 18:09:00,2025-11-23 02:09:00,0,False,3.5
SHP-001074,BAT-001074,Berlin,Western Europe,Insulated Van,2025-09-03 22:09:36,2025-09-05 12:09:36,38.0,2025-09-03 22:09:36,2025-09-05 12:09:36,0,False,4.4
SHP-001075,BAT-001075,Bălți Wholesale,Domestic,Ambient Truck,2025-12-05 15:09:36,2025-12-05 20:09:36,5.0,2025-12-05 16:30:36,2025-12-05 21:30:36,81,False,18.0
SHP-001076,BAT-001076,Brașov,Romania,Reefer Truck,2025-11-10 21:02:24,2025-11-11 13:02:24,16.0,2025-11-10 22:06:24,2025-11-11 14:06:24,64,False,4.0
SHP-001077,BAT-001077,Iași,Romania,Insulated Van,2026-02-10 18:09:36,2026-02-11 02:09:36,8.0,2026-02-10 19:12:36,2026-02-11 03:12:36,63,False,3.7
SHP-001078,BAT-001078,Bălți Wholesale,Domestic,Ambient Truck,2025-09-29 16:08:24,2025-09-29 21:08:24,5.0,2025-09-29 16:08:24,2025-09-29 21:08:24,0,False,18.0
SHP-001079,BAT-001079,Berlin,Western Europe,Reefer Truck,2025-12-30 21:05:24,2026-01-01 11:05:24,38.0,2025-12-30 21:05:24,2026-01-01 11:05:24,0,False,2.8
SHP-001080,BAT-001080,Bălți Wholesale,Domestic,Ambient Truck,2025-11-02 20:24:36,2025-11-03 01:24:36,5.0,2025-11-02 20:24:36,2025-11-03 01:24:36,0,False,17.0
SHP-001081,BAT-001081,Warsaw,Central Europe,Reefer Truck,2025-10-25 14:29:24,2025-10-26 18:29:24,28.0,2025-10-25 15:21:24,2025-10-26 19:21:24,52,False,4.2
SHP-001082,BAT-001082,Warsaw,Central Europe,Reefer Truck,2025-12-20 19:17:24,2025-12-21 23:17:24,28.0,2025-12-20 19:34:24,2025-12-21 23:34:24,17,False,4.5
SHP-001083,BAT-001083,Warsaw,Central Europe,Reefer Truck,2025-10-03 17:25:48,2025-10-04 21:25:48,28.0,2025-10-03 17:40:48,2025-10-04 21:40:48,15,False,4.0
SHP-001084,BAT-001084,Brașov,Romania,Reefer Truck,2025-09-21 15:40:48,2025-09-22 07:40:48,16.0,2025-09-21 15:45:48,2025-09-22 07:45:48,5,False,4.3
SHP-001085,BAT-001085,Brașov,Romania,Reefer Truck,2025-12-29 19:45:36,2025-12-30 11:45:36,16.0,2025-12-29 19:59:36,2025-12-30 11:59:36,14,False,2.7
SHP-001086,BAT-001086,Prague,Central Europe,Reefer Truck,2025-08-16 13:09:00,2025-08-17 21:09:00,32.0,2025-08-16 13:09:00,2025-08-17 21:09:00,0,False,4.4
SHP-001087,BAT-001087,Iași,Romania,Insulated Van,2026-01-29 16:06:00,2026-01-30 00:06:00,8.0,2026-01-29 16:21:00,2026-01-30 00:21:00,15,False,2.6
SHP-001088,BAT-001088,Bălți Wholesale,Domestic,Reefer Truck,2025-05-25 17:55:48,2025-05-25 22:55:48,5.0,2025-05-25 17:57:48,2025-05-25 22:57:48,2,False,3.3
SHP-001089,BAT-001089,Bălți Wholesale,Domestic,Ambient Truck,2026-01-17 14:12:36,2026-01-17 19:12:36,5.0,2026-01-17 14:37:36,2026-01-17 19:37:36,25,False,18.0
SHP-001090,BAT-001090,Chișinău Local,Domestic,Insulated Van,2025-11-23 19:36:36,2025-11-23 23:36:36,4.0,2025-11-23 19:56:36,2025-11-23 23:56:36,20,False,2.8
SHP-001091,BAT-001091,Iași,Romania,Insulated Van,2025-12-03 21:54:00,2025-12-04 05:54:00,8.0,2025-12-03 21:54:00,2025-12-04 05:54:00,0,False,4.0
SHP-001092,BAT-001092,Chișinău Local,Domestic,Insulated Van,2025-09-30 17:21:00,2025-09-30 21:21:00,4.0,2025-09-30 18:10:00,2025-09-30 22:10:00,49,False,2.7
SHP-001093,BAT-001093,Berlin,Western Europe,Reefer Truck,2025-10-23 19:01:12,2025-10-25 09:01:12,38.0,2025-10-23 19:01:12,2025-10-25 09:01:12,0,False,3.0
SHP-001094,BAT-001094,Iași,Romania,Insulated Van,2025-12-28 18:24:36,2025-12-29 02:24:36,8.0,2025-12-28 19:08:36,2025-12-29 03:08:36,44,False,4.2
SHP-001095,BAT-001095,Bucharest,Romania,Reefer Truck,2025-11-15 15:36:00,2025-11-16 05:36:00,14.0,2025-11-15 17:36:00,2025-11-16 09:22:00,226,False,3.2
SHP-001096,BAT-001096,Iași,Romania,Reefer Truck,2025-06-14 19:13:48,2025-06-15 03:13:48,8.0,2025-06-14 21:13:48,2025-06-15 10:05:48,412,True,17.6
SHP-001097,BAT-001097,Bălți Wholesale,Domestic,Ambient Truck,2026-01-05 13:52:12,2026-01-05 18:52:12,5.0,2026-01-05 14:01:12,2026-01-05 19:01:12,9,False,18.0
SHP-001098,BAT-001098,Prague,Central Europe,Reefer Truck,2025-10-20 23:24:36,2025-10-22 07:24:36,32.0,2025-10-21 01:24:36,2025-10-22 09:26:36,122,False,3.0
SHP-001099,BAT-001099,Iași,Romania,Insulated Van,2025-07-20 14:48:00,2025-07-20 22:48:00,8.0,2025-07-20 16:48:00,2025-07-21 06:13:00,445,False,3.9
SHP-001100,BAT-001100,Bălți Wholesale,Domestic,Ambient Truck,2025-11-08 22:22:48,2025-11-09 03:22:48,5.0,2025-11-08 22:39:48,2025-11-09 03:39:48,17,False,21.0
SHP-001101,BAT-001101,Bălți Wholesale,Domestic,Ambient Truck,2025-12-31 18:28:48,2025-12-31 23:28:48,5.0,2025-12-31 19:08:48,2026-01-01 00:08:48,40,True,27.2
SHP-001102,BAT-001102,Brașov,Romania,Reefer Truck,2025-11-26 19:06:00,2025-11-27 11:06:00,16.0,2025-11-26 19:58:00,2025-11-27 11:58:00,52,False,3.7
SHP-001103,BAT-001103,Berlin,Western Europe,Reefer Truck,2026-02-05 11:25:48,2026-02-07 01:25:48,38.0,2026-02-05 11:52:48,2026-02-07 01:52:48,27,False,4.4
SHP-001104,BAT-001104,Bălți Wholesale,Domestic,Reefer Truck,2025-06-12 14:56:24,2025-06-12 19:56:24,5.0,2025-06-12 14:56:24,2025-06-12 19:56:24,0,True,20.2
SHP-001105,BAT-001105,Berlin,Western Europe,Reefer Truck,2025-11-15 20:43:48,2025-11-17 10:43:48,38.0,2025-11-15 22:43:48,2025-11-17 12:59:48,136,False,3.0
SHP-001106,BAT-001106,Chișinău Local,Domestic,Insulated Van,2025-10-12 19:43:12,2025-10-12 23:43:12,4.0,2025-10-12 20:15:12,2025-10-13 00:15:12,32,False,3.8
SHP-001107,BAT-001107,Bălți Wholesale,Domestic,Ambient Truck,2025-08-16 16:07:48,2025-08-16 21:07:48,5.0,2025-08-16 16:11:48,2025-08-16 21:11:48,4,True,25.6
SHP-001108,BAT-001108,Bălți Wholesale,Domestic,Ambient Truck,2025-12-29 12:58:48,2025-12-29 17:58:48,5.0,2025-12-29 12:58:48,2025-12-29 17:58:48,0,False,17.6
SHP-001109,BAT-001109,Chișinău Local,Domestic,Insulated Van,2025-12-21 19:12:00,2025-12-21 23:12:00,4.0,2025-12-21 19:41:00,2025-12-21 23:41:00,29,False,2.7
SHP-001110,BAT-001110,Brașov,Romania,Reefer Truck,2025-08-31 17:57:36,2025-09-01 09:57:36,16.0,2025-08-31 18:02:36,2025-09-01 10:02:36,5,False,2.5
SHP-001111,BAT-001111,Prague,Central Europe,Insulated Van,2025-09-08 17:02:24,2025-09-10 01:02:24,32.0,2025-09-08 18:14:24,2025-09-10 02:14:24,72,False,3.2
SHP-001112,BAT-001112,Iași,Romania,Insulated Van,2026-01-19 18:40:48,2026-01-20 02:40:48,8.0,2026-01-19 19:01:48,2026-01-20 03:01:48,21,False,3.4
SHP-001113,BAT-001113,Bălți Wholesale,Domestic,Ambient Truck,2025-11-08 13:46:48,2025-11-08 18:46:48,5.0,2025-11-08 15:46:48,2025-11-08 22:20:48,214,False,18.0
SHP-001114,BAT-001114,Prague,Central Europe,Reefer Truck,2025-09-10 16:24:36,2025-09-12 00:24:36,32.0,2025-09-10 17:50:36,2025-09-12 01:50:36,86,False,2.6
SHP-001115,BAT-001115,Brașov,Romania,Reefer Truck,2026-02-01 16:43:48,2026-02-02 08:43:48,16.0,2026-02-01 18:43:48,2026-02-02 15:23:48,400,False,3.1
SHP-001116,BAT-001116,Bălți Wholesale,Domestic,Ambient Truck,2025-07-24 14:16:12,2025-07-24 19:16:12,5.0,2025-07-24 15:11:12,2025-07-24 20:11:12,55,False,17.9
SHP-001117,BAT-001117,Prague,Central Europe,Insulated Van,2025-09-24 20:35:24,2025-09-26 04:35:24,32.0,2025-09-24 22:00:24,2025-09-26 06:00:24,85,True,18.0
SHP-001118,BAT-001118,Iași,Romania,Insulated Van,2025-12-05 21:46:12,2025-12-06 05:46:12,8.0,2025-12-05 22:24:12,2025-12-06 06:24:12,38,False,2.5
SHP-001119,BAT-001119,Bucharest,Romania,Reefer Truck,2025-12-29 16:31:12,2025-12-30 06:31:12,14.0,2025-12-29 16:38:12,2025-12-30 06:38:12,7,False,3.6
SHP-001120,BAT-001120,Bălți Wholesale,Domestic,Ambient Truck,2026-03-01 19:21:00,2026-03-02 00:21:00,5.0,2026-03-01 21:21:00,2026-03-02 03:10:00,169,False,18.0
SHP-001121,BAT-001121,Prague,Central Europe,Insulated Van,2025-10-12 13:17:24,2025-10-13 21:17:24,32.0,2025-10-12 14:45:24,2025-10-13 22:45:24,88,False,3.1
SHP-001122,BAT-001122,Iași,Romania,Insulated Van,2025-08-07 19:49:48,2025-08-08 03:49:48,8.0,2025-08-07 20:29:48,2025-08-08 04:29:48,40,False,2.7
SHP-001123,BAT-001123,Brașov,Romania,Reefer Truck,2026-03-04 19:43:48,2026-03-05 11:43:48,16.0,2026-03-04 20:04:48,2026-03-05 12:04:48,21,False,3.6
SHP-001124,BAT-001124,Bălți Wholesale,Domestic,Ambient Truck,2025-10-27 16:11:24,2025-10-27 21:11:24,5.0,2025-10-27 17:28:24,2025-10-27 22:28:24,77,False,18.0
SHP-001125,BAT-001125,Brașov,Romania,Reefer Truck,2026-02-25 12:07:12,2026-02-26 04:07:12,16.0,2026-02-25 12:38:12,2026-02-26 04:38:12,31,False,3.4
SHP-001126,BAT-001126,Warsaw,Central Europe,Reefer Truck,2026-01-09 13:55:12,2026-01-10 17:55:12,28.0,2026-01-09 15:43:12,2026-01-10 19:43:12,108,False,4.1
SHP-001127,BAT-001127,Bălți Wholesale,Domestic,Ambient Truck,2025-08-28 17:18:00,2025-08-28 22:18:00,5.0,2025-08-28 17:26:00,2025-08-28 22:26:00,8,True,24.7
SHP-001128,BAT-001128,Chișinău Local,Domestic,Insulated Van,2025-07-22 16:57:36,2025-07-22 20:57:36,4.0,2025-07-22 16:57:36,2025-07-22 20:57:36,0,False,3.7
SHP-001129,BAT-001129,Bucharest,Romania,Reefer Truck,2025-12-22 11:49:12,2025-12-23 01:49:12,14.0,2025-12-22 13:49:12,2025-12-23 09:50:12,481,False,3.5
SHP-001130,BAT-001130,Iași,Romania,Insulated Van,2025-10-26 16:11:24,2025-10-27 00:11:24,8.0,2025-10-26 18:11:24,2025-10-27 06:42:24,391,False,2.5
SHP-001131,BAT-001131,Bălți Wholesale,Domestic,Ambient Truck,2025-09-19 15:43:12,2025-09-19 20:43:12,5.0,2025-09-19 17:43:12,2025-09-20 10:38:12,835,False,19.9
SHP-001132,BAT-001132,Berlin,Western Europe,Reefer Truck,2025-09-09 20:42:00,2025-09-11 10:42:00,38.0,2025-09-09 20:42:00,2025-09-11 10:42:00,0,False,3.8
SHP-001133,BAT-001133,Prague,Central Europe,Reefer Truck,2025-12-10 18:54:36,2025-12-12 02:54:36,32.0,2025-12-10 18:54:36,2025-12-12 02:54:36,0,False,3.6
SHP-001134,BAT-001134,Warsaw,Central Europe,Reefer Truck,2025-07-08 18:47:24,2025-07-09 22:47:24,28.0,2025-07-08 19:24:24,2025-07-09 23:24:24,37,False,4.0
SHP-001135,BAT-001135,Iași,Romania,Insulated Van,2025-12-30 15:37:12,2025-12-30 23:37:12,8.0,2025-12-30 17:37:12,2025-12-31 01:40:12,123,False,4.2
SHP-001136,BAT-001136,Prague,Central Europe,Reefer Truck,2025-09-20 17:19:48,2025-09-22 01:19:48,32.0,2025-09-20 17:20:48,2025-09-22 01:20:48,1,False,4.0
SHP-001137,BAT-001137,Warsaw,Central Europe,Reefer Truck,2025-10-28 13:58:12,2025-10-29 17:58:12,28.0,2025-10-28 14:15:12,2025-10-29 18:15:12,17,False,4.4
SHP-001138,BAT-001138,Chișinău Local,Domestic,Insulated Van,2026-01-05 18:02:24,2026-01-05 22:02:24,4.0,2026-01-05 18:57:24,2026-01-05 22:57:24,55,False,3.3
SHP-001139,BAT-001139,Bucharest,Romania,Reefer Truck,2025-12-20 17:17:24,2025-12-21 07:17:24,14.0,2025-12-20 17:24:24,2025-12-21 07:24:24,7,False,2.9
SHP-001140,BAT-001140,Prague,Central Europe,Reefer Truck,2026-01-07 15:22:12,2026-01-08 23:22:12,32.0,2026-01-07 16:07:12,2026-01-09 00:07:12,45,False,3.5
SHP-001141,BAT-001141,Bălți Wholesale,Domestic,Ambient Truck,2025-12-04 15:36:00,2025-12-04 20:36:00,5.0,2025-12-04 15:36:00,2025-12-04 20:36:00,0,False,18.0
SHP-001142,BAT-001142,Bucharest,Romania,Reefer Truck,2025-10-31 13:00:36,2025-11-01 03:00:36,14.0,2025-10-31 14:43:36,2025-11-01 04:43:36,103,False,2.7
SHP-001143,BAT-001143,Berlin,Western Europe,Reefer Truck,2025-09-26 16:00:00,2025-09-28 06:00:00,38.0,2025-09-26 16:11:00,2025-09-28 06:11:00,11,False,4.4
SHP-001144,BAT-001144,Brașov,Romania,Reefer Truck,2025-07-14 22:06:00,2025-07-15 14:06:00,16.0,2025-07-14 22:59:00,2025-07-15 14:59:00,53,False,3.1
SHP-001145,BAT-001145,Bucharest,Romania,Reefer Truck,2026-01-15 17:48:00,2026-01-16 07:48:00,14.0,2026-01-15 17:51:00,2026-01-16 07:51:00,3,False,4.4
SHP-001146,BAT-001146,Bucharest,Romania,Reefer Truck,2025-12-25 16:27:00,2025-12-26 06:27:00,14.0,2025-12-25 16:33:00,2025-12-26 06:33:00,6,False,3.0
SHP-001147,BAT-001147,Chișinău Local,Domestic,Insulated Van,2025-10-31 14:54:36,2025-10-31 18:54:36,4.0,2025-10-31 15:01:36,2025-10-31 19:01:36,7,True,19.7
SHP-001148,BAT-001148,Iași,Romania,Insulated Van,2025-11-22 18:48:00,2025-11-23 02:48:00,8.0,2025-11-22 18:48:00,2025-11-23 02:48:00,0,False,3.8
SHP-001149,BAT-001149,Iași,Romania,Insulated Van,2025-11-30 21:43:12,2025-12-01 05:43:12,8.0,2025-11-30 22:29:12,2025-12-01 06:29:12,46,False,2.8
SHP-001150,BAT-001150,Bucharest,Romania,Reefer Truck,2025-11-09 13:28:12,2025-11-10 03:28:12,14.0,2025-11-09 14:43:12,2025-11-10 04:43:12,75,True,14.8
SHP-001151,BAT-001151,Iași,Romania,Insulated Van,2025-09-06 13:46:12,2025-09-06 21:46:12,8.0,2025-09-06 13:47:12,2025-09-06 21:47:12,1,False,3.3
SHP-001152,BAT-001152,Chișinău Local,Domestic,Insulated Van,2025-12-20 13:49:12,2025-12-20 17:49:12,4.0,2025-12-20 14:06:12,2025-12-20 18:06:12,17,False,2.7
SHP-001153,BAT-001153,Berlin,Western Europe,Reefer Truck,2025-09-11 18:12:00,2025-09-13 08:12:00,38.0,2025-09-11 18:43:00,2025-09-13 08:43:00,31,False,3.3
SHP-001154,BAT-001154,Prague,Central Europe,Reefer Truck,2025-08-16 18:52:12,2025-08-18 02:52:12,32.0,2025-08-16 18:52:12,2025-08-18 02:52:12,0,False,3.6
SHP-001155,BAT-001155,Brașov,Romania,Reefer Truck,2025-06-04 15:49:12,2025-06-05 07:49:12,16.0,2025-06-04 16:08:12,2025-06-05 08:08:12,19,False,3.2
SHP-001156,BAT-001156,Berlin,Western Europe,Reefer Truck,2026-01-20 20:55:48,2026-01-22 10:55:48,38.0,2026-01-20 21:53:48,2026-01-22 11:53:48,58,False,3.3
SHP-001157,BAT-001157,Iași,Romania,Insulated Van,2025-11-07 13:14:24,2025-11-07 21:14:24,8.0,2025-11-07 15:14:24,2025-11-08 03:06:24,352,False,2.8
SHP-001158,BAT-001158,Iași,Romania,Insulated Van,2026-01-01 20:33:00,2026-01-02 04:33:00,8.0,2026-01-01 22:33:00,2026-01-02 08:20:00,227,False,2.7
SHP-001159,BAT-001159,Brașov,Romania,Reefer Truck,2025-12-26 13:25:48,2025-12-27 05:25:48,16.0,2025-12-26 13:47:48,2025-12-27 05:47:48,22,False,3.3
SHP-001160,BAT-001160,Prague,Central Europe,Reefer Truck,2025-11-15 14:11:24,2025-11-16 22:11:24,32.0,2025-11-15 14:50:24,2025-11-16 22:50:24,39,False,2.9
SHP-001161,BAT-001161,Berlin,Western Europe,Reefer Truck,2026-02-04 20:04:48,2026-02-06 10:04:48,38.0,2026-02-04 22:04:48,2026-02-06 12:32:48,148,False,4.0
SHP-001162,BAT-001162,Iași,Romania,Insulated Van,2025-09-02 13:15:00,2025-09-02 21:15:00,8.0,2025-09-02 13:49:00,2025-09-02 21:49:00,34,False,3.7
SHP-001163,BAT-001163,Prague,Central Europe,Reefer Truck,2025-12-16 16:10:48,2025-12-18 00:10:48,32.0,2025-12-16 16:34:48,2025-12-18 00:34:48,24,False,3.9
SHP-001164,BAT-001164,Chișinău Local,Domestic,Reefer Truck,2025-06-28 15:58:12,2025-06-28 19:58:12,4.0,2025-06-28 17:43:12,2025-06-28 21:43:12,105,False,3.1
SHP-001165,BAT-001165,Bucharest,Romania,Reefer Truck,2025-07-14 21:07:12,2025-07-15 11:07:12,14.0,2025-07-14 21:07:12,2025-07-15 11:07:12,0,False,4.3
SHP-001166,BAT-001166,Warsaw,Central Europe,Reefer Truck,2025-12-08 17:43:12,2025-12-09 21:43:12,28.0,2025-12-08 18:24:12,2025-12-09 22:24:12,41,False,3.6
SHP-001167,BAT-001167,Bălți Wholesale,Domestic,Ambient Truck,2025-10-04 16:09:00,2025-10-04 21:09:00,5.0,2025-10-04 17:40:00,2025-10-04 22:40:00,91,False,21.1
SHP-001168,BAT-001168,Brașov,Romania,Reefer Truck,2025-11-23 18:04:48,2025-11-24 10:04:48,16.0,2025-11-23 20:04:48,2025-11-24 12:06:48,122,False,3.7
SHP-001169,BAT-001169,Berlin,Western Europe,Reefer Truck,2026-02-13 20:43:48,2026-02-15 10:43:48,38.0,2026-02-13 20:45:48,2026-02-15 10:45:48,2,False,2.8
SHP-001170,BAT-001170,Warsaw,Central Europe,Reefer Truck,2026-01-27 12:31:48,2026-01-28 16:31:48,28.0,2026-01-27 13:16:48,2026-01-28 17:16:48,45,False,2.7
SHP-001171,BAT-001171,Berlin,Western Europe,Reefer Truck,2025-08-21 14:19:12,2025-08-23 04:19:12,38.0,2025-08-21 15:03:12,2025-08-23 05:03:12,44,False,2.8
SHP-001172,BAT-001172,Iași,Romania,Insulated Van,2026-03-05 21:25:12,2026-03-06 05:25:12,8.0,2026-03-05 21:25:12,2026-03-06 05:25:12,0,False,3.9
SHP-001173,BAT-001173,Prague,Central Europe,Reefer Truck,2025-12-11 20:22:12,2025-12-13 04:22:12,32.0,2025-12-11 20:48:12,2025-12-13 04:48:12,26,False,3.9
SHP-001174,BAT-001174,Bălți Wholesale,Domestic,Ambient Truck,2025-08-25 17:42:36,2025-08-25 22:42:36,5.0,2025-08-25 19:42:36,2025-08-26 09:44:36,662,True,25.8
SHP-001175,BAT-001175,Berlin,Western Europe,Reefer Truck,2026-01-20 14:26:24,2026-01-22 04:26:24,38.0,2026-01-20 14:26:24,2026-01-22 04:26:24,0,False,2.9
SHP-001176,BAT-001176,Brașov,Romania,Reefer Truck,2025-12-04 13:15:36,2025-12-05 05:15:36,16.0,2025-12-04 13:15:36,2025-12-05 05:15:36,0,True,19.1
SHP-001177,BAT-001177,Bucharest,Romania,Reefer Truck,2025-12-01 15:52:48,2025-12-02 05:52:48,14.0,2025-12-01 17:52:48,2025-12-02 08:46:48,174,False,4.2
SHP-001178,BAT-001178,Chișinău Local,Domestic,Insulated Van,2025-09-18 16:35:24,2025-09-18 20:35:24,4.0,2025-09-18 16:40:24,2025-09-18 20:40:24,5,False,2.7
SHP-001179,BAT-001179,Brașov,Romania,Reefer Truck,2026-01-14 20:23:24,2026-01-15 12:23:24,16.0,2026-01-14 20:28:24,2026-01-15 12:28:24,5,False,3.8
SHP-001180,BAT-001180,Bălți Wholesale,Domestic,Ambient Truck,2025-12-10 17:19:48,2025-12-10 22:19:48,5.0,2025-12-10 17:43:48,2025-12-10 22:43:48,24,False,22.8
SHP-001181,BAT-001181,Bălți Wholesale,Domestic,Ambient Truck,2025-10-10 18:13:12,2025-10-10 23:13:12,5.0,2025-10-10 18:32:12,2025-10-10 23:32:12,19,False,18.0
SHP-001182,BAT-001182,Berlin,Western Europe,Reefer Truck,2026-01-14 13:42:36,2026-01-16 03:42:36,38.0,2026-01-14 13:44:36,2026-01-16 03:44:36,2,False,3.4
SHP-001183,BAT-001183,Berlin,Western Europe,Reefer Truck,2025-11-14 22:10:12,2025-11-16 12:10:12,38.0,2025-11-14 22:12:12,2025-11-16 12:12:12,2,False,2.5
SHP-001184,BAT-001184,Berlin,Western Europe,Reefer Truck,2026-02-10 22:30:36,2026-02-12 12:30:36,38.0,2026-02-10 22:30:36,2026-02-12 12:30:36,0,False,4.1
SHP-001185,BAT-001185,Berlin,Western Europe,Reefer Truck,2025-11-07 21:48:36,2025-11-09 11:48:36,38.0,2025-11-07 22:00:36,2025-11-09 12:00:36,12,False,4.0
SHP-001186,BAT-001186,Chișinău Local,Domestic,Insulated Van,2025-09-16 17:41:24,2025-09-16 21:41:24,4.0,2025-09-16 17:50:24,2025-09-16 21:50:24,9,False,3.6
SHP-001187,BAT-001187,Iași,Romania,Insulated Van,2025-12-03 13:18:00,2025-12-03 21:18:00,8.0,2025-12-03 14:05:00,2025-12-03 22:05:00,47,False,2.6
SHP-001188,BAT-001188,Iași,Romania,Reefer Truck,2025-08-28 17:47:24,2025-08-29 01:47:24,8.0,2025-08-28 17:47:24,2025-08-29 01:47:24,0,False,3.1
SHP-001189,BAT-001189,Brașov,Romania,Insulated Van,2025-08-01 18:27:36,2025-08-02 10:27:36,16.0,2025-08-01 18:27:36,2025-08-02 10:27:36,0,False,4.0
SHP-001190,BAT-001190,Warsaw,Central Europe,Reefer Truck,2025-12-05 16:44:24,2025-12-06 20:44:24,28.0,2025-12-05 16:44:24,2025-12-06 20:44:24,0,False,3.2
SHP-001191,BAT-001191,Chișinău Local,Domestic,Insulated Van,2026-01-01 20:22:48,2026-01-02 00:22:48,4.0,2026-01-01 20:38:48,2026-01-02 00:38:48,16,False,4.3
SHP-001192,BAT-001192,Brașov,Romania,Reefer Truck,2025-12-03 17:10:12,2025-12-04 09:10:12,16.0,2025-12-03 17:10:12,2025-12-04 09:10:12,0,False,3.2
SHP-001193,BAT-001193,Bălți Wholesale,Domestic,Ambient Truck,2026-01-31 18:15:00,2026-01-31 23:15:00,5.0,2026-01-31 19:00:00,2026-02-01 00:00:00,45,False,18.0
SHP-001194,BAT-001194,Iași,Romania,Insulated Van,2025-12-03 15:27:00,2025-12-03 23:27:00,8.0,2025-12-03 16:25:00,2025-12-04 00:25:00,58,False,4.3
SHP-001195,BAT-001195,Warsaw,Central Europe,Reefer Truck,2026-01-10 20:42:36,2026-01-12 00:42:36,28.0,2026-01-10 20:52:36,2026-01-12 00:52:36,10,False,3.5
SHP-001196,BAT-001196,Bălți Wholesale,Domestic,Ambient Truck,2025-11-29 17:51:00,2025-11-29 22:51:00,5.0,2025-11-29 19:13:00,2025-11-30 00:13:00,82,False,17.8
SHP-001197,BAT-001197,Iași,Romania,Insulated Van,2026-01-18 10:48:00,2026-01-18 18:48:00,8.0,2026-01-18 10:51:00,2026-01-18 18:51:00,3,False,3.9
SHP-001198,BAT-001198,Prague,Central Europe,Reefer Truck,2026-01-02 19:31:12,2026-01-04 03:31:12,32.0,2026-01-02 19:31:12,2026-01-04 03:31:12,0,False,4.2
SHP-001199,BAT-001199,Bucharest,Romania,Reefer Truck,2025-11-13 20:54:36,2025-11-14 10:54:36,14.0,2025-11-13 21:41:36,2025-11-14 11:41:36,47,False,3.2
SHP-001200,BAT-001200,Bălți Wholesale,Domestic,Ambient Truck,2025-12-05 16:15:36,2025-12-05 21:15:36,5.0,2025-12-05 16:42:36,2025-12-05 21:42:36,27,False,18.0
SHP-001201,BAT-001201,Chișinău Local,Domestic,Insulated Van,2025-12-05 18:56:24,2025-12-05 22:56:24,4.0,2025-12-05 19:34:24,2025-12-05 23:34:24,38,False,3.9
SHP-001202,BAT-001202,Iași,Romania,Insulated Van,2025-09-15 22:00:00,2025-09-16 06:00:00,8.0,2025-09-15 22:38:00,2025-09-16 06:38:00,38,False,4.4
SHP-001203,BAT-001203,Berlin,Western Europe,Reefer Truck,2025-06-25 21:14:24,2025-06-27 11:14:24,38.0,2025-06-25 21:14:24,2025-06-27 11:14:24,0,False,2.9
SHP-001204,BAT-001204,Prague,Central Europe,Reefer Truck,2026-02-25 15:32:24,2026-02-26 23:32:24,32.0,2026-02-25 15:33:24,2026-02-26 23:33:24,1,False,3.2
SHP-001205,BAT-001205,Berlin,Western Europe,Reefer Truck,2026-01-25 16:36:00,2026-01-27 06:36:00,38.0,2026-01-25 17:42:00,2026-01-27 07:42:00,66,False,3.1
SHP-001206,BAT-001206,Bălți Wholesale,Domestic,Ambient Truck,2025-10-30 11:27:36,2025-10-30 16:27:36,5.0,2025-10-30 11:29:36,2025-10-30 16:29:36,2,False,18.0
SHP-001207,BAT-001207,Bucharest,Romania,Reefer Truck,2025-08-04 22:00:00,2025-08-05 12:00:00,14.0,2025-08-04 22:05:00,2025-08-05 12:05:00,5,False,3.3
SHP-001208,BAT-001208,Bălți Wholesale,Domestic,Ambient Truck,2025-09-08 16:10:48,2025-09-08 21:10:48,5.0,2025-09-08 17:00:48,2025-09-08 22:00:48,50,True,25.1
SHP-001209,BAT-001209,Brașov,Romania,Reefer Truck,2026-01-01 15:10:48,2026-01-02 07:10:48,16.0,2026-01-01 16:06:48,2026-01-02 08:06:48,56,True,17.6
SHP-001210,BAT-001210,Iași,Romania,Insulated Van,2025-10-28 15:03:36,2025-10-28 23:03:36,8.0,2025-10-28 15:07:36,2025-10-28 23:07:36,4,False,3.5
SHP-001211,BAT-001211,Prague,Central Europe,Reefer Truck,2025-08-12 13:38:24,2025-08-13 21:38:24,32.0,2025-08-12 14:01:24,2025-08-13 22:01:24,23,False,3.1
SHP-001212,BAT-001212,Chișinău Local,Domestic,Insulated Van,2026-01-13 18:49:48,2026-01-13 22:49:48,4.0,2026-01-13 19:11:48,2026-01-13 23:11:48,22,False,3.1
SHP-001213,BAT-001213,Bălți Wholesale,Domestic,Ambient Truck,2025-11-30 14:49:48,2025-11-30 19:49:48,5.0,2025-11-30 15:49:48,2025-11-30 20:49:48,60,False,18.0
SHP-001214,BAT-001214,Chișinău Local,Domestic,Insulated Van,2026-01-14 12:52:12,2026-01-14 16:52:12,4.0,2026-01-14 14:52:12,2026-01-15 05:39:12,767,False,4.2
SHP-001215,BAT-001215,Warsaw,Central Europe,Reefer Truck,2026-01-16 13:21:00,2026-01-17 17:21:00,28.0,2026-01-16 15:21:00,2026-01-17 20:06:00,165,False,3.1
SHP-001216,BAT-001216,Brașov,Romania,Reefer Truck,2025-06-27 13:43:48,2025-06-28 05:43:48,16.0,2025-06-27 14:43:48,2025-06-28 06:43:48,60,False,4.4
SHP-001217,BAT-001217,Warsaw,Central Europe,Reefer Truck,2025-10-10 17:35:24,2025-10-11 21:35:24,28.0,2025-10-10 17:35:24,2025-10-11 21:35:24,0,False,3.7
SHP-001218,BAT-001218,Bucharest,Romania,Reefer Truck,2026-02-25 12:06:36,2026-02-26 02:06:36,14.0,2026-02-25 12:19:36,2026-02-26 02:19:36,13,False,3.2
SHP-001219,BAT-001219,Warsaw,Central Europe,Reefer Truck,2025-09-04 11:35:24,2025-09-05 15:35:24,28.0,2025-09-04 12:51:24,2025-09-05 16:51:24,76,False,2.8
SHP-001220,BAT-001220,Brașov,Romania,Reefer Truck,2025-12-08 16:43:12,2025-12-09 08:43:12,16.0,2025-12-08 16:43:12,2025-12-09 08:43:12,0,False,3.3
SHP-001221,BAT-001221,Bălți Wholesale,Domestic,Ambient Truck,2026-01-13 19:19:48,2026-01-14 00:19:48,5.0,2026-01-13 21:19:48,2026-01-14 04:52:48,273,False,18.0
SHP-001222,BAT-001222,Iași,Romania,Insulated Van,2025-10-19 18:41:24,2025-10-20 02:41:24,8.0,2025-10-19 20:41:24,2025-10-20 09:12:24,391,False,4.3
SHP-001223,BAT-001223,Brașov,Romania,Reefer Truck,2025-06-22 18:30:00,2025-06-23 10:30:00,16.0,2025-06-22 18:43:00,2025-06-23 10:43:00,13,False,3.1
SHP-001224,BAT-001224,Bucharest,Romania,Insulated Van,2025-10-10 18:25:12,2025-10-11 08:25:12,14.0,2025-10-10 18:31:12,2025-10-11 08:31:12,6,False,2.9
SHP-001225,BAT-001225,Bălți Wholesale,Domestic,Ambient Truck,2025-11-14 15:18:00,2025-11-14 20:18:00,5.0,2025-11-14 16:23:00,2025-11-14 21:23:00,65,False,18.0
SHP-001226,BAT-001226,Prague,Central Europe,Reefer Truck,2025-10-29 20:51:00,2025-10-31 04:51:00,32.0,2025-10-29 20:51:00,2025-10-31 04:51:00,0,False,2.7
SHP-001227,BAT-001227,Berlin,Western Europe,Reefer Truck,2025-10-25 19:15:36,2025-10-27 09:15:36,38.0,2025-10-25 19:35:36,2025-10-27 09:35:36,20,False,3.3
SHP-001228,BAT-001228,Berlin,Western Europe,Reefer Truck,2025-11-18 16:22:48,2025-11-20 06:22:48,38.0,2025-11-18 16:22:48,2025-11-20 06:22:48,0,False,3.2
SHP-001229,BAT-001229,Chișinău Local,Domestic,Insulated Van,2026-01-17 21:55:12,2026-01-18 01:55:12,4.0,2026-01-17 23:55:12,2026-01-18 04:59:12,184,False,3.0
SHP-001230,BAT-001230,Prague,Central Europe,Reefer Truck,2025-11-01 20:00:00,2025-11-03 04:00:00,32.0,2025-11-01 20:20:00,2025-11-03 04:20:00,20,False,3.0
SHP-001231,BAT-001231,Chișinău Local,Domestic,Insulated Van,2026-03-05 16:18:36,2026-03-05 20:18:36,4.0,2026-03-05 16:18:36,2026-03-05 20:18:36,0,False,2.9
SHP-001232,BAT-001232,Berlin,Western Europe,Reefer Truck,2025-09-16 14:46:48,2025-09-18 04:46:48,38.0,2025-09-16 14:46:48,2025-09-18 04:46:48,0,False,4.1
SHP-001233,BAT-001233,Bucharest,Romania,Reefer Truck,2025-11-29 16:37:12,2025-11-30 06:37:12,14.0,2025-11-29 16:37:12,2025-11-30 06:37:12,0,True,25.0
SHP-001234,BAT-001234,Brașov,Romania,Reefer Truck,2026-02-04 14:46:12,2026-02-05 06:46:12,16.0,2026-02-04 14:47:12,2026-02-05 06:47:12,1,False,3.6
SHP-001235,BAT-001235,Iași,Romania,Insulated Van,2025-10-24 14:47:24,2025-10-24 22:47:24,8.0,2025-10-24 15:10:24,2025-10-24 23:10:24,23,False,3.3
SHP-001236,BAT-001236,Warsaw,Central Europe,Reefer Truck,2025-12-09 12:42:00,2025-12-10 16:42:00,28.0,2025-12-09 12:42:00,2025-12-10 16:42:00,0,False,3.2
SHP-001237,BAT-001237,Berlin,Western Europe,Reefer Truck,2025-11-01 14:27:00,2025-11-03 04:27:00,38.0,2025-11-01 14:29:00,2025-11-03 04:29:00,2,False,3.5
SHP-001238,BAT-001238,Prague,Central Europe,Reefer Truck,2025-09-22 21:12:36,2025-09-24 05:12:36,32.0,2025-09-22 21:50:36,2025-09-24 05:50:36,38,False,3.8
SHP-001239,BAT-001239,Bălți Wholesale,Domestic,Ambient Truck,2026-01-02 20:39:00,2026-01-03 01:39:00,5.0,2026-01-02 20:39:00,2026-01-03 01:39:00,0,False,18.0
SHP-001240,BAT-001240,Brașov,Romania,Reefer Truck,2025-08-07 19:20:24,2025-08-08 11:20:24,16.0,2025-08-07 19:20:24,2025-08-08 11:20:24,0,False,3.8
SHP-001241,BAT-001241,Warsaw,Central Europe,Reefer Truck,2026-01-02 17:07:48,2026-01-03 21:07:48,28.0,2026-01-02 17:20:48,2026-01-03 21:20:48,13,False,3.9
SHP-001242,BAT-001242,Berlin,Western Europe,Reefer Truck,2026-03-17 11:32:24,2026-03-19 01:32:24,38.0,2026-03-17 11:42:24,2026-03-19 01:42:24,10,False,3.9
SHP-001243,BAT-001243,Chișinău Local,Domestic,Insulated Van,2025-09-23 18:33:36,2025-09-23 22:33:36,4.0,2025-09-23 19:23:36,2025-09-23 23:23:36,50,True,24.2
SHP-001244,BAT-001244,Bălți Wholesale,Domestic,Ambient Truck,2025-10-23 18:24:36,2025-10-23 23:24:36,5.0,2025-10-23 19:21:36,2025-10-24 00:21:36,57,True,26.1
SHP-001245,BAT-001245,Bucharest,Romania,Reefer Truck,2025-10-19 16:13:48,2025-10-20 06:13:48,14.0,2025-10-19 16:23:48,2025-10-20 06:23:48,10,False,3.3
SHP-001246,BAT-001246,Iași,Romania,Insulated Van,2026-01-18 17:28:48,2026-01-19 01:28:48,8.0,2026-01-18 17:59:48,2026-01-19 01:59:48,31,False,3.2
SHP-001247,BAT-001247,Prague,Central Europe,Reefer Truck,2026-01-07 15:47:24,2026-01-08 23:47:24,32.0,2026-01-07 15:50:24,2026-01-08 23:50:24,3,False,3.6
SHP-001248,BAT-001248,Chișinău Local,Domestic,Insulated Van,2025-09-15 20:39:36,2025-09-16 00:39:36,4.0,2025-09-15 20:45:36,2025-09-16 00:45:36,6,False,3.8
SHP-001249,BAT-001249,Chișinău Local,Domestic,Insulated Van,2025-11-13 20:58:12,2025-11-14 00:58:12,4.0,2025-11-13 22:32:12,2025-11-14 02:32:12,94,False,4.1
SHP-001250,BAT-001250,Berlin,Western Europe,Reefer Truck,2025-11-10 14:43:48,2025-11-12 04:43:48,38.0,2025-11-10 15:38:48,2025-11-12 05:38:48,55,False,4.0
SHP-001251,BAT-001251,Chișinău Local,Domestic,Insulated Van,2025-11-25 22:24:36,2025-11-26 02:24:36,4.0,2025-11-25 22:31:36,2025-11-26 02:31:36,7,True,17.6
SHP-001252,BAT-001252,Prague,Central Europe,Reefer Truck,2025-10-14 12:42:00,2025-10-15 20:42:00,32.0,2025-10-14 13:48:00,2025-10-15 21:48:00,66,False,3.2
SHP-001253,BAT-001253,Iași,Romania,Insulated Van,2025-09-08 16:53:24,2025-09-09 00:53:24,8.0,2025-09-08 17:41:24,2025-09-09 01:41:24,48,False,2.8
SHP-001254,BAT-001254,Bucharest,Romania,Reefer Truck,2025-10-31 14:16:12,2025-11-01 04:16:12,14.0,2025-10-31 14:16:12,2025-11-01 04:16:12,0,False,4.1
SHP-001255,BAT-001255,Berlin,Western Europe,Reefer Truck,2025-10-26 18:49:12,2025-10-28 08:49:12,38.0,2025-10-26 20:49:12,2025-10-28 15:15:12,386,False,3.6
SHP-001256,BAT-001256,Iași,Romania,Insulated Van,2025-12-27 14:49:12,2025-12-27 22:49:12,8.0,2025-12-27 16:35:12,2025-12-28 00:35:12,106,False,2.8
SHP-001257,BAT-001257,Berlin,Western Europe,Reefer Truck,2025-10-12 15:27:36,2025-10-14 05:27:36,38.0,2025-10-12 17:27:36,2025-10-14 13:32:36,485,False,4.2
SHP-001258,BAT-001258,Berlin,Western Europe,Reefer Truck,2025-09-16 20:55:12,2025-09-18 10:55:12,38.0,2025-09-16 21:27:12,2025-09-18 11:27:12,32,False,4.1
SHP-001259,BAT-001259,Bălți Wholesale,Domestic,Ambient Truck,2026-01-08 20:02:24,2026-01-09 01:02:24,5.0,2026-01-08 20:42:24,2026-01-09 01:42:24,40,False,18.0
SHP-001260,BAT-001260,Berlin,Western Europe,Reefer Truck,2026-01-12 13:39:36,2026-01-14 03:39:36,38.0,2026-01-12 13:39:36,2026-01-14 03:39:36,0,False,2.8
SHP-001261,BAT-001261,Prague,Central Europe,Reefer Truck,2026-03-03 22:40:12,2026-03-05 06:40:12,32.0,2026-03-04 00:40:12,2026-03-05 09:00:12,140,False,3.9
SHP-001262,BAT-001262,Bălți Wholesale,Domestic,Ambient Truck,2025-10-27 21:33:36,2025-10-28 02:33:36,5.0,2025-10-27 21:33:36,2025-10-28 02:33:36,0,False,18.0
SHP-001263,BAT-001263,Bălți Wholesale,Domestic,Ambient Truck,2025-10-28 19:51:36,2025-10-29 00:51:36,5.0,2025-10-28 19:51:36,2025-10-29 00:51:36,0,False,21.5
SHP-001264,BAT-001264,Warsaw,Central Europe,Reefer Truck,2025-07-11 16:16:48,2025-07-12 20:16:48,28.0,2025-07-11 18:16:48,2025-07-12 22:25:48,129,False,3.2
SHP-001265,BAT-001265,Bălți Wholesale,Domestic,Ambient Truck,2025-10-17 19:36:36,2025-10-18 00:36:36,5.0,2025-10-17 19:36:36,2025-10-18 00:36:36,0,False,18.0
SHP-001266,BAT-001266,Warsaw,Central Europe,Reefer Truck,2026-03-01 15:06:36,2026-03-02 19:06:36,28.0,2026-03-01 15:13:36,2026-03-02 19:13:36,7,False,4.0
SHP-001267,BAT-001267,Prague,Central Europe,Reefer Truck,2025-10-03 14:53:24,2025-10-04 22:53:24,32.0,2025-10-03 14:58:24,2025-10-04 22:58:24,5,False,3.7
SHP-001268,BAT-001268,Berlin,Western Europe,Reefer Truck,2025-07-17 14:07:48,2025-07-19 04:07:48,38.0,2025-07-17 14:36:48,2025-07-19 04:36:48,29,False,3.4
SHP-001269,BAT-001269,Brașov,Romania,Insulated Van,2025-10-02 21:05:24,2025-10-03 13:05:24,16.0,2025-10-02 21:09:24,2025-10-03 13:09:24,4,False,3.4
SHP-001270,BAT-001270,Warsaw,Central Europe,Reefer Truck,2025-09-14 19:48:36,2025-09-15 23:48:36,28.0,2025-09-14 21:08:36,2025-09-16 01:08:36,80,False,3.9
SHP-001271,BAT-001271,Warsaw,Central Europe,Reefer Truck,2025-12-03 12:24:36,2025-12-04 16:24:36,28.0,2025-12-03 12:29:36,2025-12-04 16:29:36,5,False,4.0
SHP-001272,BAT-001272,Prague,Central Europe,Reefer Truck,2025-09-01 18:12:00,2025-09-03 02:12:00,32.0,2025-09-01 18:56:00,2025-09-03 02:56:00,44,False,3.9
SHP-001273,BAT-001273,Bucharest,Romania,Reefer Truck,2025-11-07 13:34:48,2025-11-08 03:34:48,14.0,2025-11-07 14:22:48,2025-11-08 04:22:48,48,False,4.3
SHP-001274,BAT-001274,Iași,Romania,Insulated Van,2025-12-11 17:11:24,2025-12-12 01:11:24,8.0,2025-12-11 17:11:24,2025-12-12 01:11:24,0,False,3.7
SHP-001275,BAT-001275,Warsaw,Central Europe,Reefer Truck,2026-03-24 20:52:12,2026-03-26 00:52:12,28.0,2026-03-24 20:56:12,2026-03-26 00:56:12,4,False,4.5
SHP-001276,BAT-001276,Brașov,Romania,Reefer Truck,2026-02-04 13:43:12,2026-02-05 05:43:12,16.0,2026-02-04 14:19:12,2026-02-05 06:19:12,36,True,17.0
SHP-001277,BAT-001277,Berlin,Western Europe,Reefer Truck,2026-01-06 15:51:36,2026-01-08 05:51:36,38.0,2026-01-06 16:33:36,2026-01-08 06:33:36,42,False,3.3
SHP-001278,BAT-001278,Prague,Central Europe,Reefer Truck,2025-10-31 14:36:36,2025-11-01 22:36:36,32.0,2025-10-31 15:21:36,2025-11-01 23:21:36,45,False,2.6
SHP-001279,BAT-001279,Chișinău Local,Domestic,Insulated Van,2025-09-13 15:05:24,2025-09-13 19:05:24,4.0,2025-09-13 15:53:24,2025-09-13 19:53:24,48,False,3.9
SHP-001280,BAT-001280,Brașov,Romania,Reefer Truck,2026-01-01 15:18:00,2026-01-02 07:18:00,16.0,2026-01-01 16:48:00,2026-01-02 08:48:00,90,False,2.7
SHP-001281,BAT-001281,Brașov,Romania,Reefer Truck,2025-10-16 13:49:48,2025-10-17 05:49:48,16.0,2025-10-16 15:49:48,2025-10-17 08:17:48,148,False,3.1
SHP-001282,BAT-001282,Bălți Wholesale,Domestic,Ambient Truck,2025-10-05 21:03:36,2025-10-06 02:03:36,5.0,2025-10-05 23:03:36,2025-10-06 06:21:36,258,False,18.0
SHP-001283,BAT-001283,Berlin,Western Europe,Reefer Truck,2025-10-29 14:51:36,2025-10-31 04:51:36,38.0,2025-10-29 16:20:36,2025-10-31 06:20:36,89,False,2.5
SHP-001284,BAT-001284,Chișinău Local,Domestic,Insulated Van,2025-11-19 13:57:00,2025-11-19 17:57:00,4.0,2025-11-19 14:21:00,2025-11-19 18:21:00,24,True,19.6
SHP-001285,BAT-001285,Chișinău Local,Domestic,Insulated Van,2025-11-05 20:08:24,2025-11-06 00:08:24,4.0,2025-11-05 20:35:24,2025-11-06 00:35:24,27,False,3.7
SHP-001286,BAT-001286,Bucharest,Romania,Reefer Truck,2026-02-02 14:39:00,2026-02-03 04:39:00,14.0,2026-02-02 14:56:00,2026-02-03 04:56:00,17,False,2.6
SHP-001287,BAT-001287,Prague,Central Europe,Reefer Truck,2025-08-04 21:52:12,2025-08-06 05:52:12,32.0,2025-08-04 21:55:12,2025-08-06 05:55:12,3,False,3.8
SHP-001288,BAT-001288,Iași,Romania,Insulated Van,2025-09-29 17:58:12,2025-09-30 01:58:12,8.0,2025-09-29 18:17:12,2025-09-30 02:17:12,19,False,2.6
SHP-001289,BAT-001289,Bălți Wholesale,Domestic,Ambient Truck,2026-01-22 17:48:36,2026-01-22 22:48:36,5.0,2026-01-22 17:54:36,2026-01-22 22:54:36,6,False,18.0
SHP-001290,BAT-001290,Warsaw,Central Europe,Reefer Truck,2026-01-14 19:04:12,2026-01-15 23:04:12,28.0,2026-01-14 19:31:12,2026-01-15 23:31:12,27,False,3.3
SHP-001291,BAT-001291,Bălți Wholesale,Domestic,Reefer Truck,2025-07-19 19:49:12,2025-07-20 00:49:12,5.0,2025-07-19 20:54:12,2025-07-20 01:54:12,65,False,3.6
SHP-001292,BAT-001292,Prague,Central Europe,Reefer Truck,2025-11-28 18:41:24,2025-11-30 02:41:24,32.0,2025-11-28 18:41:24,2025-11-30 02:41:24,0,False,3.8
SHP-001293,BAT-001293,Chișinău Local,Domestic,Insulated Van,2025-12-31 15:24:36,2025-12-31 19:24:36,4.0,2025-12-31 15:28:36,2025-12-31 19:28:36,4,False,2.7
SHP-001294,BAT-001294,Iași,Romania,Insulated Van,2026-01-27 15:02:24,2026-01-27 23:02:24,8.0,2026-01-27 16:36:24,2026-01-28 00:36:24,94,False,2.7
SHP-001295,BAT-001295,Prague,Central Europe,Reefer Truck,2025-12-08 20:14:24,2025-12-10 04:14:24,32.0,2025-12-08 21:41:24,2025-12-10 05:41:24,87,False,3.2
SHP-001296,BAT-001296,Bălți Wholesale,Domestic,Ambient Truck,2025-10-21 14:28:12,2025-10-21 19:28:12,5.0,2025-10-21 14:28:12,2025-10-21 19:28:12,0,False,18.0
SHP-001297,BAT-001297,Iași,Romania,Insulated Van,2025-10-10 20:51:00,2025-10-11 04:51:00,8.0,2025-10-10 22:31:00,2025-10-11 06:31:00,100,False,2.9
SHP-001298,BAT-001298,Bălți Wholesale,Domestic,Ambient Truck,2025-10-30 13:49:48,2025-10-30 18:49:48,5.0,2025-10-30 13:50:48,2025-10-30 18:50:48,1,False,18.0
SHP-001299,BAT-001299,Prague,Central Europe,Reefer Truck,2026-01-21 20:44:24,2026-01-23 04:44:24,32.0,2026-01-21 22:44:24,2026-01-23 07:49:24,185,False,2.9
SHP-001300,BAT-001300,Warsaw,Central Europe,Reefer Truck,2025-09-17 21:04:12,2025-09-19 01:04:12,28.0,2025-09-17 22:24:12,2025-09-19 02:24:12,80,False,4.1
SHP-001301,BAT-001301,Berlin,Western Europe,Reefer Truck,2025-10-09 17:55:48,2025-10-11 07:55:48,38.0,2025-10-09 18:03:48,2025-10-11 08:03:48,8,False,4.1
SHP-001302,BAT-001302,Warsaw,Central Europe,Reefer Truck,2025-12-26 19:36:00,2025-12-27 23:36:00,28.0,2025-12-26 20:02:00,2025-12-28 00:02:00,26,False,4.2
SHP-001303,BAT-001303,Bucharest,Romania,Reefer Truck,2025-10-19 17:34:12,2025-10-20 07:34:12,14.0,2025-10-19 17:34:12,2025-10-20 07:34:12,0,False,2.6
SHP-001304,BAT-001304,Warsaw,Central Europe,Reefer Truck,2025-12-25 13:40:12,2025-12-26 17:40:12,28.0,2025-12-25 14:10:12,2025-12-26 18:10:12,30,False,3.6
SHP-001305,BAT-001305,Warsaw,Central Europe,Reefer Truck,2025-11-22 14:49:12,2025-11-23 18:49:12,28.0,2025-11-22 16:49:12,2025-11-24 03:20:12,511,False,2.5
SHP-001306,BAT-001306,Bălți Wholesale,Domestic,Ambient Truck,2026-01-14 10:26:24,2026-01-14 15:26:24,5.0,2026-01-14 11:09:24,2026-01-14 16:09:24,43,False,18.0
SHP-001307,BAT-001307,Bucharest,Romania,Reefer Truck,2025-10-31 16:58:48,2025-11-01 06:58:48,14.0,2025-10-31 18:09:48,2025-11-01 08:09:48,71,False,3.6
SHP-001308,BAT-001308,Brașov,Romania,Reefer Truck,2026-01-06 16:38:24,2026-01-07 08:38:24,16.0,2026-01-06 16:38:24,2026-01-07 08:38:24,0,False,3.4
SHP-001309,BAT-001309,Brașov,Romania,Reefer Truck,2025-12-17 15:00:00,2025-12-18 07:00:00,16.0,2025-12-17 15:00:00,2025-12-18 07:00:00,0,True,23.2
SHP-001310,BAT-001310,Prague,Central Europe,Reefer Truck,2025-07-14 15:46:12,2025-07-15 23:46:12,32.0,2025-07-14 15:54:12,2025-07-15 23:54:12,8,False,3.8
SHP-001311,BAT-001311,Chișinău Local,Domestic,Insulated Van,2025-11-03 12:08:24,2025-11-03 16:08:24,4.0,2025-11-03 12:14:24,2025-11-03 16:14:24,6,False,4.0
SHP-001312,BAT-001312,Bucharest,Romania,Reefer Truck,2025-08-14 13:30:00,2025-08-15 03:30:00,14.0,2025-08-14 13:48:00,2025-08-15 03:48:00,18,False,3.6
SHP-001313,BAT-001313,Warsaw,Central Europe,Reefer Truck,2026-02-17 13:35:24,2026-02-18 17:35:24,28.0,2026-02-17 14:01:24,2026-02-18 18:01:24,26,False,2.7
SHP-001314,BAT-001314,Berlin,Western Europe,Reefer Truck,2025-11-03 20:44:24,2025-11-05 10:44:24,38.0,2025-11-03 21:01:24,2025-11-05 11:01:24,17,False,3.3
SHP-001315,BAT-001315,Chișinău Local,Domestic,Insulated Van,2025-11-09 12:12:36,2025-11-09 16:12:36,4.0,2025-11-09 12:12:36,2025-11-09 16:12:36,0,False,3.3
SHP-001316,BAT-001316,Berlin,Western Europe,Reefer Truck,2025-10-15 13:27:36,2025-10-17 03:27:36,38.0,2025-10-15 14:18:36,2025-10-17 04:18:36,51,True,22.9
SHP-001317,BAT-001317,Bălți Wholesale,Domestic,Ambient Truck,2025-11-08 19:42:36,2025-11-09 00:42:36,5.0,2025-11-08 20:01:36,2025-11-09 01:01:36,19,False,23.1
SHP-001318,BAT-001318,Prague,Central Europe,Reefer Truck,2025-09-02 22:34:12,2025-09-04 06:34:12,32.0,2025-09-02 22:35:12,2025-09-04 06:35:12,1,False,2.7
SHP-001319,BAT-001319,Bălți Wholesale,Domestic,Ambient Truck,2025-11-30 17:26:24,2025-11-30 22:26:24,5.0,2025-11-30 18:22:24,2025-11-30 23:22:24,56,False,16.0
SHP-001320,BAT-001320,Brașov,Romania,Reefer Truck,2025-10-28 18:57:00,2025-10-29 10:57:00,16.0,2025-10-28 19:04:00,2025-10-29 11:04:00,7,False,3.9
SHP-001321,BAT-001321,Iași,Romania,Reefer Truck,2025-06-25 15:56:24,2025-06-25 23:56:24,8.0,2025-06-25 16:02:24,2025-06-26 00:02:24,6,False,3.0
SHP-001322,BAT-001322,Bucharest,Romania,Reefer Truck,2026-02-01 18:46:48,2026-02-02 08:46:48,14.0,2026-02-01 18:46:48,2026-02-02 08:46:48,0,False,2.6
SHP-001323,BAT-001323,Bucharest,Romania,Reefer Truck,2025-12-04 16:56:24,2025-12-05 06:56:24,14.0,2025-12-04 16:56:24,2025-12-05 06:56:24,0,False,2.6
SHP-001324,BAT-001324,Berlin,Western Europe,Reefer Truck,2026-01-16 20:03:00,2026-01-18 10:03:00,38.0,2026-01-16 21:12:00,2026-01-18 11:12:00,69,False,3.3
SHP-001325,BAT-001325,Warsaw,Central Europe,Reefer Truck,2025-12-05 21:51:36,2025-12-07 01:51:36,28.0,2025-12-05 22:23:36,2025-12-07 02:23:36,32,False,2.6
SHP-001326,BAT-001326,Chișinău Local,Domestic,Insulated Van,2025-10-10 22:16:12,2025-10-11 02:16:12,4.0,2025-10-10 22:22:12,2025-10-11 02:22:12,6,False,4.2
SHP-001327,BAT-001327,Berlin,Western Europe,Reefer Truck,2025-11-08 17:25:12,2025-11-10 07:25:12,38.0,2025-11-08 17:25:12,2025-11-10 07:25:12,0,False,3.2
SHP-001328,BAT-001328,Prague,Central Europe,Reefer Truck,2025-07-10 12:52:12,2025-07-11 20:52:12,32.0,2025-07-10 14:52:12,2025-07-12 02:03:12,311,False,3.3
SHP-001329,BAT-001329,Berlin,Western Europe,Reefer Truck,2025-09-29 18:52:48,2025-10-01 08:52:48,38.0,2025-09-29 20:05:48,2025-10-01 10:05:48,73,False,4.0
SHP-001330,BAT-001330,Prague,Central Europe,Reefer Truck,2025-11-16 17:13:12,2025-11-18 01:13:12,32.0,2025-11-16 17:34:12,2025-11-18 01:34:12,21,False,4.2
SHP-001331,BAT-001331,Brașov,Romania,Reefer Truck,2025-08-30 14:27:00,2025-08-31 06:27:00,16.0,2025-08-30 14:30:00,2025-08-31 06:30:00,3,False,4.2
SHP-001332,BAT-001332,Chișinău Local,Domestic,Reefer Truck,2025-08-09 21:58:48,2025-08-10 01:58:48,4.0,2025-08-09 22:08:48,2025-08-10 02:08:48,10,False,3.0
SHP-001333,BAT-001333,Bucharest,Romania,Reefer Truck,2025-11-09 12:31:48,2025-11-10 02:31:48,14.0,2025-11-09 13:21:48,2025-11-10 03:21:48,50,False,3.9
SHP-001334,BAT-001334,Berlin,Western Europe,Reefer Truck,2025-12-23 18:42:00,2025-12-25 08:42:00,38.0,2025-12-23 19:29:00,2025-12-25 09:29:00,47,False,2.8
SHP-001335,BAT-001335,Bucharest,Romania,Reefer Truck,2026-01-24 14:07:12,2026-01-25 04:07:12,14.0,2026-01-24 15:48:12,2026-01-25 05:48:12,101,False,3.7
SHP-001336,BAT-001336,Prague,Central Europe,Reefer Truck,2025-08-16 17:46:12,2025-08-18 01:46:12,32.0,2025-08-16 18:02:12,2025-08-18 02:02:12,16,True,16.7
SHP-001337,BAT-001337,Berlin,Western Europe,Reefer Truck,2025-10-08 19:37:48,2025-10-10 09:37:48,38.0,2025-10-08 19:39:48,2025-10-10 09:39:48,2,False,4.2
SHP-001338,BAT-001338,Chișinău Local,Domestic,Insulated Van,2025-10-11 13:52:12,2025-10-11 17:52:12,4.0,2025-10-11 15:52:12,2025-10-11 20:07:12,135,False,3.8
SHP-001339,BAT-001339,Chișinău Local,Domestic,Insulated Van,2025-12-06 12:55:48,2025-12-06 16:55:48,4.0,2025-12-06 13:16:48,2025-12-06 17:16:48,21,False,3.4
SHP-001340,BAT-001340,Warsaw,Central Europe,Reefer Truck,2025-11-06 11:19:48,2025-11-07 15:19:48,28.0,2025-11-06 11:55:48,2025-11-07 15:55:48,36,False,3.8
SHP-001341,BAT-001341,Brașov,Romania,Reefer Truck,2025-12-02 14:28:12,2025-12-03 06:28:12,16.0,2025-12-02 14:57:12,2025-12-03 06:57:12,29,False,3.7
SHP-001342,BAT-001342,Prague,Central Europe,Reefer Truck,2026-02-02 17:47:24,2026-02-04 01:47:24,32.0,2026-02-02 19:47:24,2026-02-04 07:58:24,371,False,4.1
SHP-001343,BAT-001343,Warsaw,Central Europe,Reefer Truck,2026-01-29 19:44:24,2026-01-30 23:44:24,28.0,2026-01-29 20:12:24,2026-01-31 00:12:24,28,False,3.6
SHP-001344,BAT-001344,Warsaw,Central Europe,Reefer Truck,2025-07-25 15:07:48,2025-07-26 19:07:48,28.0,2025-07-25 17:07:48,2025-07-27 04:10:48,543,False,4.3
SHP-001345,BAT-001345,Chișinău Local,Domestic,Insulated Van,2025-07-25 13:57:00,2025-07-25 17:57:00,4.0,2025-07-25 15:20:00,2025-07-25 19:20:00,83,False,3.8
SHP-001346,BAT-001346,Berlin,Western Europe,Reefer Truck,2026-01-21 22:01:12,2026-01-23 12:01:12,38.0,2026-01-21 22:15:12,2026-01-23 12:15:12,14,False,4.3
SHP-001347,BAT-001347,Bucharest,Romania,Reefer Truck,2026-01-29 18:48:36,2026-01-30 08:48:36,14.0,2026-01-29 18:50:36,2026-01-30 08:50:36,2,False,3.7
SHP-001348,BAT-001348,Chișinău Local,Domestic,Insulated Van,2025-08-15 11:34:48,2025-08-15 15:34:48,4.0,2025-08-15 11:44:48,2025-08-15 15:44:48,10,False,2.8
SHP-001349,BAT-001349,Prague,Central Europe,Reefer Truck,2025-12-06 18:08:24,2025-12-08 02:08:24,32.0,2025-12-06 19:35:24,2025-12-08 03:35:24,87,False,2.9
SHP-001350,BAT-001350,Chișinău Local,Domestic,Insulated Van,2026-02-12 19:27:00,2026-02-12 23:27:00,4.0,2026-02-12 19:38:00,2026-02-12 23:38:00,11,False,3.9
SHP-001351,BAT-001351,Warsaw,Central Europe,Reefer Truck,2025-08-12 15:21:36,2025-08-13 19:21:36,28.0,2025-08-12 15:26:36,2025-08-13 19:26:36,5,False,4.4
SHP-001352,BAT-001352,Warsaw,Central Europe,Reefer Truck,2025-09-29 14:22:12,2025-09-30 18:22:12,28.0,2025-09-29 14:43:12,2025-09-30 18:43:12,21,False,3.8
SHP-001353,BAT-001353,Berlin,Western Europe,Reefer Truck,2025-11-04 20:36:36,2025-11-06 10:36:36,38.0,2025-11-04 20:38:36,2025-11-06 10:38:36,2,False,4.1
SHP-001354,BAT-001354,Berlin,Western Europe,Reefer Truck,2025-11-14 19:51:00,2025-11-16 09:51:00,38.0,2025-11-14 20:14:00,2025-11-16 10:14:00,23,False,2.9
SHP-001355,BAT-001355,Berlin,Western Europe,Insulated Van,2025-10-02 17:53:24,2025-10-04 07:53:24,38.0,2025-10-02 19:01:24,2025-10-04 09:01:24,68,True,14.7
SHP-001356,BAT-001356,Iași,Romania,Insulated Van,2025-07-25 12:29:24,2025-07-25 20:29:24,8.0,2025-07-25 12:54:24,2025-07-25 20:54:24,25,False,2.5
SHP-001357,BAT-001357,Bucharest,Romania,Reefer Truck,2025-11-17 10:34:48,2025-11-18 00:34:48,14.0,2025-11-17 10:35:48,2025-11-18 00:35:48,1,False,3.2
SHP-001358,BAT-001358,Warsaw,Central Europe,Reefer Truck,2025-11-13 21:04:48,2025-11-15 01:04:48,28.0,2025-11-13 22:40:48,2025-11-15 02:40:48,96,False,4.0
SHP-001359,BAT-001359,Bucharest,Romania,Reefer Truck,2025-12-06 21:25:48,2025-12-07 11:25:48,14.0,2025-12-06 23:25:48,2025-12-07 17:19:48,354,False,3.3
SHP-001360,BAT-001360,Berlin,Western Europe,Reefer Truck,2025-09-03 17:16:12,2025-09-05 07:16:12,38.0,2025-09-03 17:16:12,2025-09-05 07:16:12,0,False,4.2
SHP-001361,BAT-001361,Chișinău Local,Domestic,Insulated Van,2026-02-21 17:22:48,2026-02-21 21:22:48,4.0,2026-02-21 17:51:48,2026-02-21 21:51:48,29,False,2.9
SHP-001362,BAT-001362,Berlin,Western Europe,Reefer Truck,2025-11-17 15:45:36,2025-11-19 05:45:36,38.0,2025-11-17 15:55:36,2025-11-19 05:55:36,10,False,4.0
SHP-001363,BAT-001363,Prague,Central Europe,Reefer Truck,2025-11-29 17:40:48,2025-12-01 01:40:48,32.0,2025-11-29 18:34:48,2025-12-01 02:34:48,54,False,2.7
SHP-001364,BAT-001364,Bălți Wholesale,Domestic,Ambient Truck,2025-09-06 15:25:12,2025-09-06 20:25:12,5.0,2025-09-06 15:25:12,2025-09-06 20:25:12,0,False,18.0
SHP-001365,BAT-001365,Prague,Central Europe,Reefer Truck,2025-12-28 19:33:36,2025-12-30 03:33:36,32.0,2025-12-28 19:56:36,2025-12-30 03:56:36,23,False,3.5
SHP-001366,BAT-001366,Iași,Romania,Insulated Van,2025-10-23 17:17:24,2025-10-24 01:17:24,8.0,2025-10-23 17:33:24,2025-10-24 01:33:24,16,False,4.1
SHP-001367,BAT-001367,Berlin,Western Europe,Reefer Truck,2025-11-15 22:21:36,2025-11-17 12:21:36,38.0,2025-11-15 22:31:36,2025-11-17 12:31:36,10,False,3.9
SHP-001368,BAT-001368,Chișinău Local,Domestic,Insulated Van,2025-11-11 16:46:12,2025-11-11 20:46:12,4.0,2025-11-11 16:50:12,2025-11-11 20:50:12,4,False,3.3
SHP-001369,BAT-001369,Iași,Romania,Insulated Van,2026-01-29 17:50:24,2026-01-30 01:50:24,8.0,2026-01-29 18:38:24,2026-01-30 02:38:24,48,False,4.5
SHP-001370,BAT-001370,Berlin,Western Europe,Reefer Truck,2025-10-29 13:00:00,2025-10-31 03:00:00,38.0,2025-10-29 13:30:00,2025-10-31 03:30:00,30,False,3.8
SHP-001371,BAT-001371,Warsaw,Central Europe,Reefer Truck,2026-01-30 16:49:48,2026-01-31 20:49:48,28.0,2026-01-30 16:49:48,2026-01-31 20:49:48,0,False,4.3
SHP-001372,BAT-001372,Iași,Romania,Insulated Van,2025-12-06 18:46:48,2025-12-07 02:46:48,8.0,2025-12-06 20:20:48,2025-12-07 04:20:48,94,False,2.8
SHP-001373,BAT-001373,Chișinău Local,Domestic,Insulated Van,2025-12-25 13:26:24,2025-12-25 17:26:24,4.0,2025-12-25 13:31:24,2025-12-25 17:31:24,5,False,3.8
SHP-001374,BAT-001374,Berlin,Western Europe,Reefer Truck,2025-06-28 13:13:12,2025-06-30 03:13:12,38.0,2025-06-28 13:58:12,2025-06-30 03:58:12,45,True,16.4
SHP-001375,BAT-001375,Prague,Central Europe,Reefer Truck,2026-01-01 16:35:24,2026-01-03 00:35:24,32.0,2026-01-01 16:35:24,2026-01-03 00:35:24,0,False,4.0
SHP-001376,BAT-001376,Berlin,Western Europe,Reefer Truck,2025-11-13 13:36:36,2025-11-15 03:36:36,38.0,2025-11-13 13:47:36,2025-11-15 03:47:36,11,False,3.8
SHP-001377,BAT-001377,Warsaw,Central Europe,Reefer Truck,2025-09-07 18:07:12,2025-09-08 22:07:12,28.0,2025-09-07 20:07:12,2025-09-09 05:45:12,458,False,2.7
SHP-001378,BAT-001378,Bălți Wholesale,Domestic,Ambient Truck,2025-12-07 11:13:12,2025-12-07 16:13:12,5.0,2025-12-07 12:20:12,2025-12-07 17:20:12,67,False,18.0
SHP-001379,BAT-001379,Prague,Central Europe,Reefer Truck,2025-11-30 12:25:12,2025-12-01 20:25:12,32.0,2025-11-30 14:12:12,2025-12-01 22:12:12,107,False,4.2
SHP-001380,BAT-001380,Prague,Central Europe,Reefer Truck,2026-01-09 15:27:36,2026-01-10 23:27:36,32.0,2026-01-09 15:33:36,2026-01-10 23:33:36,6,False,3.5
SHP-001381,BAT-001381,Iași,Romania,Insulated Van,2025-11-03 20:17:24,2025-11-04 04:17:24,8.0,2025-11-03 20:17:24,2025-11-04 04:17:24,0,False,3.9
SHP-001382,BAT-001382,Bucharest,Romania,Reefer Truck,2026-01-02 16:34:12,2026-01-03 06:34:12,14.0,2026-01-02 17:08:12,2026-01-03 07:08:12,34,False,3.0
SHP-001383,BAT-001383,Brașov,Romania,Insulated Van,2025-09-26 18:54:00,2025-09-27 10:54:00,16.0,2025-09-26 19:27:00,2025-09-27 11:27:00,33,False,3.6
SHP-001384,BAT-001384,Prague,Central Europe,Reefer Truck,2025-10-18 18:34:12,2025-10-20 02:34:12,32.0,2025-10-18 19:48:12,2025-10-20 03:48:12,74,False,3.7
SHP-001385,BAT-001385,Iași,Romania,Insulated Van,2026-01-02 15:19:48,2026-01-02 23:19:48,8.0,2026-01-02 17:19:48,2026-01-03 06:01:48,402,False,3.8
SHP-001386,BAT-001386,Iași,Romania,Insulated Van,2025-12-21 14:16:48,2025-12-21 22:16:48,8.0,2025-12-21 14:31:48,2025-12-21 22:31:48,15,False,3.7
SHP-001387,BAT-001387,Chișinău Local,Domestic,Insulated Van,2026-01-17 16:06:36,2026-01-17 20:06:36,4.0,2026-01-17 18:06:36,2026-01-18 06:32:36,626,False,4.0
SHP-001388,BAT-001388,Warsaw,Central Europe,Reefer Truck,2026-02-04 14:34:48,2026-02-05 18:34:48,28.0,2026-02-04 16:25:48,2026-02-05 20:25:48,111,False,3.5
SHP-001389,BAT-001389,Bălți Wholesale,Domestic,Ambient Truck,2025-11-12 16:57:00,2025-11-12 21:57:00,5.0,2025-11-12 17:01:00,2025-11-12 22:01:00,4,False,18.0
SHP-001390,BAT-001390,Berlin,Western Europe,Reefer Truck,2025-09-12 16:34:12,2025-09-14 06:34:12,38.0,2025-09-12 17:48:12,2025-09-14 07:48:12,74,False,3.8
SHP-001391,BAT-001391,Berlin,Western Europe,Reefer Truck,2026-01-18 17:11:24,2026-01-20 07:11:24,38.0,2026-01-18 17:42:24,2026-01-20 07:42:24,31,False,3.3
SHP-001392,BAT-001392,Berlin,Western Europe,Reefer Truck,2025-12-11 21:06:36,2025-12-13 11:06:36,38.0,2025-12-11 21:06:36,2025-12-13 11:06:36,0,False,3.1
SHP-001393,BAT-001393,Chișinău Local,Domestic,Insulated Van,2025-11-03 16:36:36,2025-11-03 20:36:36,4.0,2025-11-03 16:36:36,2025-11-03 20:36:36,0,False,3.5
SHP-001394,BAT-001394,Berlin,Western Europe,Reefer Truck,2025-12-23 19:27:00,2025-12-25 09:27:00,38.0,2025-12-23 19:38:00,2025-12-25 09:38:00,11,False,4.1
SHP-001395,BAT-001395,Iași,Romania,Insulated Van,2025-10-27 19:01:48,2025-10-28 03:01:48,8.0,2025-10-27 19:29:48,2025-10-28 03:29:48,28,False,4.4
SHP-001396,BAT-001396,Warsaw,Central Europe,Reefer Truck,2025-11-19 16:02:24,2025-11-20 20:02:24,28.0,2025-11-19 16:48:24,2025-11-20 20:48:24,46,False,3.1
SHP-001397,BAT-001397,Berlin,Western Europe,Reefer Truck,2026-02-05 12:23:24,2026-02-07 02:23:24,38.0,2026-02-05 14:07:24,2026-02-07 04:07:24,104,False,3.4
SHP-001398,BAT-001398,Brașov,Romania,Reefer Truck,2025-11-15 13:22:12,2025-11-16 05:22:12,16.0,2025-11-15 14:55:12,2025-11-16 06:55:12,93,False,3.1
SHP-001399,BAT-001399,Chișinău Local,Domestic,Reefer Truck,2025-06-06 17:21:36,2025-06-06 21:21:36,4.0,2025-06-06 17:39:36,2025-06-06 21:39:36,18,False,4.3
SHP-001400,BAT-001400,Bucharest,Romania,Reefer Truck,2025-06-09 15:12:00,2025-06-10 05:12:00,14.0,2025-06-09 15:12:00,2025-06-10 05:12:00,0,False,3.8
SHP-001401,BAT-001401,Berlin,Western Europe,Reefer Truck,2025-09-16 13:48:00,2025-09-18 03:48:00,38.0,2025-09-16 14:22:00,2025-09-18 04:22:00,34,False,3.9
SHP-001402,BAT-001402,Warsaw,Central Europe,Reefer Truck,2026-02-03 19:57:00,2026-02-04 23:57:00,28.0,2026-02-03 21:08:00,2026-02-05 01:08:00,71,False,3.5
SHP-001403,BAT-001403,Bucharest,Romania,Reefer Truck,2025-12-07 16:15:00,2025-12-08 06:15:00,14.0,2025-12-07 16:55:00,2025-12-08 06:55:00,40,False,4.4
SHP-001404,BAT-001404,Brașov,Romania,Reefer Truck,2026-02-16 20:04:12,2026-02-17 12:04:12,16.0,2026-02-16 20:45:12,2026-02-17 12:45:12,41,False,3.0
SHP-001405,BAT-001405,Warsaw,Central Europe,Reefer Truck,2025-10-31 16:56:24,2025-11-01 20:56:24,28.0,2025-10-31 16:56:24,2025-11-01 20:56:24,0,False,3.0
SHP-001406,BAT-001406,Chișinău Local,Domestic,Insulated Van,2025-07-18 21:40:12,2025-07-19 01:40:12,4.0,2025-07-18 21:40:12,2025-07-19 01:40:12,0,False,2.8
SHP-001407,BAT-001407,Bucharest,Romania,Reefer Truck,2026-02-17 21:46:48,2026-02-18 11:46:48,14.0,2026-02-17 21:53:48,2026-02-18 11:53:48,7,False,2.5
SHP-001408,BAT-001408,Prague,Central Europe,Reefer Truck,2026-02-09 21:54:36,2026-02-11 05:54:36,32.0,2026-02-09 22:09:36,2026-02-11 06:09:36,15,False,3.0
SHP-001409,BAT-001409,Iași,Romania,Insulated Van,2026-01-31 18:58:48,2026-02-01 02:58:48,8.0,2026-01-31 19:36:48,2026-02-01 03:36:48,38,False,2.5
SHP-001410,BAT-001410,Bălți Wholesale,Domestic,Reefer Truck,2025-06-30 17:53:24,2025-06-30 22:53:24,5.0,2025-06-30 18:42:24,2025-06-30 23:42:24,49,False,3.2
SHP-001411,BAT-001411,Brașov,Romania,Reefer Truck,2025-09-05 15:50:24,2025-09-06 07:50:24,16.0,2025-09-05 15:54:24,2025-09-06 07:54:24,4,False,3.4
SHP-001412,BAT-001412,Brașov,Romania,Reefer Truck,2026-02-08 18:20:24,2026-02-09 10:20:24,16.0,2026-02-08 18:27:24,2026-02-09 10:27:24,7,False,2.9
SHP-001413,BAT-001413,Bălți Wholesale,Domestic,Ambient Truck,2025-10-27 22:05:24,2025-10-28 03:05:24,5.0,2025-10-27 22:47:24,2025-10-28 03:47:24,42,False,18.0
SHP-001414,BAT-001414,Prague,Central Europe,Reefer Truck,2025-11-22 18:14:24,2025-11-24 02:14:24,32.0,2025-11-22 20:14:24,2025-11-24 09:03:24,409,False,2.6
SHP-001415,BAT-001415,Chișinău Local,Domestic,Insulated Van,2026-01-16 13:59:24,2026-01-16 17:59:24,4.0,2026-01-16 14:41:24,2026-01-16 18:41:24,42,False,4.3
SHP-001416,BAT-001416,Iași,Romania,Insulated Van,2025-12-18 17:49:48,2025-12-19 01:49:48,8.0,2025-12-18 17:49:48,2025-12-19 01:49:48,0,False,3.2
SHP-001417,BAT-001417,Bucharest,Romania,Reefer Truck,2025-12-25 17:02:24,2025-12-26 07:02:24,14.0,2025-12-25 17:02:24,2025-12-26 07:02:24,0,False,4.5
SHP-001418,BAT-001418,Prague,Central Europe,Reefer Truck,2026-01-06 19:21:36,2026-01-08 03:21:36,32.0,2026-01-06 19:38:36,2026-01-08 03:38:36,17,False,3.0
SHP-001419,BAT-001419,Warsaw,Central Europe,Reefer Truck,2025-11-05 20:04:48,2025-11-07 00:04:48,28.0,2025-11-05 20:43:48,2025-11-07 00:43:48,39,False,3.8
SHP-001420,BAT-001420,Berlin,Western Europe,Reefer Truck,2025-11-16 12:15:00,2025-11-18 02:15:00,38.0,2025-11-16 13:39:00,2025-11-18 03:39:00,84,False,3.8
SHP-001421,BAT-001421,Brașov,Romania,Reefer Truck,2025-12-04 11:45:00,2025-12-05 03:45:00,16.0,2025-12-04 12:10:00,2025-12-05 04:10:00,25,False,3.8
SHP-001422,BAT-001422,Berlin,Western Europe,Reefer Truck,2025-10-18 20:18:36,2025-10-20 10:18:36,38.0,2025-10-18 20:21:36,2025-10-20 10:21:36,3,False,3.9
SHP-001423,BAT-001423,Bălți Wholesale,Domestic,Ambient Truck,2025-12-31 13:39:00,2025-12-31 18:39:00,5.0,2025-12-31 13:39:00,2025-12-31 18:39:00,0,False,18.0
SHP-001424,BAT-001424,Chișinău Local,Domestic,Insulated Van,2025-10-05 18:29:24,2025-10-05 22:29:24,4.0,2025-10-05 20:29:24,2025-10-06 04:23:24,354,False,4.3
SHP-001425,BAT-001425,Iași,Romania,Reefer Truck,2025-08-21 14:51:36,2025-08-21 22:51:36,8.0,2025-08-21 16:15:36,2025-08-22 00:15:36,84,False,3.1
SHP-001426,BAT-001426,Prague,Central Europe,Reefer Truck,2025-12-19 16:57:00,2025-12-21 00:57:00,32.0,2025-12-19 17:31:00,2025-12-21 01:31:00,34,False,3.6
SHP-001427,BAT-001427,Brașov,Romania,Reefer Truck,2025-09-06 12:50:24,2025-09-07 04:50:24,16.0,2025-09-06 13:03:24,2025-09-07 05:03:24,13,False,3.8
SHP-001428,BAT-001428,Bucharest,Romania,Reefer Truck,2025-08-31 12:09:36,2025-09-01 02:09:36,14.0,2025-08-31 12:40:36,2025-09-01 02:40:36,31,False,3.3
SHP-001429,BAT-001429,Prague,Central Europe,Reefer Truck,2026-01-25 22:51:36,2026-01-27 06:51:36,32.0,2026-01-25 22:57:36,2026-01-27 06:57:36,6,False,3.1
SHP-001430,BAT-001430,Berlin,Western Europe,Reefer Truck,2025-12-24 14:42:36,2025-12-26 04:42:36,38.0,2025-12-24 14:42:36,2025-12-26 04:42:36,0,False,3.7
SHP-001431,BAT-001431,Bucharest,Romania,Reefer Truck,2026-02-03 16:05:24,2026-02-04 06:05:24,14.0,2026-02-03 16:25:24,2026-02-04 06:25:24,20,False,2.5
SHP-001432,BAT-001432,Brașov,Romania,Reefer Truck,2025-08-26 17:42:00,2025-08-27 09:42:00,16.0,2025-08-26 18:13:00,2025-08-27 10:13:00,31,False,4.0
SHP-001433,BAT-001433,Brașov,Romania,Reefer Truck,2025-10-10 20:46:48,2025-10-11 12:46:48,16.0,2025-10-10 21:08:48,2025-10-11 13:08:48,22,False,3.3
SHP-001434,BAT-001434,Bălți Wholesale,Domestic,Ambient Truck,2025-11-05 19:40:48,2025-11-06 00:40:48,5.0,2025-11-05 19:40:48,2025-11-06 00:40:48,0,False,16.1
SHP-001435,BAT-001435,Bălți Wholesale,Domestic,Reefer Truck,2025-06-01 15:58:48,2025-06-01 20:58:48,5.0,2025-06-01 17:54:48,2025-06-01 22:54:48,116,False,2.9
SHP-001436,BAT-001436,Chișinău Local,Domestic,Insulated Van,2025-08-09 16:18:36,2025-08-09 20:18:36,4.0,2025-08-09 18:18:36,2025-08-09 22:36:36,138,False,3.6
SHP-001437,BAT-001437,Brașov,Romania,Reefer Truck,2025-10-16 16:49:48,2025-10-17 08:49:48,16.0,2025-10-16 16:49:48,2025-10-17 08:49:48,0,False,4.5
SHP-001438,BAT-001438,Brașov,Romania,Reefer Truck,2025-11-12 11:13:48,2025-11-13 03:13:48,16.0,2025-11-12 11:28:48,2025-11-13 03:28:48,15,False,3.1
SHP-001439,BAT-001439,Warsaw,Central Europe,Reefer Truck,2026-01-13 11:55:48,2026-01-14 15:55:48,28.0,2026-01-13 13:55:48,2026-01-15 02:54:48,659,False,4.4
SHP-001440,BAT-001440,Brașov,Romania,Reefer Truck,2025-12-14 17:25:48,2025-12-15 09:25:48,16.0,2025-12-14 19:25:48,2025-12-15 12:52:48,207,False,3.9
SHP-001441,BAT-001441,Prague,Central Europe,Reefer Truck,2025-12-19 20:57:00,2025-12-21 04:57:00,32.0,2025-12-19 20:57:00,2025-12-21 04:57:00,0,False,3.1
SHP-001442,BAT-001442,Prague,Central Europe,Reefer Truck,2026-02-02 13:31:48,2026-02-03 21:31:48,32.0,2026-02-02 13:44:48,2026-02-03 21:44:48,13,False,2.6
SHP-001443,BAT-001443,Bucharest,Romania,Reefer Truck,2025-10-21 20:43:12,2025-10-22 10:43:12,14.0,2025-10-21 21:52:12,2025-10-22 11:52:12,69,False,4.1
SHP-001444,BAT-001444,Chișinău Local,Domestic,Insulated Van,2025-12-24 14:45:36,2025-12-24 18:45:36,4.0,2025-12-24 15:38:36,2025-12-24 19:38:36,53,False,4.1
SHP-001445,BAT-001445,Warsaw,Central Europe,Reefer Truck,2025-06-02 21:21:00,2025-06-04 01:21:00,28.0,2025-06-02 22:38:00,2025-06-04 02:38:00,77,False,3.5
SHP-001446,BAT-001446,Chișinău Local,Domestic,Reefer Truck,2025-06-28 10:36:36,2025-06-28 14:36:36,4.0,2025-06-28 10:57:36,2025-06-28 14:57:36,21,False,4.1
SHP-001447,BAT-001447,Berlin,Western Europe,Reefer Truck,2025-11-07 14:44:24,2025-11-09 04:44:24,38.0,2025-11-07 15:06:24,2025-11-09 05:06:24,22,False,4.1
SHP-001448,BAT-001448,Bucharest,Romania,Reefer Truck,2025-11-27 14:51:36,2025-11-28 04:51:36,14.0,2025-11-27 15:30:36,2025-11-28 05:30:36,39,False,2.9
SHP-001449,BAT-001449,Bucharest,Romania,Insulated Van,2025-09-21 11:24:00,2025-09-22 01:24:00,14.0,2025-09-21 11:24:00,2025-09-22 01:24:00,0,False,4.3
SHP-001450,BAT-001450,Chișinău Local,Domestic,Insulated Van,2026-01-04 14:48:36,2026-01-04 18:48:36,4.0,2026-01-04 14:55:36,2026-01-04 18:55:36,7,False,3.7
SHP-001451,BAT-001451,Prague,Central Europe,Reefer Truck,2025-12-27 18:19:48,2025-12-29 02:19:48,32.0,2025-12-27 19:04:48,2025-12-29 03:04:48,45,False,3.4
SHP-001452,BAT-001452,Prague,Central Europe,Reefer Truck,2025-12-31 21:20:24,2026-01-02 05:20:24,32.0,2025-12-31 22:06:24,2026-01-02 06:06:24,46,False,4.1
SHP-001453,BAT-001453,Chișinău Local,Domestic,Insulated Van,2025-12-14 19:14:24,2025-12-14 23:14:24,4.0,2025-12-14 19:23:24,2025-12-14 23:23:24,9,False,3.2
SHP-001454,BAT-001454,Brașov,Romania,Reefer Truck,2025-10-01 16:44:24,2025-10-02 08:44:24,16.0,2025-10-01 16:59:24,2025-10-02 08:59:24,15,False,4.0
SHP-001455,BAT-001455,Bucharest,Romania,Reefer Truck,2026-03-31 19:24:36,2026-04-01 09:24:36,14.0,2026-03-31 21:24:36,2026-04-01 11:34:36,130,False,3.6
SHP-001456,BAT-001456,Berlin,Western Europe,Reefer Truck,2025-09-12 18:30:00,2025-09-14 08:30:00,38.0,2025-09-12 18:47:00,2025-09-14 08:47:00,17,False,3.8
SHP-001457,BAT-001457,Warsaw,Central Europe,Reefer Truck,2025-08-08 13:37:12,2025-08-09 17:37:12,28.0,2025-08-08 14:00:12,2025-08-09 18:00:12,23,False,3.4
SHP-001458,BAT-001458,Chișinău Local,Domestic,Insulated Van,2025-08-27 18:02:24,2025-08-27 22:02:24,4.0,2025-08-27 18:07:24,2025-08-27 22:07:24,5,False,3.8
SHP-001459,BAT-001459,Brașov,Romania,Reefer Truck,2025-09-29 14:43:12,2025-09-30 06:43:12,16.0,2025-09-29 14:52:12,2025-09-30 06:52:12,9,False,4.0
SHP-001460,BAT-001460,Berlin,Western Europe,Reefer Truck,2025-11-29 14:53:24,2025-12-01 04:53:24,38.0,2025-11-29 14:54:24,2025-12-01 04:54:24,1,False,3.7
SHP-001461,BAT-001461,Bucharest,Romania,Reefer Truck,2026-03-02 15:40:12,2026-03-03 05:40:12,14.0,2026-03-02 17:40:12,2026-03-03 17:37:12,717,False,3.8
SHP-001462,BAT-001462,Bucharest,Romania,Reefer Truck,2025-10-19 18:43:48,2025-10-20 08:43:48,14.0,2025-10-19 19:06:48,2025-10-20 09:06:48,23,False,3.7
SHP-001463,BAT-001463,Warsaw,Central Europe,Reefer Truck,2025-12-24 17:00:36,2025-12-25 21:00:36,28.0,2025-12-24 17:00:36,2025-12-25 21:00:36,0,True,23.0
SHP-001464,BAT-001464,Iași,Romania,Reefer Truck,2025-07-13 16:43:48,2025-07-14 00:43:48,8.0,2025-07-13 16:54:48,2025-07-14 00:54:48,11,False,3.0
SHP-001465,BAT-001465,Prague,Central Europe,Reefer Truck,2025-11-30 14:07:12,2025-12-01 22:07:12,32.0,2025-11-30 14:07:12,2025-12-01 22:07:12,0,False,3.1
SHP-001466,BAT-001466,Iași,Romania,Insulated Van,2025-09-24 16:04:12,2025-09-25 00:04:12,8.0,2025-09-24 16:18:12,2025-09-25 00:18:12,14,False,3.1
SHP-001467,BAT-001467,Brașov,Romania,Reefer Truck,2025-11-03 12:15:00,2025-11-04 04:15:00,16.0,2025-11-03 12:15:00,2025-11-04 04:15:00,0,False,4.0
SHP-001468,BAT-001468,Bălți Wholesale,Domestic,Ambient Truck,2025-12-16 20:57:36,2025-12-17 01:57:36,5.0,2025-12-16 20:57:36,2025-12-17 01:57:36,0,False,15.6
SHP-001469,BAT-001469,Berlin,Western Europe,Reefer Truck,2025-08-20 16:41:24,2025-08-22 06:41:24,38.0,2025-08-20 16:41:24,2025-08-22 06:41:24,0,True,21.5
SHP-001470,BAT-001470,Warsaw,Central Europe,Reefer Truck,2025-09-05 11:53:24,2025-09-06 15:53:24,28.0,2025-09-05 12:08:24,2025-09-06 16:08:24,15,False,2.7
SHP-001471,BAT-001471,Prague,Central Europe,Reefer Truck,2025-12-29 21:15:00,2025-12-31 05:15:00,32.0,2025-12-29 21:39:00,2025-12-31 05:39:00,24,False,2.5
SHP-001472,BAT-001472,Chișinău Local,Domestic,Insulated Van,2025-09-03 15:48:36,2025-09-03 19:48:36,4.0,2025-09-03 15:48:36,2025-09-03 19:48:36,0,False,3.2
SHP-001473,BAT-001473,Bălți Wholesale,Domestic,Reefer Truck,2025-08-16 12:46:12,2025-08-16 17:46:12,5.0,2025-08-16 12:56:12,2025-08-16 17:56:12,10,True,25.8
SHP-001474,BAT-001474,Bălți Wholesale,Domestic,Ambient Truck,2025-11-28 21:36:00,2025-11-29 02:36:00,5.0,2025-11-28 23:36:00,2025-11-29 04:40:00,124,False,18.0
SHP-001475,BAT-001475,Chișinău Local,Domestic,Insulated Van,2025-09-15 14:15:00,2025-09-15 18:15:00,4.0,2025-09-15 16:15:00,2025-09-16 02:41:00,506,False,3.3
SHP-001476,BAT-001476,Warsaw,Central Europe,Reefer Truck,2026-01-27 19:05:24,2026-01-28 23:05:24,28.0,2026-01-27 20:18:24,2026-01-29 00:18:24,73,False,2.5
SHP-001477,BAT-001477,Bucharest,Romania,Reefer Truck,2025-12-01 14:48:00,2025-12-02 04:48:00,14.0,2025-12-01 15:00:00,2025-12-02 05:00:00,12,False,2.6
SHP-001478,BAT-001478,Berlin,Western Europe,Reefer Truck,2026-01-22 17:33:00,2026-01-24 07:33:00,38.0,2026-01-22 17:33:00,2026-01-24 07:33:00,0,False,4.1
SHP-001479,BAT-001479,Berlin,Western Europe,Reefer Truck,2026-02-28 17:53:24,2026-03-02 07:53:24,38.0,2026-02-28 19:48:24,2026-03-02 09:48:24,115,False,4.1
SHP-001480,BAT-001480,Chișinău Local,Domestic,Insulated Van,2025-11-30 18:12:00,2025-11-30 22:12:00,4.0,2025-11-30 18:37:00,2025-11-30 22:37:00,25,False,2.8
SHP-001481,BAT-001481,Berlin,Western Europe,Reefer Truck,2025-10-13 22:28:12,2025-10-15 12:28:12,38.0,2025-10-13 22:54:12,2025-10-15 12:54:12,26,False,4.0
SHP-001482,BAT-001482,Berlin,Western Europe,Reefer Truck,2025-09-02 17:49:12,2025-09-04 07:49:12,38.0,2025-09-02 17:52:12,2025-09-04 07:52:12,3,False,3.4
SHP-001483,BAT-001483,Prague,Central Europe,Reefer Truck,2025-10-21 16:03:36,2025-10-23 00:03:36,32.0,2025-10-21 16:11:36,2025-10-23 00:11:36,8,False,4.4
SHP-001484,BAT-001484,Brașov,Romania,Reefer Truck,2025-10-17 13:00:36,2025-10-18 05:00:36,16.0,2025-10-17 13:00:36,2025-10-18 05:00:36,0,False,3.3
SHP-001485,BAT-001485,Warsaw,Central Europe,Reefer Truck,2025-11-26 20:54:00,2025-11-28 00:54:00,28.0,2025-11-26 21:24:00,2025-11-28 01:24:00,30,False,2.5
SHP-001486,BAT-001486,Bălți Wholesale,Domestic,Reefer Truck,2025-06-25 20:33:36,2025-06-26 01:33:36,5.0,2025-06-25 20:47:36,2025-06-26 01:47:36,14,False,3.2
SHP-001487,BAT-001487,Brașov,Romania,Reefer Truck,2025-10-17 17:40:48,2025-10-18 09:40:48,16.0,2025-10-17 18:05:48,2025-10-18 10:05:48,25,False,3.4
SHP-001488,BAT-001488,Chișinău Local,Domestic,Insulated Van,2025-07-18 20:35:24,2025-07-19 00:35:24,4.0,2025-07-18 22:04:24,2025-07-19 02:04:24,89,False,3.9
SHP-001489,BAT-001489,Bucharest,Romania,Reefer Truck,2025-08-26 14:33:00,2025-08-27 04:33:00,14.0,2025-08-26 16:33:00,2025-08-27 06:33:00,120,False,3.0
SHP-001490,BAT-001490,Bălți Wholesale,Domestic,Ambient Truck,2025-07-22 21:49:12,2025-07-23 02:49:12,5.0,2025-07-22 22:09:12,2025-07-23 03:09:12,20,True,25.5
SHP-001491,BAT-001491,Brașov,Romania,Reefer Truck,2026-01-21 17:40:12,2026-01-22 09:40:12,16.0,2026-01-21 18:13:12,2026-01-22 10:13:12,33,False,2.9
SHP-001492,BAT-001492,Brașov,Romania,Reefer Truck,2025-10-13 17:54:00,2025-10-14 09:54:00,16.0,2025-10-13 17:54:00,2025-10-14 09:54:00,0,False,2.9
SHP-001493,BAT-001493,Chișinău Local,Domestic,Insulated Van,2025-08-01 15:07:48,2025-08-01 19:07:48,4.0,2025-08-01 15:30:48,2025-08-01 19:30:48,23,False,3.6
SHP-001494,BAT-001494,Iași,Romania,Insulated Van,2025-12-05 20:35:24,2025-12-06 04:35:24,8.0,2025-12-05 21:50:24,2025-12-06 05:50:24,75,False,2.6
SHP-001495,BAT-001495,Bălți Wholesale,Domestic,Ambient Truck,2025-12-13 15:28:12,2025-12-13 20:28:12,5.0,2025-12-13 15:59:12,2025-12-13 20:59:12,31,False,18.0
SHP-001496,BAT-001496,Bălți Wholesale,Domestic,Ambient Truck,2025-12-26 14:48:36,2025-12-26 19:48:36,5.0,2025-12-26 16:48:36,2025-12-27 01:03:36,315,False,17.1
SHP-001497,BAT-001497,Chișinău Local,Domestic,Insulated Van,2025-11-06 19:34:12,2025-11-06 23:34:12,4.0,2025-11-06 19:57:12,2025-11-06 23:57:12,23,False,2.5
SHP-001498,BAT-001498,Berlin,Western Europe,Insulated Van,2025-10-07 18:15:00,2025-10-09 08:15:00,38.0,2025-10-07 18:39:00,2025-10-09 08:39:00,24,False,4.0
SHP-001499,BAT-001499,Berlin,Western Europe,Reefer Truck,2025-09-16 19:35:24,2025-09-18 09:35:24,38.0,2025-09-16 20:20:24,2025-09-18 10:20:24,45,False,2.6
SHP-001500,BAT-001500,Chișinău Local,Domestic,Insulated Van,2025-07-30 13:54:36,2025-07-30 17:54:36,4.0,2025-07-30 15:54:36,2025-07-31 01:25:36,451,False,3.2
SHP-001501,BAT-001501,Iași,Romania,Insulated Van,2025-09-01 16:30:00,2025-09-02 00:30:00,8.0,2025-09-01 16:46:00,2025-09-02 00:46:00,16,False,4.5
SHP-001502,BAT-001502,Chișinău Local,Domestic,Insulated Van,2025-10-15 19:04:48,2025-10-15 23:04:48,4.0,2025-10-15 21:04:48,2025-10-16 03:34:48,270,False,4.1
SHP-001503,BAT-001503,Prague,Central Europe,Reefer Truck,2025-12-30 20:42:36,2026-01-01 04:42:36,32.0,2025-12-30 21:57:36,2026-01-01 05:57:36,75,False,4.4
SHP-001504,BAT-001504,Berlin,Western Europe,Reefer Truck,2025-12-31 13:07:48,2026-01-02 03:07:48,38.0,2025-12-31 13:12:48,2026-01-02 03:12:48,5,False,3.7
SHP-001505,BAT-001505,Bucharest,Romania,Reefer Truck,2025-09-11 17:28:12,2025-09-12 07:28:12,14.0,2025-09-11 17:33:12,2025-09-12 07:33:12,5,False,2.7
SHP-001506,BAT-001506,Prague,Central Europe,Insulated Van,2025-10-11 13:40:48,2025-10-12 21:40:48,32.0,2025-10-11 14:11:48,2025-10-12 22:11:48,31,False,2.9
SHP-001507,BAT-001507,Prague,Central Europe,Reefer Truck,2025-11-03 15:06:00,2025-11-04 23:06:00,32.0,2025-11-03 15:26:00,2025-11-04 23:26:00,20,False,2.7
SHP-001508,BAT-001508,Chișinău Local,Domestic,Insulated Van,2025-11-13 18:58:48,2025-11-13 22:58:48,4.0,2025-11-13 18:58:48,2025-11-13 22:58:48,0,False,2.6
SHP-001509,BAT-001509,Chișinău Local,Domestic,Insulated Van,2025-11-04 15:54:36,2025-11-04 19:54:36,4.0,2025-11-04 16:35:36,2025-11-04 20:35:36,41,False,3.2
SHP-001510,BAT-001510,Prague,Central Europe,Reefer Truck,2025-09-23 19:31:12,2025-09-25 03:31:12,32.0,2025-09-23 19:54:12,2025-09-25 03:54:12,23,False,2.9
SHP-001511,BAT-001511,Iași,Romania,Insulated Van,2025-12-13 20:47:24,2025-12-14 04:47:24,8.0,2025-12-13 21:42:24,2025-12-14 05:42:24,55,False,2.5
SHP-001512,BAT-001512,Brașov,Romania,Reefer Truck,2025-09-05 16:04:12,2025-09-06 08:04:12,16.0,2025-09-05 18:04:12,2025-09-06 19:38:12,694,False,4.2
SHP-001513,BAT-001513,Iași,Romania,Insulated Van,2025-09-27 15:06:00,2025-09-27 23:06:00,8.0,2025-09-27 16:37:00,2025-09-28 00:37:00,91,False,2.5
SHP-001514,BAT-001514,Berlin,Western Europe,Reefer Truck,2026-01-30 17:25:12,2026-02-01 07:25:12,38.0,2026-01-30 17:46:12,2026-02-01 07:46:12,21,False,2.7
SHP-001515,BAT-001515,Brașov,Romania,Reefer Truck,2026-01-25 17:55:12,2026-01-26 09:55:12,16.0,2026-01-25 19:55:12,2026-01-26 21:29:12,694,False,3.7
SHP-001516,BAT-001516,Iași,Romania,Insulated Van,2025-12-12 14:54:36,2025-12-12 22:54:36,8.0,2025-12-12 15:21:36,2025-12-12 23:21:36,27,False,3.5
SHP-001517,BAT-001517,Iași,Romania,Insulated Van,2025-10-09 15:26:24,2025-10-09 23:26:24,8.0,2025-10-09 15:37:24,2025-10-09 23:37:24,11,False,4.3
SHP-001518,BAT-001518,Berlin,Western Europe,Reefer Truck,2025-10-12 17:45:00,2025-10-14 07:45:00,38.0,2025-10-12 18:27:00,2025-10-14 08:27:00,42,False,3.3
SHP-001519,BAT-001519,Bucharest,Romania,Reefer Truck,2025-06-30 17:43:12,2025-07-01 07:43:12,14.0,2025-06-30 18:02:12,2025-07-01 08:02:12,19,False,2.9
SHP-001520,BAT-001520,Warsaw,Central Europe,Reefer Truck,2025-06-13 14:18:36,2025-06-14 18:18:36,28.0,2025-06-13 14:18:36,2025-06-14 18:18:36,0,False,4.2
SHP-001521,BAT-001521,Bălți Wholesale,Domestic,Ambient Truck,2025-12-12 21:21:00,2025-12-13 02:21:00,5.0,2025-12-12 21:21:00,2025-12-13 02:21:00,0,False,21.7
SHP-001522,BAT-001522,Prague,Central Europe,Reefer Truck,2026-01-28 19:43:12,2026-01-30 03:43:12,32.0,2026-01-28 19:43:12,2026-01-30 03:43:12,0,False,2.9
SHP-001523,BAT-001523,Bălți Wholesale,Domestic,Ambient Truck,2026-01-19 13:16:48,2026-01-19 18:16:48,5.0,2026-01-19 14:28:48,2026-01-19 19:28:48,72,False,18.0
SHP-001524,BAT-001524,Prague,Central Europe,Reefer Truck,2026-02-15 13:57:00,2026-02-16 21:57:00,32.0,2026-02-15 14:29:00,2026-02-16 22:29:00,32,False,3.6
SHP-001525,BAT-001525,Iași,Romania,Insulated Van,2026-01-21 18:55:48,2026-01-22 02:55:48,8.0,2026-01-21 19:00:48,2026-01-22 03:00:48,5,False,4.3
SHP-001526,BAT-001526,Iași,Romania,Insulated Van,2025-08-27 12:03:00,2025-08-27 20:03:00,8.0,2025-08-27 12:09:00,2025-08-27 20:09:00,6,False,3.2
SHP-001527,BAT-001527,Berlin,Western Europe,Reefer Truck,2025-08-27 11:58:48,2025-08-29 01:58:48,38.0,2025-08-27 13:58:48,2025-08-29 07:32:48,334,False,3.3
SHP-001528,BAT-001528,Iași,Romania,Insulated Van,2026-01-02 16:50:24,2026-01-03 00:50:24,8.0,2026-01-02 16:52:24,2026-01-03 00:52:24,2,False,2.6
SHP-001529,BAT-001529,Warsaw,Central Europe,Reefer Truck,2025-10-23 21:06:00,2025-10-25 01:06:00,28.0,2025-10-23 21:29:00,2025-10-25 01:29:00,23,False,2.9
SHP-001530,BAT-001530,Bucharest,Romania,Reefer Truck,2025-11-12 20:30:36,2025-11-13 10:30:36,14.0,2025-11-12 22:30:36,2025-11-13 17:43:36,433,False,4.5
SHP-001531,BAT-001531,Prague,Central Europe,Reefer Truck,2025-09-16 13:12:36,2025-09-17 21:12:36,32.0,2025-09-16 13:39:36,2025-09-17 21:39:36,27,False,3.3
SHP-001532,BAT-001532,Prague,Central Europe,Reefer Truck,2025-07-26 15:35:24,2025-07-27 23:35:24,32.0,2025-07-26 15:35:24,2025-07-27 23:35:24,0,False,4.3
SHP-001533,BAT-001533,Prague,Central Europe,Reefer Truck,2026-02-13 12:10:48,2026-02-14 20:10:48,32.0,2026-02-13 12:18:48,2026-02-14 20:18:48,8,False,2.7
SHP-001534,BAT-001534,Brașov,Romania,Reefer Truck,2025-10-31 13:20:24,2025-11-01 05:20:24,16.0,2025-10-31 15:20:24,2025-11-01 07:29:24,129,False,3.0
SHP-001535,BAT-001535,Chișinău Local,Domestic,Insulated Van,2025-12-03 15:24:36,2025-12-03 19:24:36,4.0,2025-12-03 15:45:36,2025-12-03 19:45:36,21,False,3.1
SHP-001536,BAT-001536,Chișinău Local,Domestic,Insulated Van,2025-10-24 16:51:00,2025-10-24 20:51:00,4.0,2025-10-24 17:02:00,2025-10-24 21:02:00,11,False,3.0
SHP-001537,BAT-001537,Berlin,Western Europe,Reefer Truck,2026-02-22 19:04:12,2026-02-24 09:04:12,38.0,2026-02-22 19:16:12,2026-02-24 09:16:12,12,False,3.3
SHP-001538,BAT-001538,Brașov,Romania,Reefer Truck,2025-10-14 17:48:00,2025-10-15 09:48:00,16.0,2025-10-14 18:11:00,2025-10-15 10:11:00,23,False,2.7
SHP-001539,BAT-001539,Bălți Wholesale,Domestic,Ambient Truck,2025-09-10 19:15:36,2025-09-11 00:15:36,5.0,2025-09-10 20:04:36,2025-09-11 01:04:36,49,True,26.8
SHP-001540,BAT-001540,Bucharest,Romania,Reefer Truck,2025-07-27 22:07:48,2025-07-28 12:07:48,14.0,2025-07-27 22:29:48,2025-07-28 12:29:48,22,False,4.0
SHP-001541,BAT-001541,Brașov,Romania,Reefer Truck,2025-06-25 22:10:12,2025-06-26 14:10:12,16.0,2025-06-26 00:10:12,2025-06-26 17:05:12,175,False,3.8
SHP-001542,BAT-001542,Bucharest,Romania,Reefer Truck,2025-07-18 20:25:12,2025-07-19 10:25:12,14.0,2025-07-18 20:25:12,2025-07-19 10:25:12,0,True,19.7
SHP-001543,BAT-001543,Warsaw,Central Europe,Reefer Truck,2025-11-12 22:28:12,2025-11-14 02:28:12,28.0,2025-11-12 22:44:12,2025-11-14 02:44:12,16,False,3.6
SHP-001544,BAT-001544,Bucharest,Romania,Reefer Truck,2025-12-14 18:18:36,2025-12-15 08:18:36,14.0,2025-12-14 19:22:36,2025-12-15 09:22:36,64,False,3.0
SHP-001545,BAT-001545,Bălți Wholesale,Domestic,Ambient Truck,2025-12-02 16:27:00,2025-12-02 21:27:00,5.0,2025-12-02 17:13:00,2025-12-02 22:13:00,46,False,22.7
SHP-001546,BAT-001546,Iași,Romania,Insulated Van,2026-01-24 18:55:12,2026-01-25 02:55:12,8.0,2026-01-24 20:55:12,2026-01-25 14:58:12,723,False,3.4
SHP-001547,BAT-001547,Brașov,Romania,Reefer Truck,2025-09-09 13:53:24,2025-09-10 05:53:24,16.0,2025-09-09 14:01:24,2025-09-10 06:01:24,8,False,4.3
SHP-001548,BAT-001548,Brașov,Romania,Reefer Truck,2025-10-05 21:40:12,2025-10-06 13:40:12,16.0,2025-10-05 22:09:12,2025-10-06 14:09:12,29,False,2.8
SHP-001549,BAT-001549,Bălți Wholesale,Domestic,Ambient Truck,2025-09-16 18:19:48,2025-09-16 23:19:48,5.0,2025-09-16 19:28:48,2025-09-17 00:28:48,69,False,17.2
SHP-001550,BAT-001550,Bucharest,Romania,Reefer Truck,2025-11-06 18:58:48,2025-11-07 08:58:48,14.0,2025-11-06 19:00:48,2025-11-07 09:00:48,2,True,23.0
SHP-001551,BAT-001551,Chișinău Local,Domestic,Insulated Van,2025-09-26 19:54:00,2025-09-26 23:54:00,4.0,2025-09-26 20:38:00,2025-09-27 00:38:00,44,False,2.8
SHP-001552,BAT-001552,Prague,Central Europe,Reefer Truck,2025-09-15 18:02:24,2025-09-17 02:02:24,32.0,2025-09-15 18:14:24,2025-09-17 02:14:24,12,False,3.4
SHP-001553,BAT-001553,Prague,Central Europe,Insulated Van,2025-08-07 17:15:00,2025-08-09 01:15:00,32.0,2025-08-07 19:15:00,2025-08-09 07:57:00,402,False,4.3
SHP-001554,BAT-001554,Prague,Central Europe,Reefer Truck,2025-12-27 17:22:12,2025-12-29 01:22:12,32.0,2025-12-27 19:22:12,2025-12-29 08:36:12,434,False,4.2
SHP-001555,BAT-001555,Berlin,Western Europe,Reefer Truck,2025-08-12 20:04:48,2025-08-14 10:04:48,38.0,2025-08-12 20:04:48,2025-08-14 10:04:48,0,False,3.9
SHP-001556,BAT-001556,Bucharest,Romania,Reefer Truck,2026-03-11 18:05:24,2026-03-12 08:05:24,14.0,2026-03-11 18:05:24,2026-03-12 08:05:24,0,False,3.7
SHP-001557,BAT-001557,Iași,Romania,Insulated Van,2025-08-06 17:09:36,2025-08-07 01:09:36,8.0,2025-08-06 17:09:36,2025-08-07 01:09:36,0,False,2.5
SHP-001558,BAT-001558,Berlin,Western Europe,Reefer Truck,2026-01-27 22:01:12,2026-01-29 12:01:12,38.0,2026-01-27 22:24:12,2026-01-29 12:24:12,23,False,2.7
SHP-001559,BAT-001559,Brașov,Romania,Reefer Truck,2025-10-18 14:03:00,2025-10-19 06:03:00,16.0,2025-10-18 14:03:00,2025-10-19 06:03:00,0,False,2.8
SHP-001560,BAT-001560,Bucharest,Romania,Reefer Truck,2026-01-31 12:52:48,2026-02-01 02:52:48,14.0,2026-01-31 13:00:48,2026-02-01 03:00:48,8,False,3.3
SHP-001561,BAT-001561,Iași,Romania,Insulated Van,2025-11-01 17:39:36,2025-11-02 01:39:36,8.0,2025-11-01 18:06:36,2025-11-02 02:06:36,27,False,2.8
SHP-001562,BAT-001562,Brașov,Romania,Reefer Truck,2025-09-16 19:24:36,2025-09-17 11:24:36,16.0,2025-09-16 20:23:36,2025-09-17 12:23:36,59,False,2.5
SHP-001563,BAT-001563,Warsaw,Central Europe,Reefer Truck,2025-12-10 16:10:48,2025-12-11 20:10:48,28.0,2025-12-10 17:17:48,2025-12-11 21:17:48,67,False,2.8
SHP-001564,BAT-001564,Prague,Central Europe,Reefer Truck,2025-08-09 18:23:24,2025-08-11 02:23:24,32.0,2025-08-09 18:42:24,2025-08-11 02:42:24,19,False,2.8
SHP-001565,BAT-001565,Bălți Wholesale,Domestic,Ambient Truck,2025-12-13 12:11:24,2025-12-13 17:11:24,5.0,2025-12-13 14:11:24,2025-12-14 04:34:24,683,False,17.0
SHP-001566,BAT-001566,Bucharest,Romania,Reefer Truck,2025-11-21 15:42:00,2025-11-22 05:42:00,14.0,2025-11-21 16:33:00,2025-11-22 06:33:00,51,False,3.9
SHP-001567,BAT-001567,Prague,Central Europe,Reefer Truck,2025-10-13 16:48:36,2025-10-15 00:48:36,32.0,2025-10-13 16:58:36,2025-10-15 00:58:36,10,False,2.6
SHP-001568,BAT-001568,Brașov,Romania,Reefer Truck,2025-09-15 15:19:12,2025-09-16 07:19:12,16.0,2025-09-15 15:19:12,2025-09-16 07:19:12,0,False,3.6
SHP-001569,BAT-001569,Chișinău Local,Domestic,Insulated Van,2025-11-02 15:20:24,2025-11-02 19:20:24,4.0,2025-11-02 15:27:24,2025-11-02 19:27:24,7,False,2.6
SHP-001570,BAT-001570,Bucharest,Romania,Reefer Truck,2025-08-29 13:59:24,2025-08-30 03:59:24,14.0,2025-08-29 15:59:24,2025-08-30 06:01:24,122,False,4.3
SHP-001571,BAT-001571,Warsaw,Central Europe,Insulated Van,2025-09-11 21:22:48,2025-09-13 01:22:48,28.0,2025-09-11 21:39:48,2025-09-13 01:39:48,17,False,3.6
SHP-001572,BAT-001572,Iași,Romania,Insulated Van,2025-12-31 22:25:48,2026-01-01 06:25:48,8.0,2025-12-31 23:38:48,2026-01-01 07:38:48,73,False,3.0
SHP-001573,BAT-001573,Chișinău Local,Domestic,Insulated Van,2026-01-03 20:34:12,2026-01-04 00:34:12,4.0,2026-01-03 20:51:12,2026-01-04 00:51:12,17,False,3.9
SHP-001574,BAT-001574,Chișinău Local,Domestic,Insulated Van,2026-01-25 10:12:36,2026-01-25 14:12:36,4.0,2026-01-25 10:53:36,2026-01-25 14:53:36,41,False,4.3
SHP-001575,BAT-001575,Brașov,Romania,Reefer Truck,2025-10-07 19:02:24,2025-10-08 11:02:24,16.0,2025-10-07 19:27:24,2025-10-08 11:27:24,25,False,2.6
SHP-001576,BAT-001576,Bucharest,Romania,Reefer Truck,2025-11-29 16:13:12,2025-11-30 06:13:12,14.0,2025-11-29 16:20:12,2025-11-30 06:20:12,7,False,3.8
SHP-001577,BAT-001577,Bucharest,Romania,Reefer Truck,2025-11-15 14:39:36,2025-11-16 04:39:36,14.0,2025-11-15 15:25:36,2025-11-16 05:25:36,46,False,3.5
SHP-001578,BAT-001578,Bălți Wholesale,Domestic,Ambient Truck,2025-11-18 21:05:24,2025-11-19 02:05:24,5.0,2025-11-18 21:05:24,2025-11-19 02:05:24,0,False,18.8
SHP-001579,BAT-001579,Chișinău Local,Domestic,Insulated Van,2025-08-27 18:18:36,2025-08-27 22:18:36,4.0,2025-08-27 20:18:36,2025-08-28 01:48:36,210,False,3.2
SHP-001580,BAT-001580,Warsaw,Central Europe,Reefer Truck,2025-08-13 18:31:12,2025-08-14 22:31:12,28.0,2025-08-13 19:01:12,2025-08-14 23:01:12,30,False,2.7
SHP-001581,BAT-001581,Berlin,Western Europe,Reefer Truck,2025-12-02 18:51:00,2025-12-04 08:51:00,38.0,2025-12-02 20:41:00,2025-12-04 10:41:00,110,False,2.8
SHP-001582,BAT-001582,Warsaw,Central Europe,Reefer Truck,2026-02-04 12:21:00,2026-02-05 16:21:00,28.0,2026-02-04 12:52:00,2026-02-05 16:52:00,31,False,4.4
SHP-001583,BAT-001583,Chișinău Local,Domestic,Insulated Van,2025-10-09 19:57:00,2025-10-09 23:57:00,4.0,2025-10-09 21:57:00,2025-10-10 09:15:00,558,False,3.7
SHP-001584,BAT-001584,Bucharest,Romania,Reefer Truck,2025-11-26 22:36:36,2025-11-27 12:36:36,14.0,2025-11-26 22:36:36,2025-11-27 12:36:36,0,False,3.6
SHP-001585,BAT-001585,Bălți Wholesale,Domestic,Ambient Truck,2025-09-19 11:22:12,2025-09-19 16:22:12,5.0,2025-09-19 11:22:12,2025-09-19 16:22:12,0,False,18.0
SHP-001586,BAT-001586,Iași,Romania,Insulated Van,2025-12-19 20:25:12,2025-12-20 04:25:12,8.0,2025-12-19 21:20:12,2025-12-20 05:20:12,55,False,3.8
SHP-001587,BAT-001587,Prague,Central Europe,Reefer Truck,2025-08-24 18:34:48,2025-08-26 02:34:48,32.0,2025-08-24 18:34:48,2025-08-26 02:34:48,0,False,3.2
SHP-001588,BAT-001588,Berlin,Western Europe,Reefer Truck,2025-10-25 12:39:36,2025-10-27 02:39:36,38.0,2025-10-25 13:27:36,2025-10-27 03:27:36,48,False,3.5
SHP-001589,BAT-001589,Iași,Romania,Insulated Van,2026-01-13 18:42:36,2026-01-14 02:42:36,8.0,2026-01-13 20:42:36,2026-01-14 09:04:36,382,False,2.6
SHP-001590,BAT-001590,Brașov,Romania,Reefer Truck,2025-10-23 14:25:48,2025-10-24 06:25:48,16.0,2025-10-23 14:36:48,2025-10-24 06:36:48,11,False,3.3
SHP-001591,BAT-001591,Chișinău Local,Domestic,Insulated Van,2026-01-16 22:08:24,2026-01-17 02:08:24,4.0,2026-01-16 22:08:24,2026-01-17 02:08:24,0,False,3.5
SHP-001592,BAT-001592,Chișinău Local,Domestic,Insulated Van,2026-01-07 20:27:00,2026-01-08 00:27:00,4.0,2026-01-07 20:38:00,2026-01-08 00:38:00,11,False,3.4
SHP-001593,BAT-001593,Bălți Wholesale,Domestic,Ambient Truck,2025-09-13 19:01:48,2025-09-14 00:01:48,5.0,2025-09-13 19:16:48,2025-09-14 00:16:48,15,True,28.6
SHP-001594,BAT-001594,Prague,Central Europe,Reefer Truck,2026-01-14 18:15:36,2026-01-16 02:15:36,32.0,2026-01-14 18:15:36,2026-01-16 02:15:36,0,False,2.6
SHP-001595,BAT-001595,Iași,Romania,Reefer Truck,2025-06-20 12:33:36,2025-06-20 20:33:36,8.0,2025-06-20 12:33:36,2025-06-20 20:33:36,0,False,2.5
SHP-001596,BAT-001596,Chișinău Local,Domestic,Insulated Van,2025-11-17 17:02:24,2025-11-17 21:02:24,4.0,2025-11-17 17:40:24,2025-11-17 21:40:24,38,False,3.2
SHP-001597,BAT-001597,Chișinău Local,Domestic,Insulated Van,2025-11-19 12:16:12,2025-11-19 16:16:12,4.0,2025-11-19 12:44:12,2025-11-19 16:44:12,28,False,4.5
SHP-001598,BAT-001598,Bucharest,Romania,Reefer Truck,2025-11-25 14:06:36,2025-11-26 04:06:36,14.0,2025-11-25 16:06:36,2025-11-26 13:51:36,585,False,2.8
SHP-001599,BAT-001599,Prague,Central Europe,Reefer Truck,2025-09-15 14:18:00,2025-09-16 22:18:00,32.0,2025-09-15 14:20:00,2025-09-16 22:20:00,2,False,3.0
SHP-001600,BAT-001600,Prague,Central Europe,Reefer Truck,2025-07-21 20:16:12,2025-07-23 04:16:12,32.0,2025-07-21 20:16:12,2025-07-23 04:16:12,0,False,2.8
SHP-001601,BAT-001601,Chișinău Local,Domestic,Insulated Van,2025-08-30 14:22:48,2025-08-30 18:22:48,4.0,2025-08-30 14:29:48,2025-08-30 18:29:48,7,False,3.8
SHP-001602,BAT-001602,Berlin,Western Europe,Reefer Truck,2025-08-23 15:34:12,2025-08-25 05:34:12,38.0,2025-08-23 16:13:12,2025-08-25 06:13:12,39,False,4.0
SHP-001603,BAT-001603,Bucharest,Romania,Reefer Truck,2026-03-19 14:02:24,2026-03-20 04:02:24,14.0,2026-03-19 14:22:24,2026-03-20 04:22:24,20,False,3.0
SHP-001604,BAT-001604,Bălți Wholesale,Domestic,Ambient Truck,2025-08-26 14:42:36,2025-08-26 19:42:36,5.0,2025-08-26 15:05:36,2025-08-26 20:05:36,23,False,21.5
SHP-001605,BAT-001605,Bucharest,Romania,Reefer Truck,2025-11-07 15:46:12,2025-11-08 05:46:12,14.0,2025-11-07 16:24:12,2025-11-08 06:24:12,38,False,2.7
SHP-001606,BAT-001606,Bucharest,Romania,Reefer Truck,2025-12-15 16:21:36,2025-12-16 06:21:36,14.0,2025-12-15 17:08:36,2025-12-16 07:08:36,47,False,3.3
SHP-001607,BAT-001607,Bucharest,Romania,Reefer Truck,2025-12-23 11:40:48,2025-12-24 01:40:48,14.0,2025-12-23 11:40:48,2025-12-24 01:40:48,0,False,2.6
SHP-001608,BAT-001608,Prague,Central Europe,Reefer Truck,2025-10-05 14:34:12,2025-10-06 22:34:12,32.0,2025-10-05 14:34:12,2025-10-06 22:34:12,0,False,4.3
SHP-001609,BAT-001609,Iași,Romania,Insulated Van,2025-10-16 15:16:12,2025-10-16 23:16:12,8.0,2025-10-16 15:33:12,2025-10-16 23:33:12,17,False,2.6
SHP-001610,BAT-001610,Bucharest,Romania,Reefer Truck,2026-01-06 13:21:36,2026-01-07 03:21:36,14.0,2026-01-06 14:50:36,2026-01-07 04:50:36,89,False,3.8
SHP-001611,BAT-001611,Bălți Wholesale,Domestic,Ambient Truck,2025-09-20 18:18:36,2025-09-20 23:18:36,5.0,2025-09-20 19:01:36,2025-09-21 00:01:36,43,True,25.7
SHP-001612,BAT-001612,Berlin,Western Europe,Reefer Truck,2025-09-17 13:12:00,2025-09-19 03:12:00,38.0,2025-09-17 13:21:00,2025-09-19 03:21:00,9,False,4.1
SHP-001613,BAT-001613,Bucharest,Romania,Reefer Truck,2025-08-04 13:58:12,2025-08-05 03:58:12,14.0,2025-08-04 15:30:12,2025-08-05 05:30:12,92,False,3.1
SHP-001614,BAT-001614,Bălți Wholesale,Domestic,Ambient Truck,2025-08-28 11:43:48,2025-08-28 16:43:48,5.0,2025-08-28 12:21:48,2025-08-28 17:21:48,38,False,18.0
SHP-001615,BAT-001615,Berlin,Western Europe,Reefer Truck,2025-10-04 17:25:12,2025-10-06 07:25:12,38.0,2025-10-04 17:25:12,2025-10-06 07:25:12,0,False,3.1
SHP-001616,BAT-001616,Iași,Romania,Insulated Van,2025-11-30 20:50:24,2025-12-01 04:50:24,8.0,2025-11-30 20:50:24,2025-12-01 04:50:24,0,True,14.0
SHP-001617,BAT-001617,Berlin,Western Europe,Reefer Truck,2025-07-23 17:55:48,2025-07-25 07:55:48,38.0,2025-07-23 18:09:48,2025-07-25 08:09:48,14,False,2.5
SHP-001618,BAT-001618,Chișinău Local,Domestic,Insulated Van,2026-01-14 14:32:24,2026-01-14 18:32:24,4.0,2026-01-14 15:34:24,2026-01-14 19:34:24,62,True,17.8
SHP-001619,BAT-001619,Brașov,Romania,Reefer Truck,2025-10-03 13:04:48,2025-10-04 05:04:48,16.0,2025-10-03 13:06:48,2025-10-04 05:06:48,2,False,2.6
SHP-001620,BAT-001620,Bucharest,Romania,Reefer Truck,2026-01-01 18:45:00,2026-01-02 08:45:00,14.0,2026-01-01 18:45:00,2026-01-02 08:45:00,0,False,4.3
SHP-001621,BAT-001621,Warsaw,Central Europe,Reefer Truck,2025-08-11 16:34:48,2025-08-12 20:34:48,28.0,2025-08-11 17:32:48,2025-08-12 21:32:48,58,False,4.1
SHP-001622,BAT-001622,Brașov,Romania,Reefer Truck,2025-12-12 18:24:36,2025-12-13 10:24:36,16.0,2025-12-12 18:49:36,2025-12-13 10:49:36,25,False,4.1
SHP-001623,BAT-001623,Bălți Wholesale,Domestic,Ambient Truck,2026-01-10 15:55:12,2026-01-10 20:55:12,5.0,2026-01-10 16:11:12,2026-01-10 21:11:12,16,False,15.9
SHP-001624,BAT-001624,Warsaw,Central Europe,Reefer Truck,2025-11-29 17:48:00,2025-11-30 21:48:00,28.0,2025-11-29 17:59:00,2025-11-30 21:59:00,11,False,2.9
SHP-001625,BAT-001625,Berlin,Western Europe,Reefer Truck,2025-07-30 23:33:00,2025-08-01 13:33:00,38.0,2025-07-30 23:33:00,2025-08-01 13:33:00,0,False,4.4
SHP-001626,BAT-001626,Bălți Wholesale,Domestic,Ambient Truck,2025-09-01 16:01:12,2025-09-01 21:01:12,5.0,2025-09-01 17:20:12,2025-09-01 22:20:12,79,False,22.4
SHP-001627,BAT-001627,Prague,Central Europe,Insulated Van,2025-07-15 18:30:00,2025-07-17 02:30:00,32.0,2025-07-15 18:37:00,2025-07-17 02:37:00,7,True,22.6
SHP-001628,BAT-001628,Bălți Wholesale,Domestic,Ambient Truck,2026-01-18 21:48:00,2026-01-19 02:48:00,5.0,2026-01-18 22:11:00,2026-01-19 03:11:00,23,False,18.0
SHP-001629,BAT-001629,Brașov,Romania,Reefer Truck,2025-12-10 15:24:36,2025-12-11 07:24:36,16.0,2025-12-10 16:41:36,2025-12-11 08:41:36,77,False,2.8
SHP-001630,BAT-001630,Bucharest,Romania,Reefer Truck,2025-11-24 21:48:00,2025-11-25 11:48:00,14.0,2025-11-24 21:48:00,2025-11-25 11:48:00,0,False,3.9
SHP-001631,BAT-001631,Iași,Romania,Insulated Van,2025-08-22 16:58:12,2025-08-23 00:58:12,8.0,2025-08-22 17:09:12,2025-08-23 01:09:12,11,False,3.7
SHP-001632,BAT-001632,Bălți Wholesale,Domestic,Reefer Truck,2025-07-02 15:24:36,2025-07-02 20:24:36,5.0,2025-07-02 15:24:36,2025-07-02 20:24:36,0,False,3.0
SHP-001633,BAT-001633,Bucharest,Romania,Reefer Truck,2026-02-17 17:20:24,2026-02-18 07:20:24,14.0,2026-02-17 19:20:24,2026-02-18 15:45:24,505,False,3.9
SHP-001634,BAT-001634,Chișinău Local,Domestic,Insulated Van,2025-10-26 13:43:48,2025-10-26 17:43:48,4.0,2025-10-26 13:57:48,2025-10-26 17:57:48,14,False,4.3
SHP-001635,BAT-001635,Prague,Central Europe,Reefer Truck,2026-03-20 15:12:36,2026-03-21 23:12:36,32.0,2026-03-20 15:12:36,2026-03-21 23:12:36,0,False,3.0
SHP-001636,BAT-001636,Bucharest,Romania,Reefer Truck,2025-11-17 21:34:48,2025-11-18 11:34:48,14.0,2025-11-17 21:36:48,2025-11-18 11:36:48,2,False,4.0
SHP-001637,BAT-001637,Iași,Romania,Insulated Van,2025-08-25 14:48:00,2025-08-25 22:48:00,8.0,2025-08-25 14:48:00,2025-08-25 22:48:00,0,False,2.7
SHP-001638,BAT-001638,Brașov,Romania,Reefer Truck,2026-03-03 16:15:36,2026-03-04 08:15:36,16.0,2026-03-03 16:15:36,2026-03-04 08:15:36,0,False,3.5
SHP-001639,BAT-001639,Brașov,Romania,Reefer Truck,2026-03-24 18:22:48,2026-03-25 10:22:48,16.0,2026-03-24 18:54:48,2026-03-25 10:54:48,32,False,3.8
SHP-001640,BAT-001640,Warsaw,Central Europe,Reefer Truck,2025-11-11 16:18:36,2025-11-12 20:18:36,28.0,2025-11-11 16:43:36,2025-11-12 20:43:36,25,False,4.5
SHP-001641,BAT-001641,Berlin,Western Europe,Reefer Truck,2026-01-29 20:32:24,2026-01-31 10:32:24,38.0,2026-01-29 22:32:24,2026-01-31 18:03:24,451,False,3.9
SHP-001642,BAT-001642,Brașov,Romania,Reefer Truck,2026-01-28 17:27:00,2026-01-29 09:27:00,16.0,2026-01-28 18:06:00,2026-01-29 10:06:00,39,False,3.6
SHP-001643,BAT-001643,Warsaw,Central Europe,Insulated Van,2025-07-30 15:38:24,2025-07-31 19:38:24,28.0,2025-07-30 17:38:24,2025-08-01 01:22:24,344,False,4.4
SHP-001644,BAT-001644,Chișinău Local,Domestic,Insulated Van,2025-10-28 16:27:00,2025-10-28 20:27:00,4.0,2025-10-28 16:37:00,2025-10-28 20:37:00,10,False,4.2
SHP-001645,BAT-001645,Chișinău Local,Domestic,Insulated Van,2025-10-13 20:24:36,2025-10-14 00:24:36,4.0,2025-10-13 20:37:36,2025-10-14 00:37:36,13,False,3.8
SHP-001646,BAT-001646,Chișinău Local,Domestic,Insulated Van,2025-08-25 17:15:36,2025-08-25 21:15:36,4.0,2025-08-25 17:29:36,2025-08-25 21:29:36,14,False,3.7
SHP-001647,BAT-001647,Prague,Central Europe,Reefer Truck,2025-12-15 17:56:24,2025-12-17 01:56:24,32.0,2025-12-15 19:56:24,2025-12-17 07:26:24,330,False,3.0
SHP-001648,BAT-001648,Bălți Wholesale,Domestic,Ambient Truck,2025-12-15 18:09:36,2025-12-15 23:09:36,5.0,2025-12-15 18:53:36,2025-12-15 23:53:36,44,True,29.1
SHP-001649,BAT-001649,Prague,Central Europe,Reefer Truck,2025-08-17 16:28:12,2025-08-19 00:28:12,32.0,2025-08-17 16:54:12,2025-08-19 00:54:12,26,False,4.0
SHP-001650,BAT-001650,Prague,Central Europe,Reefer Truck,2025-12-15 12:21:36,2025-12-16 20:21:36,32.0,2025-12-15 12:35:36,2025-12-16 20:35:36,14,False,2.8
SHP-001651,BAT-001651,Warsaw,Central Europe,Reefer Truck,2025-08-11 15:14:24,2025-08-12 19:14:24,28.0,2025-08-11 15:52:24,2025-08-12 19:52:24,38,False,4.2
SHP-001652,BAT-001652,Bălți Wholesale,Domestic,Ambient Truck,2025-10-29 15:00:00,2025-10-29 20:00:00,5.0,2025-10-29 15:05:00,2025-10-29 20:05:00,5,False,18.0
SHP-001653,BAT-001653,Iași,Romania,Insulated Van,2025-09-12 10:58:12,2025-09-12 18:58:12,8.0,2025-09-12 12:58:12,2025-09-13 04:04:12,546,False,2.8
SHP-001654,BAT-001654,Prague,Central Europe,Reefer Truck,2025-10-10 16:06:00,2025-10-12 00:06:00,32.0,2025-10-10 16:25:00,2025-10-12 00:25:00,19,False,3.4
SHP-001655,BAT-001655,Bălți Wholesale,Domestic,Ambient Truck,2025-09-09 18:35:24,2025-09-09 23:35:24,5.0,2025-09-09 19:17:24,2025-09-10 00:17:24,42,True,28.8
SHP-001656,BAT-001656,Iași,Romania,Insulated Van,2025-10-31 12:15:36,2025-10-31 20:15:36,8.0,2025-10-31 12:15:36,2025-10-31 20:15:36,0,False,2.5
SHP-001657,BAT-001657,Prague,Central Europe,Reefer Truck,2026-01-30 21:09:00,2026-02-01 05:09:00,32.0,2026-01-30 21:09:00,2026-02-01 05:09:00,0,False,3.7
SHP-001658,BAT-001658,Chișinău Local,Domestic,Insulated Van,2025-12-12 17:10:48,2025-12-12 21:10:48,4.0,2025-12-12 17:56:48,2025-12-12 21:56:48,46,False,4.1
SHP-001659,BAT-001659,Bălți Wholesale,Domestic,Ambient Truck,2026-02-01 18:33:00,2026-02-01 23:33:00,5.0,2026-02-01 18:45:00,2026-02-01 23:45:00,12,False,18.0
SHP-001660,BAT-001660,Bălți Wholesale,Domestic,Ambient Truck,2025-09-28 16:49:12,2025-09-28 21:49:12,5.0,2025-09-28 17:03:12,2025-09-28 22:03:12,14,True,25.5
SHP-001661,BAT-001661,Bucharest,Romania,Reefer Truck,2025-12-12 15:02:24,2025-12-13 05:02:24,14.0,2025-12-12 17:02:24,2025-12-13 12:53:24,471,False,3.3
SHP-001662,BAT-001662,Bălți Wholesale,Domestic,Ambient Truck,2025-11-16 20:45:00,2025-11-17 01:45:00,5.0,2025-11-16 22:42:00,2025-11-17 03:42:00,117,False,18.0
SHP-001663,BAT-001663,Chișinău Local,Domestic,Insulated Van,2025-10-19 14:28:48,2025-10-19 18:28:48,4.0,2025-10-19 15:07:48,2025-10-19 19:07:48,39,False,3.2
SHP-001664,BAT-001664,Berlin,Western Europe,Reefer Truck,2025-11-28 18:44:24,2025-11-30 08:44:24,38.0,2025-11-28 19:02:24,2025-11-30 09:02:24,18,False,3.1
SHP-001665,BAT-001665,Chișinău Local,Domestic,Insulated Van,2025-08-22 17:31:12,2025-08-22 21:31:12,4.0,2025-08-22 17:45:12,2025-08-22 21:45:12,14,False,3.9
SHP-001666,BAT-001666,Warsaw,Central Europe,Reefer Truck,2025-09-13 16:24:36,2025-09-14 20:24:36,28.0,2025-09-13 18:24:36,2025-09-15 01:53:36,329,False,4.3
SHP-001667,BAT-001667,Brașov,Romania,Reefer Truck,2025-06-25 19:42:00,2025-06-26 11:42:00,16.0,2025-06-25 19:53:00,2025-06-26 11:53:00,11,False,4.5
SHP-001668,BAT-001668,Warsaw,Central Europe,Reefer Truck,2025-10-13 16:07:48,2025-10-14 20:07:48,28.0,2025-10-13 16:07:48,2025-10-14 20:07:48,0,False,3.4
SHP-001669,BAT-001669,Bălți Wholesale,Domestic,Ambient Truck,2025-07-30 12:40:12,2025-07-30 17:40:12,5.0,2025-07-30 13:05:12,2025-07-30 18:05:12,25,False,21.8
SHP-001670,BAT-001670,Chișinău Local,Domestic,Insulated Van,2025-08-06 21:33:00,2025-08-07 01:33:00,4.0,2025-08-06 21:33:00,2025-08-07 01:33:00,0,False,2.8
SHP-001671,BAT-001671,Chișinău Local,Domestic,Insulated Van,2025-07-23 21:01:12,2025-07-24 01:01:12,4.0,2025-07-23 23:01:12,2025-07-24 04:25:12,204,False,4.0
SHP-001672,BAT-001672,Iași,Romania,Insulated Van,2025-12-04 19:33:00,2025-12-05 03:33:00,8.0,2025-12-04 19:55:00,2025-12-05 03:55:00,22,False,4.0
SHP-001673,BAT-001673,Chișinău Local,Domestic,Insulated Van,2025-11-26 18:27:00,2025-11-26 22:27:00,4.0,2025-11-26 19:41:00,2025-11-26 23:41:00,74,False,3.9
SHP-001674,BAT-001674,Iași,Romania,Insulated Van,2026-01-25 18:18:00,2026-01-26 02:18:00,8.0,2026-01-25 19:36:00,2026-01-26 03:36:00,78,False,2.7
SHP-001675,BAT-001675,Berlin,Western Europe,Reefer Truck,2025-11-02 12:26:24,2025-11-04 02:26:24,38.0,2025-11-02 12:26:24,2025-11-04 02:26:24,0,False,3.9
SHP-001676,BAT-001676,Iași,Romania,Insulated Van,2026-02-22 23:13:48,2026-02-23 07:13:48,8.0,2026-02-22 23:58:48,2026-02-23 07:58:48,45,False,4.0
SHP-001677,BAT-001677,Prague,Central Europe,Reefer Truck,2025-11-19 19:04:12,2025-11-21 03:04:12,32.0,2025-11-19 19:26:12,2025-11-21 03:26:12,22,False,4.0
SHP-001678,BAT-001678,Bălți Wholesale,Domestic,Ambient Truck,2025-08-16 19:11:24,2025-08-17 00:11:24,5.0,2025-08-16 21:11:24,2025-08-17 11:38:24,687,True,30.0
SHP-001679,BAT-001679,Brașov,Romania,Reefer Truck,2025-09-03 17:45:36,2025-09-04 09:45:36,16.0,2025-09-03 17:49:36,2025-09-04 09:49:36,4,False,3.5
SHP-001680,BAT-001680,Brașov,Romania,Reefer Truck,2025-11-29 19:40:48,2025-11-30 11:40:48,16.0,2025-11-29 19:40:48,2025-11-30 11:40:48,0,False,3.0
SHP-001681,BAT-001681,Iași,Romania,Insulated Van,2026-01-14 19:08:24,2026-01-15 03:08:24,8.0,2026-01-14 20:04:24,2026-01-15 04:04:24,56,False,3.2
SHP-001682,BAT-001682,Berlin,Western Europe,Reefer Truck,2025-11-30 18:55:12,2025-12-02 08:55:12,38.0,2025-11-30 19:03:12,2025-12-02 09:03:12,8,False,4.3
SHP-001683,BAT-001683,Chișinău Local,Domestic,Insulated Van,2025-10-05 19:53:24,2025-10-05 23:53:24,4.0,2025-10-05 19:56:24,2025-10-05 23:56:24,3,False,4.3
SHP-001684,BAT-001684,Berlin,Western Europe,Reefer Truck,2025-10-26 12:08:24,2025-10-28 02:08:24,38.0,2025-10-26 14:08:24,2025-10-28 06:59:24,291,False,2.8
SHP-001685,BAT-001685,Bălți Wholesale,Domestic,Ambient Truck,2025-09-10 19:24:00,2025-09-11 00:24:00,5.0,2025-09-10 19:24:00,2025-09-11 00:24:00,0,True,30.9
SHP-001686,BAT-001686,Bucharest,Romania,Reefer Truck,2025-10-23 16:36:00,2025-10-24 06:36:00,14.0,2025-10-23 16:47:00,2025-10-24 06:47:00,11,False,3.9
SHP-001687,BAT-001687,Prague,Central Europe,Reefer Truck,2025-11-06 11:52:48,2025-11-07 19:52:48,32.0,2025-11-06 11:52:48,2025-11-07 19:52:48,0,False,3.0
SHP-001688,BAT-001688,Brașov,Romania,Reefer Truck,2025-10-30 22:21:36,2025-10-31 14:21:36,16.0,2025-10-30 22:32:36,2025-10-31 14:32:36,11,False,3.4
SHP-001689,BAT-001689,Iași,Romania,Insulated Van,2025-12-07 21:21:36,2025-12-08 05:21:36,8.0,2025-12-07 21:21:36,2025-12-08 05:21:36,0,False,2.6
SHP-001690,BAT-001690,Prague,Central Europe,Reefer Truck,2026-01-10 13:53:24,2026-01-11 21:53:24,32.0,2026-01-10 15:53:24,2026-01-11 23:55:24,122,False,3.2
SHP-001691,BAT-001691,Brașov,Romania,Reefer Truck,2025-07-19 19:49:48,2025-07-20 11:49:48,16.0,2025-07-19 20:00:48,2025-07-20 12:00:48,11,False,3.9
SHP-001692,BAT-001692,Iași,Romania,Insulated Van,2025-11-13 21:04:12,2025-11-14 05:04:12,8.0,2025-11-13 22:33:12,2025-11-14 06:33:12,89,False,3.9
SHP-001693,BAT-001693,Iași,Romania,Insulated Van,2025-07-18 12:36:36,2025-07-18 20:36:36,8.0,2025-07-18 13:32:36,2025-07-18 21:32:36,56,False,3.9
SHP-001694,BAT-001694,Brașov,Romania,Reefer Truck,2025-06-02 21:42:00,2025-06-03 13:42:00,16.0,2025-06-02 22:18:00,2025-06-03 14:18:00,36,False,3.5
SHP-001695,BAT-001695,Iași,Romania,Insulated Van,2025-10-12 19:35:24,2025-10-13 03:35:24,8.0,2025-10-12 21:35:24,2025-10-13 07:03:24,208,False,2.5
SHP-001696,BAT-001696,Brașov,Romania,Reefer Truck,2025-10-10 16:34:12,2025-10-11 08:34:12,16.0,2025-10-10 17:10:12,2025-10-11 09:10:12,36,False,3.8
SHP-001697,BAT-001697,Prague,Central Europe,Reefer Truck,2025-08-13 20:24:36,2025-08-15 04:24:36,32.0,2025-08-13 20:24:36,2025-08-15 04:24:36,0,False,3.6
SHP-001698,BAT-001698,Warsaw,Central Europe,Reefer Truck,2026-03-18 19:52:48,2026-03-19 23:52:48,28.0,2026-03-18 20:56:48,2026-03-20 00:56:48,64,False,3.0
SHP-001699,BAT-001699,Prague,Central Europe,Reefer Truck,2025-09-16 10:25:12,2025-09-17 18:25:12,32.0,2025-09-16 12:25:12,2025-09-18 05:22:12,657,False,3.7
SHP-001700,BAT-001700,Prague,Central Europe,Reefer Truck,2026-01-19 12:55:48,2026-01-20 20:55:48,32.0,2026-01-19 13:08:48,2026-01-20 21:08:48,13,False,3.2
SHP-001701,BAT-001701,Bălți Wholesale,Domestic,Ambient Truck,2026-01-11 13:06:00,2026-01-11 18:06:00,5.0,2026-01-11 13:29:00,2026-01-11 18:29:00,23,False,18.0
SHP-001702,BAT-001702,Prague,Central Europe,Reefer Truck,2025-11-27 19:03:36,2025-11-29 03:03:36,32.0,2025-11-27 21:03:36,2025-11-29 05:32:36,149,False,3.1
SHP-001703,BAT-001703,Bucharest,Romania,Reefer Truck,2025-08-20 09:59:24,2025-08-20 23:59:24,14.0,2025-08-20 11:59:24,2025-08-21 04:41:24,282,False,4.0
SHP-001704,BAT-001704,Brașov,Romania,Reefer Truck,2025-11-09 22:20:24,2025-11-10 14:20:24,16.0,2025-11-09 22:20:24,2025-11-10 14:20:24,0,False,3.2
SHP-001705,BAT-001705,Iași,Romania,Insulated Van,2025-10-19 20:18:00,2025-10-20 04:18:00,8.0,2025-10-19 20:18:00,2025-10-20 04:18:00,0,True,22.3
SHP-001706,BAT-001706,Brașov,Romania,Reefer Truck,2025-10-30 19:47:24,2025-10-31 11:47:24,16.0,2025-10-30 19:47:24,2025-10-31 11:47:24,0,False,3.6
SHP-001707,BAT-001707,Berlin,Western Europe,Reefer Truck,2025-06-14 22:40:48,2025-06-16 12:40:48,38.0,2025-06-14 22:49:48,2025-06-16 12:49:48,9,False,3.9
SHP-001708,BAT-001708,Brașov,Romania,Reefer Truck,2026-01-18 10:16:12,2026-01-19 02:16:12,16.0,2026-01-18 11:14:12,2026-01-19 03:14:12,58,False,3.1
SHP-001709,BAT-001709,Iași,Romania,Insulated Van,2025-08-10 21:58:48,2025-08-11 05:58:48,8.0,2025-08-10 21:58:48,2025-08-11 05:58:48,0,False,3.9
SHP-001710,BAT-001710,Brașov,Romania,Insulated Van,2025-10-13 11:12:00,2025-10-14 03:12:00,16.0,2025-10-13 11:12:00,2025-10-14 03:12:00,0,False,3.1
SHP-001711,BAT-001711,Bucharest,Romania,Reefer Truck,2025-11-23 15:50:24,2025-11-24 05:50:24,14.0,2025-11-23 17:50:24,2025-11-24 09:42:24,232,False,3.2
SHP-001712,BAT-001712,Iași,Romania,Insulated Van,2025-12-13 20:24:00,2025-12-14 04:24:00,8.0,2025-12-13 20:37:00,2025-12-14 04:37:00,13,False,3.0
SHP-001713,BAT-001713,Bucharest,Romania,Reefer Truck,2025-12-08 19:33:36,2025-12-09 09:33:36,14.0,2025-12-08 20:31:36,2025-12-09 10:31:36,58,False,3.1
SHP-001714,BAT-001714,Chișinău Local,Domestic,Insulated Van,2025-12-25 16:32:24,2025-12-25 20:32:24,4.0,2025-12-25 16:35:24,2025-12-25 20:35:24,3,False,3.4
SHP-001715,BAT-001715,Brașov,Romania,Reefer Truck,2025-10-31 18:12:00,2025-11-01 10:12:00,16.0,2025-10-31 18:12:00,2025-11-01 10:12:00,0,False,3.9
SHP-001716,BAT-001716,Iași,Romania,Reefer Truck,2025-06-24 22:09:00,2025-06-25 06:09:00,8.0,2025-06-24 22:21:00,2025-06-25 06:21:00,12,True,14.8
SHP-001717,BAT-001717,Berlin,Western Europe,Reefer Truck,2026-01-06 19:45:00,2026-01-08 09:45:00,38.0,2026-01-06 20:15:00,2026-01-08 10:15:00,30,False,2.7
SHP-001718,BAT-001718,Chișinău Local,Domestic,Insulated Van,2025-10-18 12:37:48,2025-10-18 16:37:48,4.0,2025-10-18 13:07:48,2025-10-18 17:07:48,30,False,3.1
SHP-001719,BAT-001719,Bălți Wholesale,Domestic,Ambient Truck,2025-12-10 18:21:36,2025-12-10 23:21:36,5.0,2025-12-10 20:21:36,2025-12-11 04:26:36,305,True,28.2
SHP-001720,BAT-001720,Warsaw,Central Europe,Reefer Truck,2025-11-27 19:46:48,2025-11-28 23:46:48,28.0,2025-11-27 19:46:48,2025-11-28 23:46:48,0,False,3.8
SHP-001721,BAT-001721,Prague,Central Europe,Reefer Truck,2025-07-07 18:59:24,2025-07-09 02:59:24,32.0,2025-07-07 20:04:24,2025-07-09 04:04:24,65,False,2.9
SHP-001722,BAT-001722,Warsaw,Central Europe,Reefer Truck,2025-08-31 23:03:36,2025-09-02 03:03:36,28.0,2025-08-31 23:13:36,2025-09-02 03:13:36,10,False,4.2
SHP-001723,BAT-001723,Brașov,Romania,Reefer Truck,2025-12-31 14:48:00,2026-01-01 06:48:00,16.0,2025-12-31 14:51:00,2026-01-01 06:51:00,3,False,3.5
SHP-001724,BAT-001724,Bucharest,Romania,Reefer Truck,2025-10-07 21:16:12,2025-10-08 11:16:12,14.0,2025-10-07 23:16:12,2025-10-08 19:33:12,497,True,14.6
SHP-001725,BAT-001725,Chișinău Local,Domestic,Insulated Van,2026-02-21 15:51:36,2026-02-21 19:51:36,4.0,2026-02-21 16:07:36,2026-02-21 20:07:36,16,True,22.7
SHP-001726,BAT-001726,Brașov,Romania,Reefer Truck,2025-07-20 15:38:24,2025-07-21 07:38:24,16.0,2025-07-20 16:11:24,2025-07-21 08:11:24,33,False,3.6
SHP-001727,BAT-001727,Warsaw,Central Europe,Reefer Truck,2025-11-21 16:00:00,2025-11-22 20:00:00,28.0,2025-11-21 16:04:00,2025-11-22 20:04:00,4,False,3.7
SHP-001728,BAT-001728,Prague,Central Europe,Reefer Truck,2026-01-31 19:40:48,2026-02-02 03:40:48,32.0,2026-01-31 19:40:48,2026-02-02 03:40:48,0,False,4.2
SHP-001729,BAT-001729,Iași,Romania,Insulated Van,2026-02-23 17:01:48,2026-02-24 01:01:48,8.0,2026-02-23 17:08:48,2026-02-24 01:08:48,7,False,3.6
SHP-001730,BAT-001730,Bălți Wholesale,Domestic,Reefer Truck,2025-06-03 19:05:24,2025-06-04 00:05:24,5.0,2025-06-03 19:24:24,2025-06-04 00:24:24,19,False,2.6
SHP-001731,BAT-001731,Bucharest,Romania,Reefer Truck,2025-10-15 16:37:48,2025-10-16 06:37:48,14.0,2025-10-15 16:37:48,2025-10-16 06:37:48,0,False,4.5
SHP-001732,BAT-001732,Bucharest,Romania,Reefer Truck,2025-12-26 19:03:00,2025-12-27 09:03:00,14.0,2025-12-26 19:03:00,2025-12-27 09:03:00,0,False,2.9
SHP-001733,BAT-001733,Prague,Central Europe,Reefer Truck,2026-01-22 16:50:24,2026-01-24 00:50:24,32.0,2026-01-22 17:39:24,2026-01-24 01:39:24,49,False,3.5
SHP-001734,BAT-001734,Bucharest,Romania,Reefer Truck,2025-12-20 15:17:24,2025-12-21 05:17:24,14.0,2025-12-20 17:14:24,2025-12-21 07:14:24,117,True,20.7
SHP-001735,BAT-001735,Prague,Central Europe,Reefer Truck,2026-01-28 17:59:24,2026-01-30 01:59:24,32.0,2026-01-28 18:02:24,2026-01-30 02:02:24,3,False,3.0
SHP-001736,BAT-001736,Iași,Romania,Insulated Van,2025-12-20 13:54:00,2025-12-20 21:54:00,8.0,2025-12-20 14:36:00,2025-12-20 22:36:00,42,False,2.9
SHP-001737,BAT-001737,Bălți Wholesale,Domestic,Ambient Truck,2025-10-18 13:04:48,2025-10-18 18:04:48,5.0,2025-10-18 13:04:48,2025-10-18 18:04:48,0,False,18.0
SHP-001738,BAT-001738,Bucharest,Romania,Reefer Truck,2025-11-11 14:58:12,2025-11-12 04:58:12,14.0,2025-11-11 15:45:12,2025-11-12 05:45:12,47,False,2.5
SHP-001739,BAT-001739,Bucharest,Romania,Reefer Truck,2026-02-28 14:04:12,2026-03-01 04:04:12,14.0,2026-02-28 14:52:12,2026-03-01 04:52:12,48,False,3.9
SHP-001740,BAT-001740,Bălți Wholesale,Domestic,Ambient Truck,2025-11-27 14:28:12,2025-11-27 19:28:12,5.0,2025-11-27 14:34:12,2025-11-27 19:34:12,6,False,18.0
SHP-001741,BAT-001741,Bălți Wholesale,Domestic,Ambient Truck,2025-12-02 14:21:00,2025-12-02 19:21:00,5.0,2025-12-02 14:21:00,2025-12-02 19:21:00,0,False,18.0
SHP-001742,BAT-001742,Bucharest,Romania,Reefer Truck,2025-11-26 16:53:24,2025-11-27 06:53:24,14.0,2025-11-26 18:53:24,2025-11-27 18:34:24,701,True,15.2
SHP-001743,BAT-001743,Warsaw,Central Europe,Reefer Truck,2025-12-05 16:52:12,2025-12-06 20:52:12,28.0,2025-12-05 17:26:12,2025-12-06 21:26:12,34,False,4.4
SHP-001744,BAT-001744,Chișinău Local,Domestic,Insulated Van,2025-11-26 17:13:48,2025-11-26 21:13:48,4.0,2025-11-26 17:16:48,2025-11-26 21:16:48,3,False,2.6
SHP-001745,BAT-001745,Berlin,Western Europe,Reefer Truck,2025-08-20 15:48:00,2025-08-22 05:48:00,38.0,2025-08-20 15:48:00,2025-08-22 05:48:00,0,False,2.9
SHP-001746,BAT-001746,Warsaw,Central Europe,Reefer Truck,2025-07-29 11:59:24,2025-07-30 15:59:24,28.0,2025-07-29 12:45:24,2025-07-30 16:45:24,46,False,3.5
SHP-001747,BAT-001747,Brașov,Romania,Reefer Truck,2025-12-15 15:17:24,2025-12-16 07:17:24,16.0,2025-12-15 15:17:24,2025-12-16 07:17:24,0,False,3.9
SHP-001748,BAT-001748,Bucharest,Romania,Reefer Truck,2026-01-18 18:18:36,2026-01-19 08:18:36,14.0,2026-01-18 18:35:36,2026-01-19 08:35:36,17,False,4.3
SHP-001749,BAT-001749,Chișinău Local,Domestic,Insulated Van,2025-07-28 19:34:48,2025-07-28 23:34:48,4.0,2025-07-28 20:45:48,2025-07-29 00:45:48,71,False,3.2
SHP-001750,BAT-001750,Chișinău Local,Domestic,Insulated Van,2025-10-25 10:43:12,2025-10-25 14:43:12,4.0,2025-10-25 12:26:12,2025-10-25 16:26:12,103,False,2.7
SHP-001751,BAT-001751,Iași,Romania,Insulated Van,2025-12-02 16:30:36,2025-12-03 00:30:36,8.0,2025-12-02 18:30:36,2025-12-03 04:21:36,231,False,4.2
SHP-001752,BAT-001752,Bălți Wholesale,Domestic,Ambient Truck,2025-12-14 13:14:24,2025-12-14 18:14:24,5.0,2025-12-14 13:46:24,2025-12-14 18:46:24,32,False,18.0
SHP-001753,BAT-001753,Iași,Romania,Insulated Van,2025-09-05 18:45:00,2025-09-06 02:45:00,8.0,2025-09-05 19:10:00,2025-09-06 03:10:00,25,False,4.5
SHP-001754,BAT-001754,Bălți Wholesale,Domestic,Ambient Truck,2025-08-20 20:31:12,2025-08-21 01:31:12,5.0,2025-08-20 22:31:12,2025-08-21 04:52:12,201,True,27.3
SHP-001755,BAT-001755,Iași,Romania,Insulated Van,2025-10-02 14:11:24,2025-10-02 22:11:24,8.0,2025-10-02 14:40:24,2025-10-02 22:40:24,29,False,3.4
SHP-001756,BAT-001756,Iași,Romania,Insulated Van,2025-12-12 18:49:48,2025-12-13 02:49:48,8.0,2025-12-12 19:14:48,2025-12-13 03:14:48,25,False,4.2
SHP-001757,BAT-001757,Bucharest,Romania,Reefer Truck,2025-12-16 20:29:24,2025-12-17 10:29:24,14.0,2025-12-16 20:57:24,2025-12-17 10:57:24,28,False,3.6
SHP-001758,BAT-001758,Brașov,Romania,Reefer Truck,2025-11-08 14:39:36,2025-11-09 06:39:36,16.0,2025-11-08 16:39:36,2025-11-09 16:43:36,604,False,3.1
SHP-001759,BAT-001759,Warsaw,Central Europe,Reefer Truck,2025-12-03 19:47:24,2025-12-04 23:47:24,28.0,2025-12-03 20:05:24,2025-12-05 00:05:24,18,False,4.4
SHP-001760,BAT-001760,Warsaw,Central Europe,Reefer Truck,2025-08-11 18:17:24,2025-08-12 22:17:24,28.0,2025-08-11 18:17:24,2025-08-12 22:17:24,0,False,2.9
SHP-001761,BAT-001761,Bucharest,Romania,Reefer Truck,2025-08-31 13:43:48,2025-09-01 03:43:48,14.0,2025-08-31 14:04:48,2025-09-01 04:04:48,21,False,2.9
SHP-001762,BAT-001762,Bucharest,Romania,Reefer Truck,2025-11-26 11:31:48,2025-11-27 01:31:48,14.0,2025-11-26 11:37:48,2025-11-27 01:37:48,6,False,4.1
SHP-001763,BAT-001763,Iași,Romania,Insulated Van,2025-11-05 18:46:12,2025-11-06 02:46:12,8.0,2025-11-05 18:46:12,2025-11-06 02:46:12,0,False,3.0
SHP-001764,BAT-001764,Bucharest,Romania,Reefer Truck,2025-09-27 19:19:12,2025-09-28 09:19:12,14.0,2025-09-27 19:52:12,2025-09-28 09:52:12,33,False,3.1
SHP-001765,BAT-001765,Bălți Wholesale,Domestic,Ambient Truck,2025-10-15 12:01:48,2025-10-15 17:01:48,5.0,2025-10-15 14:01:48,2025-10-15 19:41:48,160,False,18.0
SHP-001766,BAT-001766,Prague,Central Europe,Reefer Truck,2025-06-04 19:31:48,2025-06-06 03:31:48,32.0,2025-06-04 19:31:48,2025-06-06 03:31:48,0,False,2.6
SHP-001767,BAT-001767,Prague,Central Europe,Reefer Truck,2025-12-08 22:24:36,2025-12-10 06:24:36,32.0,2025-12-09 00:24:36,2025-12-10 11:34:36,310,False,3.8
SHP-001768,BAT-001768,Bucharest,Romania,Reefer Truck,2025-10-22 16:43:12,2025-10-23 06:43:12,14.0,2025-10-22 16:43:12,2025-10-23 06:43:12,0,True,19.7
SHP-001769,BAT-001769,Warsaw,Central Europe,Reefer Truck,2025-06-19 12:54:00,2025-06-20 16:54:00,28.0,2025-06-19 12:54:00,2025-06-20 16:54:00,0,False,3.7
SHP-001770,BAT-001770,Warsaw,Central Europe,Reefer Truck,2025-09-06 16:40:12,2025-09-07 20:40:12,28.0,2025-09-06 17:08:12,2025-09-07 21:08:12,28,False,3.0
SHP-001771,BAT-001771,Brașov,Romania,Reefer Truck,2025-12-04 18:04:12,2025-12-05 10:04:12,16.0,2025-12-04 18:20:12,2025-12-05 10:20:12,16,False,3.5
SHP-001772,BAT-001772,Prague,Central Europe,Reefer Truck,2025-08-25 18:34:12,2025-08-27 02:34:12,32.0,2025-08-25 19:29:12,2025-08-27 03:29:12,55,False,4.3
SHP-001773,BAT-001773,Bucharest,Romania,Reefer Truck,2025-07-30 19:52:48,2025-07-31 09:52:48,14.0,2025-07-30 19:52:48,2025-07-31 09:52:48,0,False,3.0
SHP-001774,BAT-001774,Prague,Central Europe,Reefer Truck,2025-12-08 20:24:36,2025-12-10 04:24:36,32.0,2025-12-08 20:24:36,2025-12-10 04:24:36,0,False,3.7
SHP-001775,BAT-001775,Bucharest,Romania,Reefer Truck,2025-11-17 18:55:12,2025-11-18 08:55:12,14.0,2025-11-17 18:57:12,2025-11-18 08:57:12,2,False,2.9
SHP-001776,BAT-001776,Chișinău Local,Domestic,Insulated Van,2026-01-21 20:30:36,2026-01-22 00:30:36,4.0,2026-01-21 20:51:36,2026-01-22 00:51:36,21,False,4.2
SHP-001777,BAT-001777,Chișinău Local,Domestic,Insulated Van,2025-11-03 14:43:48,2025-11-03 18:43:48,4.0,2025-11-03 14:43:48,2025-11-03 18:43:48,0,False,2.6
SHP-001778,BAT-001778,Prague,Central Europe,Reefer Truck,2026-01-10 16:03:36,2026-01-12 00:03:36,32.0,2026-01-10 16:03:36,2026-01-12 00:03:36,0,False,3.3
SHP-001779,BAT-001779,Berlin,Western Europe,Reefer Truck,2026-02-07 19:37:12,2026-02-09 09:37:12,38.0,2026-02-07 19:37:12,2026-02-09 09:37:12,0,False,4.0
SHP-001780,BAT-001780,Berlin,Western Europe,Reefer Truck,2025-11-03 16:59:24,2025-11-05 06:59:24,38.0,2025-11-03 18:59:24,2025-11-05 17:30:24,631,False,4.4
SHP-001781,BAT-001781,Iași,Romania,Insulated Van,2025-10-09 18:13:48,2025-10-10 02:13:48,8.0,2025-10-09 18:20:48,2025-10-10 02:20:48,7,False,3.1
SHP-001782,BAT-001782,Chișinău Local,Domestic,Insulated Van,2025-08-04 16:45:00,2025-08-04 20:45:00,4.0,2025-08-04 17:35:00,2025-08-04 21:35:00,50,True,25.5
SHP-001783,BAT-001783,Brașov,Romania,Reefer Truck,2025-09-27 14:00:36,2025-09-28 06:00:36,16.0,2025-09-27 14:01:36,2025-09-28 06:01:36,1,False,2.8
SHP-001784,BAT-001784,Berlin,Western Europe,Reefer Truck,2025-08-24 16:13:48,2025-08-26 06:13:48,38.0,2025-08-24 16:16:48,2025-08-26 06:16:48,3,False,2.8
SHP-001785,BAT-001785,Prague,Central Europe,Reefer Truck,2025-12-08 18:30:36,2025-12-10 02:30:36,32.0,2025-12-08 18:30:36,2025-12-10 02:30:36,0,False,3.3
SHP-001786,BAT-001786,Bucharest,Romania,Reefer Truck,2026-02-12 18:19:48,2026-02-13 08:19:48,14.0,2026-02-12 19:00:48,2026-02-13 09:00:48,41,True,25.0
SHP-001787,BAT-001787,Bucharest,Romania,Reefer Truck,2025-09-07 16:05:24,2025-09-08 06:05:24,14.0,2025-09-07 16:05:24,2025-09-08 06:05:24,0,False,4.0
SHP-001788,BAT-001788,Berlin,Western Europe,Reefer Truck,2026-01-20 20:01:48,2026-01-22 10:01:48,38.0,2026-01-20 21:42:48,2026-01-22 11:42:48,101,False,2.8
SHP-001789,BAT-001789,Bălți Wholesale,Domestic,Ambient Truck,2026-01-25 17:16:48,2026-01-25 22:16:48,5.0,2026-01-25 18:10:48,2026-01-25 23:10:48,54,False,18.0
SHP-001790,BAT-001790,Chișinău Local,Domestic,Insulated Van,2025-08-07 18:27:00,2025-08-07 22:27:00,4.0,2025-08-07 19:16:00,2025-08-07 23:16:00,49,False,2.8
SHP-001791,BAT-001791,Bălți Wholesale,Domestic,Ambient Truck,2025-12-21 20:00:00,2025-12-22 01:00:00,5.0,2025-12-21 20:09:00,2025-12-22 01:09:00,9,False,16.3
SHP-001792,BAT-001792,Bălți Wholesale,Domestic,Ambient Truck,2025-11-23 13:53:24,2025-11-23 18:53:24,5.0,2025-11-23 13:53:24,2025-11-23 18:53:24,0,False,20.0
SHP-001793,BAT-001793,Bucharest,Romania,Reefer Truck,2025-09-30 16:45:00,2025-10-01 06:45:00,14.0,2025-09-30 16:45:00,2025-10-01 06:45:00,0,False,4.1
SHP-001794,BAT-001794,Chișinău Local,Domestic,Insulated Van,2025-12-03 20:39:00,2025-12-04 00:39:00,4.0,2025-12-03 20:39:00,2025-12-04 00:39:00,0,False,3.4
SHP-001795,BAT-001795,Iași,Romania,Insulated Van,2025-12-20 17:35:24,2025-12-21 01:35:24,8.0,2025-12-20 18:07:24,2025-12-21 02:07:24,32,False,4.2
SHP-001796,BAT-001796,Warsaw,Central Europe,Reefer Truck,2026-01-13 18:37:12,2026-01-14 22:37:12,28.0,2026-01-13 18:37:12,2026-01-14 22:37:12,0,False,3.7
SHP-001797,BAT-001797,Berlin,Western Europe,Reefer Truck,2025-10-15 18:45:00,2025-10-17 08:45:00,38.0,2025-10-15 20:45:00,2025-10-17 14:02:00,317,False,4.3
SHP-001798,BAT-001798,Chișinău Local,Domestic,Insulated Van,2025-10-23 14:48:36,2025-10-23 18:48:36,4.0,2025-10-23 16:48:36,2025-10-23 22:02:36,194,False,2.7
SHP-001799,BAT-001799,Chișinău Local,Domestic,Insulated Van,2025-12-02 15:40:48,2025-12-02 19:40:48,4.0,2025-12-02 15:40:48,2025-12-02 19:40:48,0,False,3.1
SHP-001800,BAT-001800,Bucharest,Romania,Reefer Truck,2026-01-24 16:51:00,2026-01-25 06:51:00,14.0,2026-01-24 17:20:00,2026-01-25 07:20:00,29,False,3.7
