storage_session_id,batch_id,zone_id,entry_datetime,dispatch_datetime,planned_dispatch_datetime,bin_stack_tier,storage_duration_days
SES-000001,BAT-000001,ZONE-021,2024-08-06 15:50:24,2024-09-11 15:50:24,2024-09-12 03:50:24,8,36
SES-000002,BAT-000002,ZONE-024,2024-09-03 18:53:24,2024-11-26 18:53:24,2024-11-26 18:53:24,8,84
SES-000003,BAT-000003,ZONE-025,2024-08-19 14:30:00,2024-11-29 14:30:00,2024-11-28 14:30:00,1,102
SES-000004,BAT-000004,ZONE-025,2024-08-23 09:41:24,2024-09-11 09:41:24,2024-09-11 09:41:24,6,19
SES-000005,BAT-000005,ZONE-002,2024-10-20 11:53:24,2025-02-22 11:53:24,2025-02-22 23:53:24,8,125
SES-000006,BAT-000006,ZONE-006,2024-09-25 16:33:36,2025-01-25 16:33:36,2025-01-26 16:33:36,8,122
SES-000007,BAT-000007,ZONE-006,2024-09-06 10:33:00,2025-01-04 10:33:00,2025-01-05 10:33:00,4,120
SES-000008,BAT-000008,ZONE-014,2024-10-03 20:38:24,2024-12-07 20:38:24,2024-12-08 08:38:24,5,65
SES-000009,BAT-000009,ZONE-012,2024-07-01 12:22:12,2024-07-14 12:22:12,2024-07-13 12:22:12,8,13
SES-000010,BAT-000010,ZONE-008,2024-09-02 18:22:48,2024-09-29 18:22:48,2024-09-29 18:22:48,8,27
SES-000011,BAT-000011,ZONE-004,2024-09-09 13:50:24,2024-09-26 13:50:24,2024-09-27 01:50:24,8,17
SES-000012,BAT-000012,ZONE-022,2024-08-25 14:32:24,2024-12-07 14:32:24,2024-12-08 02:32:24,4,104
SES-000013,BAT-000013,ZONE-003,2024-09-19 17:36:36,2025-01-16 17:36:36,2025-01-15 17:36:36,4,119
SES-000014,BAT-000014,ZONE-022,2024-08-18 18:24:36,2024-10-12 18:24:36,2024-10-12 18:24:36,3,55
SES-000015,BAT-000015,ZONE-010,2024-08-14 13:30:00,2024-09-06 13:30:00,2024-09-07 01:30:00,5,23
SES-000016,BAT-000016,ZONE-010,2024-10-09 17:10:48,2024-11-11 17:10:48,2024-11-11 17:10:48,7,33
SES-000017,BAT-000017,ZONE-008,2024-08-27 17:05:24,2024-11-01 17:05:24,2024-11-01 17:05:24,7,66
SES-000018,BAT-000018,ZONE-004,2024-09-22 16:04:12,2024-12-17 16:04:12,2024-12-18 16:04:12,4,86
SES-000019,BAT-000019,ZONE-022,2024-10-06 09:37:12,2024-11-08 09:37:12,2024-11-08 09:37:12,5,33
SES-000020,BAT-000020,ZONE-006,2024-09-17 19:00:00,2025-02-11 19:00:00,2025-02-11 19:00:00,6,147
SES-000021,BAT-000021,ZONE-004,2024-09-03 16:26:24,2024-12-17 16:26:24,2024-12-18 16:26:24,5,105
SES-000022,BAT-000022,ZONE-021,2024-10-05 15:52:48,2024-10-28 15:52:48,2024-10-29 15:52:48,4,23
SES-000023,BAT-000023,ZONE-022,2024-10-23 10:43:48,2024-12-18 10:43:48,2024-12-18 10:43:48,4,56
SES-000024,BAT-000024,ZONE-003,2024-05-20 16:21:36,2024-05-28 16:21:36,2024-05-29 04:21:36,5,8
SES-000025,BAT-000025,ZONE-004,2024-10-20 19:52:48,2025-02-23 19:52:48,2025-02-23 19:52:48,7,126
SES-000026,BAT-000026,ZONE-012,2024-09-08 18:09:00,2024-09-18 18:09:00,2024-09-18 18:09:00,8,10
SES-000027,BAT-000027,ZONE-023,2024-10-08 14:37:48,2024-10-28 14:37:48,2024-10-27 14:37:48,3,20
SES-000028,BAT-000028,ZONE-010,2024-06-02 19:45:36,2024-06-05 19:45:36,2024-06-04 19:45:36,7,3
SES-000029,BAT-000029,ZONE-004,2024-09-04 11:41:24,2024-12-31 11:41:24,2024-12-31 11:41:24,5,118
SES-000030,BAT-000030,ZONE-006,2024-10-18 15:39:00,2025-01-23 15:39:00,2025-01-24 15:39:00,6,97
SES-000031,BAT-000031,ZONE-008,2024-10-01 19:57:00,2024-12-06 19:57:00,2024-12-06 19:57:00,5,66
SES-000032,BAT-000032,ZONE-017,2024-10-03 11:06:36,2024-11-14 11:06:36,2024-11-14 23:06:36,3,42
SES-000033,BAT-000033,ZONE-001,2024-10-25 12:06:36,2025-01-02 12:06:36,2025-01-02 12:06:36,6,69
SES-000034,BAT-000034,ZONE-020,2024-08-11 15:00:00,2024-08-30 15:00:00,2024-08-30 15:00:00,3,19
SES-000035,BAT-000035,ZONE-001,2024-09-06 17:23:24,2025-01-14 17:23:24,2025-01-15 05:23:24,4,130
SES-000036,BAT-000036,ZONE-011,2024-09-27 11:19:48,2024-10-18 11:19:48,2024-10-18 11:19:48,8,21
SES-000037,BAT-000037,ZONE-017,2024-07-20 15:00:36,2024-08-07 15:00:36,2024-08-08 03:00:36,6,18
SES-000038,BAT-000038,ZONE-006,2024-10-02 14:10:12,2025-02-13 14:10:12,2025-02-13 14:10:12,3,134
SES-000039,BAT-000039,ZONE-017,2024-09-30 14:57:36,2024-12-04 14:57:36,2024-12-04 14:57:36,1,65
SES-000040,BAT-000040,ZONE-004,2024-06-10 12:09:36,2024-06-15 12:09:36,2024-06-16 12:09:36,2,5
SES-000041,BAT-000041,ZONE-004,2024-07-02 15:06:36,2024-07-15 15:06:36,2024-07-14 15:06:36,5,13
SES-000042,BAT-000042,ZONE-014,2024-08-22 11:34:48,2024-09-05 11:34:48,2024-09-04 11:34:48,1,14
SES-000043,BAT-000043,ZONE-017,2024-08-10 19:16:12,2024-09-07 19:16:12,2024-09-07 19:16:12,6,28
SES-000044,BAT-000044,ZONE-021,2024-08-01 19:54:00,2024-08-11 19:54:00,2024-08-11 19:54:00,3,10
SES-000045,BAT-000045,ZONE-006,2024-10-10 16:59:24,2024-11-02 16:59:24,2024-11-03 16:59:24,4,23
SES-000046,BAT-000046,ZONE-014,2024-08-26 13:57:36,2024-09-15 13:57:36,2024-09-15 13:57:36,8,20
SES-000047,BAT-000047,ZONE-022,2024-08-16 17:21:36,2024-09-12 17:21:36,2024-09-11 17:21:36,6,27
SES-000048,BAT-000048,ZONE-006,2024-09-01 10:47:24,2024-11-11 10:47:24,2024-11-10 10:47:24,1,71
SES-000049,BAT-000049,ZONE-006,2024-06-25 14:18:00,2024-07-08 14:18:00,2024-07-08 14:18:00,8,13
SES-000050,BAT-000050,ZONE-006,2024-08-27 17:31:48,2024-11-26 17:31:48,2024-11-27 05:31:48,2,91
SES-000051,BAT-000051,ZONE-006,2024-10-17 18:33:36,2025-03-19 18:33:36,2025-03-19 18:33:36,5,153
SES-000052,BAT-000052,ZONE-004,2024-09-26 16:15:36,2024-12-26 16:15:36,2024-12-26 16:15:36,1,91
SES-000053,BAT-000053,ZONE-025,2024-09-14 18:39:00,2024-10-04 18:39:00,2024-10-04 18:39:00,6,20
SES-000054,BAT-000054,ZONE-012,2024-09-16 15:27:36,2024-10-01 15:27:36,2024-10-02 03:27:36,1,15
SES-000055,BAT-000055,ZONE-022,2024-10-07 09:46:12,2024-11-27 09:46:12,2024-11-28 09:46:12,5,51
SES-000056,BAT-000056,ZONE-015,2024-09-28 15:37:12,2024-10-07 15:37:12,2024-10-08 03:37:12,5,9
SES-000057,BAT-000057,ZONE-004,2024-09-18 13:16:12,2024-11-27 13:16:12,2024-11-26 13:16:12,2,70
SES-000058,BAT-000058,ZONE-016,2024-09-05 13:46:12,2024-11-09 13:46:12,2024-11-10 01:46:12,6,65
SES-000059,BAT-000059,ZONE-004,2024-08-21 19:20:24,2024-12-17 19:20:24,2024-12-16 19:20:24,2,118
SES-000060,BAT-000060,ZONE-004,2024-08-26 16:09:00,2024-10-25 16:09:00,2024-10-24 16:09:00,2,60
SES-000061,BAT-000061,ZONE-004,2024-09-09 16:48:00,2024-11-14 16:48:00,2024-11-15 16:48:00,4,66
SES-000062,BAT-000062,ZONE-022,2024-10-24 13:14:24,2024-12-28 13:14:24,2024-12-27 13:14:24,4,65
SES-000063,BAT-000063,ZONE-002,2024-09-24 19:24:36,2025-01-12 19:24:36,2025-01-13 07:24:36,1,110
SES-000064,BAT-000064,ZONE-004,2024-09-02 12:12:36,2024-11-03 12:12:36,2024-11-03 12:12:36,6,62
SES-000065,BAT-000065,ZONE-006,2024-08-23 16:30:36,2024-12-14 16:30:36,2024-12-13 16:30:36,2,113
SES-000066,BAT-000066,ZONE-003,2024-08-27 11:25:48,2025-01-19 11:25:48,2025-01-19 11:25:48,3,145
SES-000067,BAT-000067,ZONE-004,2024-10-03 17:48:36,2025-01-18 17:48:36,2025-01-18 17:48:36,8,107
SES-000068,BAT-000068,ZONE-006,2024-10-17 18:24:36,2025-01-29 18:24:36,2025-01-30 06:24:36,1,104
SES-000069,BAT-000069,ZONE-016,2024-08-25 16:54:00,2024-11-13 16:54:00,2024-11-13 16:54:00,3,80
SES-000070,BAT-000070,ZONE-002,2024-09-05 10:40:48,2024-11-18 10:40:48,2024-11-17 10:40:48,4,74
SES-000071,BAT-000071,ZONE-004,2024-09-24 17:40:48,2025-02-01 17:40:48,2025-02-02 17:40:48,4,130
SES-000072,BAT-000072,ZONE-019,2024-09-23 18:54:36,2024-10-10 18:54:36,2024-10-10 18:54:36,6,17
SES-000073,BAT-000073,ZONE-016,2024-08-05 14:17:24,2024-08-18 14:17:24,2024-08-18 14:17:24,5,13
SES-000074,BAT-000074,ZONE-011,2024-05-22 10:01:12,2024-05-28 10:01:12,2024-05-28 22:01:12,7,6
SES-000075,BAT-000075,ZONE-006,2024-09-26 14:15:36,2024-10-31 14:15:36,2024-11-01 14:15:36,8,35
SES-000076,BAT-000076,ZONE-013,2024-08-06 11:48:36,2024-08-28 11:48:36,2024-08-28 11:48:36,4,22
SES-000077,BAT-000077,ZONE-017,2024-05-26 16:25:48,2024-05-30 16:25:48,2024-05-31 04:25:48,7,4
SES-000078,BAT-000078,ZONE-008,2024-09-30 10:04:12,2024-10-31 10:04:12,2024-10-31 10:04:12,4,31
SES-000079,BAT-000079,ZONE-006,2024-08-28 17:08:24,2024-12-30 17:08:24,2024-12-30 17:08:24,8,124
SES-000080,BAT-000080,ZONE-006,2024-09-17 17:16:12,2025-01-02 17:16:12,2025-01-03 05:16:12,7,107
SES-000081,BAT-000081,ZONE-008,2024-10-10 17:30:36,2025-02-13 17:30:36,2025-02-14 05:30:36,8,126
SES-000082,BAT-000082,ZONE-006,2024-09-29 18:16:12,2025-01-14 18:16:12,2025-01-14 18:16:12,6,107
SES-000083,BAT-000083,ZONE-010,2024-08-16 13:15:00,2024-09-15 13:15:00,2024-09-15 13:15:00,4,30
SES-000084,BAT-000084,ZONE-012,2024-07-07 17:43:12,2024-07-17 17:43:12,2024-07-17 17:43:12,3,10
SES-000085,BAT-000085,ZONE-006,2024-10-04 16:00:36,2024-10-28 16:00:36,2024-10-28 16:00:36,2,24
SES-000086,BAT-000086,ZONE-015,2024-07-15 15:46:48,2024-07-28 15:46:48,2024-07-29 15:46:48,8,13
SES-000087,BAT-000087,ZONE-011,2024-07-01 17:19:48,2024-07-21 17:19:48,2024-07-22 05:19:48,3,20
SES-000088,BAT-000088,ZONE-022,2024-09-05 18:34:48,2024-09-22 18:34:48,2024-09-23 06:34:48,7,17
SES-000089,BAT-000089,ZONE-006,2024-10-02 15:41:24,2025-01-14 15:41:24,2025-01-15 03:41:24,1,104
SES-000090,BAT-000090,ZONE-014,2024-09-11 13:31:48,2024-12-12 13:31:48,2024-12-12 13:31:48,3,92
SES-000091,BAT-000091,ZONE-010,2024-10-09 15:59:24,2024-10-29 15:59:24,2024-10-28 15:59:24,6,20
SES-000092,BAT-000092,ZONE-017,2024-06-19 11:23:24,2024-06-22 11:23:24,2024-06-22 11:23:24,1,3
SES-000093,BAT-000093,ZONE-023,2024-09-21 17:01:12,2024-10-02 17:01:12,2024-10-02 17:01:12,4,11
SES-000094,BAT-000094,ZONE-011,2024-09-26 09:48:36,2024-12-17 09:48:36,2024-12-17 09:48:36,1,82
SES-000095,BAT-000095,ZONE-006,2024-10-16 09:57:36,2025-01-30 09:57:36,2025-01-30 21:57:36,6,106
SES-000096,BAT-000096,ZONE-006,2024-09-07 11:10:48,2025-01-25 11:10:48,2025-01-26 11:10:48,5,140
SES-000097,BAT-000097,ZONE-013,2024-06-14 17:46:48,2024-06-19 17:46:48,2024-06-18 17:46:48,3,5
SES-000098,BAT-000098,ZONE-014,2024-07-28 17:07:48,2024-08-12 17:07:48,2024-08-12 17:07:48,2,15
SES-000099,BAT-000099,ZONE-024,2024-08-25 10:02:24,2024-09-27 10:02:24,2024-09-27 10:02:24,1,33
SES-000100,BAT-000100,ZONE-001,2024-09-28 14:13:12,2024-12-07 14:13:12,2024-12-08 02:13:12,8,70
SES-000101,BAT-000101,ZONE-008,2024-09-18 15:57:00,2024-11-25 15:57:00,2024-11-26 03:57:00,8,68
SES-000102,BAT-000102,ZONE-003,2024-08-22 11:20:24,2024-10-09 11:20:24,2024-10-09 11:20:24,1,48
SES-000103,BAT-000103,ZONE-001,2024-09-12 13:28:12,2024-11-30 13:28:12,2024-11-30 13:28:12,8,79
SES-000104,BAT-000104,ZONE-020,2024-09-15 14:49:12,2024-11-20 14:49:12,2024-11-20 14:49:12,1,66
SES-000105,BAT-000105,ZONE-017,2024-09-28 11:54:36,2024-10-29 11:54:36,2024-10-29 11:54:36,5,31
SES-000106,BAT-000106,ZONE-022,2024-09-08 12:01:48,2024-10-11 12:01:48,2024-10-12 00:01:48,8,33
SES-000107,BAT-000107,ZONE-005,2024-08-19 17:33:36,2024-08-31 17:33:36,2024-08-31 17:33:36,3,12
SES-000108,BAT-000108,ZONE-024,2024-09-15 18:33:00,2024-11-21 18:33:00,2024-11-20 18:33:00,5,67
SES-000109,BAT-000109,ZONE-006,2024-08-18 13:12:36,2024-09-09 13:12:36,2024-09-09 13:12:36,3,22
SES-000110,BAT-000110,ZONE-011,2024-08-11 16:31:12,2024-09-05 16:31:12,2024-09-05 16:31:12,7,25
SES-000111,BAT-000111,ZONE-003,2024-08-16 12:54:00,2024-10-12 12:54:00,2024-10-12 12:54:00,6,57
SES-000112,BAT-000112,ZONE-003,2024-10-12 19:54:00,2024-12-04 19:54:00,2024-12-04 19:54:00,1,53
SES-000113,BAT-000113,ZONE-017,2024-09-02 15:25:48,2024-12-08 15:25:48,2024-12-08 15:25:48,4,97
SES-000114,BAT-000114,ZONE-004,2024-08-20 20:57:36,2025-02-10 20:57:36,2025-02-11 08:57:36,4,174
SES-000115,BAT-000115,ZONE-004,2024-08-16 17:18:36,2024-12-16 17:18:36,2024-12-15 17:18:36,6,122
SES-000116,BAT-000116,ZONE-016,2024-09-18 17:16:48,2024-11-03 17:16:48,2024-11-02 17:16:48,5,46
SES-000117,BAT-000117,ZONE-013,2024-10-23 10:59:24,2025-03-25 10:59:24,2025-03-24 10:59:24,4,153
SES-000118,BAT-000118,ZONE-009,2024-05-25 17:30:36,2024-05-31 17:30:36,2024-05-30 17:30:36,8,6
SES-000119,BAT-000119,ZONE-006,2024-07-11 11:05:24,2024-07-25 11:05:24,2024-07-25 23:05:24,7,14
SES-000120,BAT-000120,ZONE-017,2024-10-07 15:57:00,2025-03-17 15:57:00,2025-03-18 15:57:00,7,161
SES-000121,BAT-000121,ZONE-021,2024-09-19 11:12:00,2024-11-04 11:12:00,2024-11-05 11:12:00,1,46
SES-000122,BAT-000122,ZONE-008,2024-10-15 18:33:00,2024-11-15 18:33:00,2024-11-16 18:33:00,8,31
SES-000123,BAT-000123,ZONE-022,2024-10-14 20:55:12,2024-12-28 20:55:12,2024-12-29 08:55:12,5,75
SES-000124,BAT-000124,ZONE-011,2024-06-06 14:28:48,2024-06-12 14:28:48,2024-06-13 02:28:48,4,6
SES-000125,BAT-000125,ZONE-022,2024-10-18 16:51:36,2024-12-07 16:51:36,2024-12-08 16:51:36,4,50
SES-000126,BAT-000126,ZONE-013,2024-08-21 20:33:36,2024-09-14 20:33:36,2024-09-15 20:33:36,5,24
SES-000127,BAT-000127,ZONE-004,2024-09-12 18:17:24,2024-12-08 18:17:24,2024-12-07 18:17:24,2,87
SES-000128,BAT-000128,ZONE-002,2024-08-27 20:45:36,2024-11-24 20:45:36,2024-11-25 20:45:36,2,89
SES-000129,BAT-000129,ZONE-004,2024-08-05 15:15:36,2024-08-28 15:15:36,2024-08-29 03:15:36,5,23
SES-000130,BAT-000130,ZONE-017,2024-09-09 17:27:36,2024-10-25 17:27:36,2024-10-25 17:27:36,1,46
SES-000131,BAT-000131,ZONE-001,2024-07-20 15:25:48,2024-07-25 15:25:48,2024-07-26 15:25:48,1,5
SES-000132,BAT-000132,ZONE-010,2024-09-28 18:54:36,2024-11-11 18:54:36,2024-11-12 18:54:36,8,44
SES-000133,BAT-000133,ZONE-004,2024-09-15 12:46:48,2024-10-05 12:46:48,2024-10-06 12:46:48,3,20
SES-000134,BAT-000134,ZONE-023,2024-07-09 12:31:12,2024-07-23 12:31:12,2024-07-24 00:31:12,1,14
SES-000135,BAT-000135,ZONE-004,2024-09-21 16:56:24,2025-01-27 16:56:24,2025-01-27 16:56:24,4,128
SES-000136,BAT-000136,ZONE-022,2024-09-04 16:48:36,2024-10-04 16:48:36,2024-10-05 16:48:36,6,30
SES-000137,BAT-000137,ZONE-014,2024-10-02 17:12:36,2024-12-29 17:12:36,2024-12-29 17:12:36,5,88
SES-000138,BAT-000138,ZONE-001,2024-07-30 11:27:36,2024-08-05 11:27:36,2024-08-04 11:27:36,4,6
SES-000139,BAT-000139,ZONE-003,2024-09-12 18:21:00,2024-12-01 18:21:00,2024-11-30 18:21:00,2,80
SES-000140,BAT-000140,ZONE-022,2024-08-09 09:36:00,2024-09-01 09:36:00,2024-09-01 09:36:00,3,23
SES-000141,BAT-000141,ZONE-006,2024-10-08 13:20:24,2025-01-28 13:20:24,2025-01-29 01:20:24,2,112
SES-000142,BAT-000142,ZONE-002,2024-10-09 16:53:24,2024-10-30 16:53:24,2024-10-30 16:53:24,5,21
SES-000143,BAT-000143,ZONE-009,2024-10-09 19:17:24,2024-11-03 19:17:24,2024-11-03 19:17:24,7,25
SES-000144,BAT-000144,ZONE-014,2024-07-26 21:08:24,2024-08-09 21:08:24,2024-08-09 21:08:24,1,14
SES-000145,BAT-000145,ZONE-012,2024-09-25 19:36:00,2024-10-10 19:36:00,2024-10-11 07:36:00,7,15
SES-000146,BAT-000146,ZONE-006,2024-09-06 14:24:00,2024-10-05 14:24:00,2024-10-06 02:24:00,6,29
SES-000147,BAT-000147,ZONE-004,2024-09-08 18:36:00,2025-01-31 18:36:00,2025-01-31 18:36:00,3,145
SES-000148,BAT-000148,ZONE-006,2024-09-09 14:49:48,2024-12-10 14:49:48,2024-12-10 14:49:48,5,92
SES-000149,BAT-000149,ZONE-002,2024-09-14 13:44:24,2024-11-19 13:44:24,2024-11-20 01:44:24,4,66
SES-000150,BAT-000150,ZONE-005,2024-07-10 16:37:48,2024-07-25 16:37:48,2024-07-26 04:37:48,1,15
SES-000151,BAT-000151,ZONE-014,2024-10-08 16:41:24,2024-11-12 16:41:24,2024-11-13 16:41:24,3,35
SES-000152,BAT-000152,ZONE-006,2024-09-24 10:46:48,2024-12-10 10:46:48,2024-12-10 10:46:48,8,77
SES-000153,BAT-000153,ZONE-020,2024-09-25 19:51:36,2025-01-19 19:51:36,2025-01-18 19:51:36,8,116
SES-000154,BAT-000154,ZONE-004,2024-10-11 18:30:00,2025-01-05 18:30:00,2025-01-05 18:30:00,8,86
SES-000155,BAT-000155,ZONE-022,2024-09-28 13:57:36,2025-02-06 13:57:36,2025-02-06 13:57:36,8,131
SES-000156,BAT-000156,ZONE-006,2024-10-20 16:57:00,2025-01-24 16:57:00,2025-01-24 16:57:00,7,96
SES-000157,BAT-000157,ZONE-015,2024-07-03 16:03:36,2024-07-15 16:03:36,2024-07-15 16:03:36,3,12
SES-000158,BAT-000158,ZONE-006,2024-10-01 16:24:00,2025-01-06 16:24:00,2025-01-06 16:24:00,8,97
SES-000159,BAT-000159,ZONE-022,2024-09-09 17:12:00,2024-10-19 17:12:00,2024-10-19 17:12:00,5,40
SES-000160,BAT-000160,ZONE-024,2024-08-25 15:43:12,2024-09-12 15:43:12,2024-09-12 15:43:12,2,18
SES-000161,BAT-000161,ZONE-004,2024-09-16 15:27:36,2025-02-26 15:27:36,2025-02-26 15:27:36,6,163
SES-000162,BAT-000162,ZONE-013,2024-08-07 15:09:36,2024-08-27 15:09:36,2024-08-26 15:09:36,1,20
SES-000163,BAT-000163,ZONE-011,2024-09-30 09:50:24,2024-10-22 09:50:24,2024-10-22 09:50:24,6,22
SES-000164,BAT-000164,ZONE-022,2024-09-20 13:45:36,2024-12-02 13:45:36,2024-12-02 13:45:36,3,73
SES-000165,BAT-000165,ZONE-001,2024-10-07 14:01:48,2024-10-24 14:01:48,2024-10-25 14:01:48,2,17
SES-000166,BAT-000166,ZONE-016,2024-10-03 12:17:24,2024-11-26 12:17:24,2024-11-27 12:17:24,2,54
SES-000167,BAT-000167,ZONE-004,2024-08-25 17:03:36,2025-01-02 17:03:36,2025-01-03 05:03:36,5,130
SES-000168,BAT-000168,ZONE-022,2024-10-20 17:34:48,2024-12-01 17:34:48,2024-12-02 17:34:48,5,42
SES-000169,BAT-000169,ZONE-022,2024-09-10 19:21:36,2024-11-11 19:21:36,2024-11-10 19:21:36,7,62
SES-000170,BAT-000170,ZONE-006,2024-10-10 20:39:36,2025-03-12 20:39:36,2025-03-13 20:39:36,3,153
SES-000171,BAT-000171,ZONE-001,2024-10-19 20:43:12,2025-01-31 20:43:12,2025-02-01 20:43:12,8,104
SES-000172,BAT-000172,ZONE-017,2024-09-24 11:29:24,2024-11-10 11:29:24,2024-11-10 11:29:24,5,47
SES-000173,BAT-000173,ZONE-016,2024-10-24 13:30:00,2025-03-09 13:30:00,2025-03-09 13:30:00,2,136
SES-000174,BAT-000174,ZONE-009,2024-10-20 13:16:12,2025-02-01 13:16:12,2025-02-02 13:16:12,8,104
SES-000175,BAT-000175,ZONE-022,2024-08-16 16:39:36,2024-10-15 16:39:36,2024-10-14 16:39:36,2,60
SES-000176,BAT-000176,ZONE-017,2024-05-31 19:55:12,2024-06-08 19:55:12,2024-06-08 19:55:12,8,8
SES-000177,BAT-000177,ZONE-008,2024-08-25 13:45:00,2024-09-17 13:45:00,2024-09-18 13:45:00,8,23
SES-000178,BAT-000178,ZONE-010,2024-09-04 14:44:24,2024-12-04 14:44:24,2024-12-04 14:44:24,4,91
SES-000179,BAT-000179,ZONE-013,2024-09-27 14:40:12,2025-01-23 14:40:12,2025-01-23 14:40:12,4,118
SES-000180,BAT-000180,ZONE-015,2024-07-02 15:34:12,2024-07-12 15:34:12,2024-07-11 15:34:12,3,10
SES-000181,BAT-000181,ZONE-025,2024-08-10 15:45:36,2024-09-06 15:45:36,2024-09-05 15:45:36,3,27
SES-000182,BAT-000182,ZONE-014,2024-10-06 10:24:00,2024-10-19 10:24:00,2024-10-19 22:24:00,3,13
SES-000183,BAT-000183,ZONE-006,2024-09-18 16:34:48,2024-12-02 16:34:48,2024-12-03 04:34:48,2,75
SES-000184,BAT-000184,ZONE-009,2024-09-01 17:45:36,2024-09-09 17:45:36,2024-09-10 17:45:36,4,8
SES-000185,BAT-000185,ZONE-013,2024-06-24 13:25:48,2024-06-28 13:25:48,2024-06-28 13:25:48,7,4
SES-000186,BAT-000186,ZONE-001,2024-08-12 13:36:00,2024-09-03 13:36:00,2024-09-04 01:36:00,7,22
SES-000187,BAT-000187,ZONE-001,2024-06-21 10:12:36,2024-06-27 10:12:36,2024-06-28 10:12:36,2,6
SES-000188,BAT-000188,ZONE-003,2024-09-11 17:29:24,2024-12-14 17:29:24,2024-12-13 17:29:24,4,94
SES-000189,BAT-000189,ZONE-017,2024-09-29 15:28:48,2024-10-22 15:28:48,2024-10-23 15:28:48,3,23
SES-000190,BAT-000190,ZONE-021,2024-10-25 13:47:24,2024-12-12 13:47:24,2024-12-11 13:47:24,3,48
SES-000191,BAT-000191,ZONE-004,2024-08-28 11:04:48,2025-01-15 11:04:48,2025-01-15 11:04:48,8,140
SES-000192,BAT-000192,ZONE-006,2024-10-18 13:51:36,2025-01-17 13:51:36,2025-01-18 13:51:36,4,91
SES-000193,BAT-000193,ZONE-002,2024-09-19 17:59:24,2024-12-11 17:59:24,2024-12-12 05:59:24,6,83
SES-000194,BAT-000194,ZONE-004,2024-09-09 10:37:48,2025-03-03 10:37:48,2025-03-03 10:37:48,4,175
SES-000195,BAT-000195,ZONE-023,2024-09-07 20:19:12,2024-09-18 20:19:12,2024-09-18 20:19:12,1,11
SES-000196,BAT-000196,ZONE-001,2024-08-25 11:25:12,2024-11-14 11:25:12,2024-11-14 11:25:12,6,81
SES-000197,BAT-000197,ZONE-004,2024-09-19 11:55:12,2024-10-15 11:55:12,2024-10-16 11:55:12,6,26
SES-000198,BAT-000198,ZONE-001,2024-09-04 15:31:48,2024-11-06 15:31:48,2024-11-06 15:31:48,5,63
SES-000199,BAT-000199,ZONE-006,2024-10-01 12:03:36,2025-01-25 12:03:36,2025-01-25 12:03:36,6,116
SES-000200,BAT-000200,ZONE-024,2024-09-22 20:51:00,2024-11-17 20:51:00,2024-11-16 20:51:00,4,56
SES-000201,BAT-000201,ZONE-001,2024-08-30 11:57:00,2024-12-19 11:57:00,2024-12-19 11:57:00,4,111
SES-000202,BAT-000202,ZONE-015,2024-09-17 15:03:00,2024-10-01 15:03:00,2024-10-01 15:03:00,8,14
SES-000203,BAT-000203,ZONE-014,2024-09-03 19:53:24,2024-10-03 19:53:24,2024-10-02 19:53:24,2,30
SES-000204,BAT-000204,ZONE-025,2024-08-29 14:34:12,2024-09-26 14:34:12,2024-09-27 14:34:12,4,28
SES-000205,BAT-000205,ZONE-004,2024-09-18 09:49:12,2025-01-02 09:49:12,2025-01-02 21:49:12,6,106
SES-000206,BAT-000206,ZONE-003,2024-08-20 17:45:36,2025-01-02 17:45:36,2025-01-02 17:45:36,5,135
SES-000207,BAT-000207,ZONE-006,2024-09-04 19:43:48,2024-11-26 19:43:48,2024-11-26 19:43:48,8,83
SES-000208,BAT-000208,ZONE-012,2024-08-28 19:24:36,2024-09-05 19:24:36,2024-09-05 19:24:36,3,8
SES-000209,BAT-000209,ZONE-001,2024-09-20 17:48:00,2024-10-03 17:48:00,2024-10-03 17:48:00,8,13
SES-000210,BAT-000210,ZONE-006,2024-09-12 15:09:36,2024-12-20 15:09:36,2024-12-20 15:09:36,2,99
SES-000211,BAT-000211,ZONE-002,2024-10-14 19:32:24,2025-01-01 19:32:24,2025-01-02 19:32:24,8,79
SES-000212,BAT-000212,ZONE-025,2024-10-18 19:42:00,2025-01-02 19:42:00,2025-01-02 19:42:00,3,76
SES-000213,BAT-000213,ZONE-004,2024-10-21 15:18:36,2025-03-26 15:18:36,2025-03-26 15:18:36,5,156
SES-000214,BAT-000214,ZONE-001,2024-10-05 13:49:12,2024-10-22 13:49:12,2024-10-22 13:49:12,3,17
SES-000215,BAT-000215,ZONE-017,2024-10-15 13:13:48,2025-02-19 13:13:48,2025-02-20 13:13:48,7,127
SES-000216,BAT-000216,ZONE-014,2024-10-05 11:20:24,2024-12-13 11:20:24,2024-12-13 11:20:24,3,69
SES-000217,BAT-000217,ZONE-015,2024-09-14 18:41:24,2024-09-25 18:41:24,2024-09-25 18:41:24,4,11
SES-000218,BAT-000218,ZONE-004,2024-10-11 18:42:36,2024-12-29 18:42:36,2024-12-28 18:42:36,3,79
SES-000219,BAT-000219,ZONE-010,2024-10-22 18:40:12,2024-12-07 18:40:12,2024-12-07 18:40:12,3,46
SES-000220,BAT-000220,ZONE-001,2024-08-26 09:15:00,2024-12-14 09:15:00,2024-12-14 21:15:00,5,110
SES-000221,BAT-000221,ZONE-001,2024-08-21 12:52:12,2024-11-10 12:52:12,2024-11-10 12:52:12,5,81
SES-000222,BAT-000222,ZONE-022,2024-09-03 10:49:12,2024-10-25 10:49:12,2024-10-25 22:49:12,3,52
SES-000223,BAT-000223,ZONE-014,2024-10-01 12:24:36,2024-12-11 12:24:36,2024-12-11 12:24:36,1,71
SES-000224,BAT-000224,ZONE-020,2024-09-17 17:56:24,2024-11-18 17:56:24,2024-11-18 17:56:24,5,62
SES-000225,BAT-000225,ZONE-010,2024-10-11 20:01:12,2024-12-23 20:01:12,2024-12-24 20:01:12,7,73
SES-000226,BAT-000226,ZONE-005,2024-08-08 15:44:24,2024-08-18 15:44:24,2024-08-18 15:44:24,5,10
SES-000227,BAT-000227,ZONE-005,2024-08-21 13:41:24,2024-09-05 13:41:24,2024-09-06 13:41:24,8,15
SES-000228,BAT-000228,ZONE-010,2024-09-24 21:08:24,2024-10-14 21:08:24,2024-10-15 21:08:24,6,20
SES-000229,BAT-000229,ZONE-013,2024-09-16 16:57:36,2024-10-24 16:57:36,2024-10-23 16:57:36,4,38
SES-000230,BAT-000230,ZONE-009,2024-08-30 11:35:24,2024-11-19 11:35:24,2024-11-19 11:35:24,5,81
SES-000231,BAT-000231,ZONE-013,2024-09-15 17:16:48,2024-09-27 17:16:48,2024-09-27 17:16:48,2,12
SES-000232,BAT-000232,ZONE-020,2024-10-01 20:10:48,2024-12-10 20:10:48,2024-12-10 20:10:48,4,70
SES-000233,BAT-000233,ZONE-006,2024-08-28 11:16:12,2024-12-04 11:16:12,2024-12-04 23:16:12,8,98
SES-000234,BAT-000234,ZONE-004,2024-06-24 13:42:00,2024-07-08 13:42:00,2024-07-08 13:42:00,8,14
SES-000235,BAT-000235,ZONE-022,2024-09-08 14:03:36,2024-12-22 14:03:36,2024-12-22 14:03:36,5,105
SES-000236,BAT-000236,ZONE-002,2024-08-29 19:06:00,2024-12-30 19:06:00,2024-12-31 19:06:00,7,123
SES-000237,BAT-000237,ZONE-006,2024-06-20 11:30:36,2024-06-25 11:30:36,2024-06-26 11:30:36,5,5
SES-000238,BAT-000238,ZONE-006,2024-09-28 11:34:12,2025-01-01 11:34:12,2025-01-01 23:34:12,2,95
SES-000239,BAT-000239,ZONE-021,2024-09-10 17:25:12,2024-10-03 17:25:12,2024-10-04 05:25:12,8,23
SES-000240,BAT-000240,ZONE-004,2024-08-25 15:16:48,2024-11-18 15:16:48,2024-11-18 15:16:48,7,85
SES-000241,BAT-000241,ZONE-009,2024-09-10 19:34:12,2024-10-11 19:34:12,2024-10-11 19:34:12,8,31
SES-000242,BAT-000242,ZONE-002,2024-09-15 20:27:36,2024-11-20 20:27:36,2024-11-21 08:27:36,8,66
SES-000243,BAT-000243,ZONE-002,2024-08-26 16:27:36,2024-10-21 16:27:36,2024-10-21 16:27:36,4,56
SES-000244,BAT-000244,ZONE-019,2024-10-04 16:23:24,2024-11-18 16:23:24,2024-11-19 16:23:24,4,45
SES-000245,BAT-000245,ZONE-006,2024-09-11 12:10:48,2025-01-29 12:10:48,2025-01-29 12:10:48,8,140
SES-000246,BAT-000246,ZONE-007,2024-07-07 12:51:00,2024-07-23 12:51:00,2024-07-23 12:51:00,8,16
SES-000247,BAT-000247,ZONE-006,2024-09-19 16:21:36,2024-12-20 16:21:36,2024-12-21 16:21:36,6,92
SES-000248,BAT-000248,ZONE-019,2024-09-11 10:04:48,2024-10-20 10:04:48,2024-10-20 10:04:48,5,39
SES-000249,BAT-000249,ZONE-013,2024-10-20 15:25:48,2024-12-17 15:25:48,2024-12-17 15:25:48,5,58
SES-000250,BAT-000250,ZONE-006,2024-08-28 13:59:24,2025-01-03 13:59:24,2025-01-03 13:59:24,5,128
SES-000251,BAT-000251,ZONE-006,2024-10-05 17:04:12,2024-11-12 17:04:12,2024-11-12 17:04:12,1,38
SES-000252,BAT-000252,ZONE-017,2024-09-29 14:37:48,2025-01-12 14:37:48,2025-01-11 14:37:48,2,105
SES-000253,BAT-000253,ZONE-006,2024-08-31 17:59:24,2025-01-14 17:59:24,2025-01-14 17:59:24,4,136
SES-000254,BAT-000254,ZONE-006,2024-10-13 13:07:48,2025-01-23 13:07:48,2025-01-23 13:07:48,6,102
SES-000255,BAT-000255,ZONE-024,2024-08-12 17:09:36,2024-08-31 17:09:36,2024-09-01 05:09:36,4,19
SES-000256,BAT-000256,ZONE-004,2024-09-12 18:23:24,2024-11-30 18:23:24,2024-12-01 06:23:24,3,79
SES-000257,BAT-000257,ZONE-022,2024-09-25 12:30:00,2024-11-15 12:30:00,2024-11-15 12:30:00,1,51
SES-000258,BAT-000258,ZONE-003,2024-10-09 17:41:24,2024-12-26 17:41:24,2024-12-26 17:41:24,7,78
SES-000259,BAT-000259,ZONE-024,2024-10-06 13:09:00,2024-11-25 13:09:00,2024-11-24 13:09:00,6,50
SES-000260,BAT-000260,ZONE-024,2024-09-05 13:15:36,2024-11-04 13:15:36,2024-11-04 13:15:36,7,60
SES-000261,BAT-000261,ZONE-006,2024-09-21 11:43:12,2025-01-19 11:43:12,2025-01-19 11:43:12,4,120
SES-000262,BAT-000262,ZONE-015,2024-10-01 10:36:00,2024-10-13 10:36:00,2024-10-13 10:36:00,8,12
SES-000263,BAT-000263,ZONE-008,2024-08-06 14:49:12,2024-09-08 14:49:12,2024-09-09 14:49:12,1,33
SES-000264,BAT-000264,ZONE-017,2024-08-03 13:07:48,2024-08-24 13:07:48,2024-08-25 13:07:48,5,21
SES-000265,BAT-000265,ZONE-010,2024-10-09 17:45:00,2025-02-12 17:45:00,2025-02-12 17:45:00,7,126
SES-000266,BAT-000266,ZONE-010,2024-09-20 13:04:48,2024-11-26 13:04:48,2024-11-26 13:04:48,5,67
SES-000267,BAT-000267,ZONE-017,2024-09-06 19:55:48,2024-11-20 19:55:48,2024-11-21 07:55:48,8,75
SES-000268,BAT-000268,ZONE-006,2024-09-17 18:06:00,2025-02-26 18:06:00,2025-02-25 18:06:00,5,162
SES-000269,BAT-000269,ZONE-004,2024-10-04 17:16:48,2024-12-13 17:16:48,2024-12-13 17:16:48,5,70
SES-000270,BAT-000270,ZONE-023,2024-10-04 11:31:12,2024-10-15 11:31:12,2024-10-15 11:31:12,4,11
SES-000271,BAT-000271,ZONE-011,2024-06-24 16:43:12,2024-07-03 16:43:12,2024-07-03 16:43:12,8,9
SES-000272,BAT-000272,ZONE-003,2024-07-15 17:00:36,2024-07-26 17:00:36,2024-07-26 17:00:36,3,11
SES-000273,BAT-000273,ZONE-004,2024-08-25 19:31:12,2025-02-10 19:31:12,2025-02-11 07:31:12,4,169
SES-000274,BAT-000274,ZONE-003,2024-08-20 12:22:12,2025-01-15 12:22:12,2025-01-14 12:22:12,7,148
SES-000275,BAT-000275,ZONE-019,2024-09-04 08:30:36,2024-11-08 08:30:36,2024-11-08 08:30:36,4,65
SES-000276,BAT-000276,ZONE-004,2024-08-28 16:25:48,2024-12-05 16:25:48,2024-12-05 16:25:48,4,99
SES-000277,BAT-000277,ZONE-015,2024-07-06 16:39:36,2024-07-13 16:39:36,2024-07-14 04:39:36,2,7
SES-000278,BAT-000278,ZONE-012,2024-08-21 10:30:00,2024-08-31 10:30:00,2024-08-30 10:30:00,4,10
SES-000279,BAT-000279,ZONE-001,2024-09-24 14:28:12,2024-12-22 14:28:12,2024-12-22 14:28:12,4,89
SES-000280,BAT-000280,ZONE-005,2024-07-31 17:22:12,2024-08-07 17:22:12,2024-08-06 17:22:12,7,7
SES-000281,BAT-000281,ZONE-016,2024-09-20 13:31:12,2024-12-26 13:31:12,2024-12-27 13:31:12,4,97
SES-000282,BAT-000282,ZONE-004,2024-09-06 13:45:00,2025-01-19 13:45:00,2025-01-19 13:45:00,3,135
SES-000283,BAT-000283,ZONE-004,2024-09-22 11:37:12,2024-12-15 11:37:12,2024-12-15 23:37:12,6,84
SES-000284,BAT-000284,ZONE-017,2024-09-12 18:12:00,2024-10-28 18:12:00,2024-10-29 06:12:00,7,46
SES-000285,BAT-000285,ZONE-004,2024-10-24 14:02:24,2025-02-14 14:02:24,2025-02-14 14:02:24,5,113
SES-000286,BAT-000286,ZONE-023,2024-09-13 11:09:00,2024-09-25 11:09:00,2024-09-25 23:09:00,2,12
SES-000287,BAT-000287,ZONE-012,2024-10-09 14:58:12,2024-10-28 14:58:12,2024-10-27 14:58:12,2,19
SES-000288,BAT-000288,ZONE-006,2024-09-05 14:43:12,2024-10-14 14:43:12,2024-10-14 14:43:12,7,39
SES-000289,BAT-000289,ZONE-019,2024-10-09 11:54:00,2024-12-27 11:54:00,2024-12-26 11:54:00,4,79
SES-000290,BAT-000290,ZONE-017,2024-09-29 16:25:48,2024-11-08 16:25:48,2024-11-09 04:25:48,6,40
SES-000291,BAT-000291,ZONE-008,2024-09-12 13:19:12,2024-09-28 13:19:12,2024-09-28 13:19:12,3,16
SES-000292,BAT-000292,ZONE-004,2024-09-17 15:47:24,2025-01-11 15:47:24,2025-01-11 15:47:24,2,116
SES-000293,BAT-000293,ZONE-024,2024-09-22 17:35:24,2025-01-04 17:35:24,2025-01-05 05:35:24,8,104
SES-000294,BAT-000294,ZONE-019,2024-09-29 13:00:00,2024-11-26 13:00:00,2024-11-26 13:00:00,7,58
SES-000295,BAT-000295,ZONE-006,2024-10-01 16:38:24,2024-12-02 16:38:24,2024-12-02 16:38:24,7,62
SES-000296,BAT-000296,ZONE-006,2024-09-11 12:51:36,2025-02-03 12:51:36,2025-02-03 12:51:36,5,145
SES-000297,BAT-000297,ZONE-004,2024-09-20 10:10:48,2025-02-01 10:10:48,2025-02-01 10:10:48,6,134
SES-000298,BAT-000298,ZONE-005,2024-08-04 12:19:48,2024-08-12 12:19:48,2024-08-12 12:19:48,2,8
SES-000299,BAT-000299,ZONE-023,2024-09-29 14:00:36,2024-10-08 14:00:36,2024-10-08 14:00:36,2,9
SES-000300,BAT-000300,ZONE-021,2024-09-07 18:52:48,2024-10-26 18:52:48,2024-10-27 18:52:48,7,49
SES-000301,BAT-000301,ZONE-006,2024-09-04 11:46:48,2024-11-16 11:46:48,2024-11-15 11:46:48,7,73
SES-000302,BAT-000302,ZONE-004,2024-08-11 15:48:00,2024-08-16 15:48:00,2024-08-16 15:48:00,5,5
SES-000303,BAT-000303,ZONE-015,2024-07-03 20:10:12,2024-07-14 20:10:12,2024-07-15 20:10:12,6,11
SES-000304,BAT-000304,ZONE-003,2024-09-13 14:41:24,2024-12-23 14:41:24,2024-12-24 14:41:24,1,101
SES-000305,BAT-000305,ZONE-022,2024-09-23 13:00:36,2024-12-04 13:00:36,2024-12-04 13:00:36,3,72
SES-000306,BAT-000306,ZONE-025,2024-08-29 19:42:00,2024-09-16 19:42:00,2024-09-15 19:42:00,8,18
SES-000307,BAT-000307,ZONE-003,2024-09-15 21:29:24,2024-12-21 21:29:24,2024-12-20 21:29:24,8,97
SES-000308,BAT-000308,ZONE-003,2024-10-24 16:55:12,2025-01-19 16:55:12,2025-01-20 04:55:12,4,87
SES-000309,BAT-000309,ZONE-010,2024-09-04 12:05:24,2025-01-07 12:05:24,2025-01-07 12:05:24,3,125
SES-000310,BAT-000310,ZONE-024,2024-10-17 15:07:12,2024-12-15 15:07:12,2024-12-15 15:07:12,8,59
SES-000311,BAT-000311,ZONE-004,2024-09-09 17:30:36,2024-11-25 17:30:36,2024-11-25 17:30:36,4,77
SES-000312,BAT-000312,ZONE-004,2024-10-05 15:38:24,2025-03-04 15:38:24,2025-03-04 15:38:24,2,150
SES-000313,BAT-000313,ZONE-023,2024-07-21 13:24:00,2024-08-04 13:24:00,2024-08-05 13:24:00,1,14
SES-000314,BAT-000314,ZONE-025,2024-08-13 12:22:48,2024-09-06 12:22:48,2024-09-05 12:22:48,2,24
SES-000315,BAT-000315,ZONE-017,2024-09-29 17:43:12,2024-12-18 17:43:12,2024-12-18 17:43:12,4,80
SES-000316,BAT-000316,ZONE-019,2024-09-12 16:46:48,2025-01-03 16:46:48,2025-01-04 16:46:48,1,113
SES-000317,BAT-000317,ZONE-013,2024-08-16 17:41:24,2024-09-23 17:41:24,2024-09-24 17:41:24,6,38
SES-000318,BAT-000318,ZONE-007,2024-09-09 10:31:48,2024-09-18 10:31:48,2024-09-18 22:31:48,5,9
SES-000319,BAT-000319,ZONE-006,2024-09-19 09:09:36,2025-01-12 09:09:36,2025-01-12 09:09:36,8,115
SES-000320,BAT-000320,ZONE-016,2024-10-05 16:04:12,2024-11-25 16:04:12,2024-11-25 16:04:12,7,51
SES-000321,BAT-000321,ZONE-011,2024-10-06 16:59:24,2024-10-18 16:59:24,2024-10-18 16:59:24,6,12
SES-000322,BAT-000322,ZONE-020,2024-09-09 11:13:12,2024-09-25 11:13:12,2024-09-24 11:13:12,6,16
SES-000323,BAT-000323,ZONE-017,2024-08-30 13:41:24,2024-10-24 13:41:24,2024-10-24 13:41:24,5,55
SES-000324,BAT-000324,ZONE-013,2024-09-07 17:48:36,2024-10-15 17:48:36,2024-10-16 17:48:36,4,38
SES-000325,BAT-000325,ZONE-004,2024-08-22 21:25:12,2025-01-03 21:25:12,2025-01-02 21:25:12,4,134
SES-000326,BAT-000326,ZONE-009,2024-09-24 18:26:24,2025-03-03 18:26:24,2025-03-03 18:26:24,3,160
SES-000327,BAT-000327,ZONE-012,2024-09-11 13:04:12,2024-09-26 13:04:12,2024-09-27 01:04:12,7,15
SES-000328,BAT-000328,ZONE-012,2024-07-11 11:20:24,2024-07-25 11:20:24,2024-07-25 11:20:24,1,14
SES-000329,BAT-000329,ZONE-021,2024-10-22 10:18:00,2024-11-22 10:18:00,2024-11-21 10:18:00,5,31
SES-000330,BAT-000330,ZONE-006,2024-10-09 11:40:12,2024-11-04 11:40:12,2024-11-03 11:40:12,1,26
SES-000331,BAT-000331,ZONE-023,2024-09-02 11:54:36,2024-09-15 11:54:36,2024-09-15 11:54:36,5,13
SES-000332,BAT-000332,ZONE-011,2024-08-13 14:18:00,2024-09-09 14:18:00,2024-09-10 14:18:00,8,27
SES-000333,BAT-000333,ZONE-015,2024-07-08 13:21:36,2024-07-19 13:21:36,2024-07-20 01:21:36,6,11
SES-000334,BAT-000334,ZONE-006,2024-10-08 10:46:48,2025-01-08 10:46:48,2025-01-08 10:46:48,1,92
SES-000335,BAT-000335,ZONE-004,2024-08-26 18:36:36,2024-11-16 18:36:36,2024-11-15 18:36:36,3,82
SES-000336,BAT-000336,ZONE-017,2024-10-03 13:12:36,2024-10-30 13:12:36,2024-10-31 13:12:36,2,27
SES-000337,BAT-000337,ZONE-013,2024-08-20 18:43:48,2024-09-15 18:43:48,2024-09-15 18:43:48,6,26
SES-000338,BAT-000338,ZONE-006,2024-10-03 12:41:24,2025-01-25 12:41:24,2025-01-26 00:41:24,5,114
SES-000339,BAT-000339,ZONE-020,2024-09-04 15:58:48,2024-09-16 15:58:48,2024-09-16 15:58:48,3,12
SES-000340,BAT-000340,ZONE-019,2024-09-23 17:06:00,2024-10-29 17:06:00,2024-10-29 17:06:00,7,36
SES-000341,BAT-000341,ZONE-016,2024-08-06 16:35:24,2024-09-02 16:35:24,2024-09-02 16:35:24,1,27
SES-000342,BAT-000342,ZONE-006,2024-10-06 16:21:00,2025-03-13 16:21:00,2025-03-12 16:21:00,1,158
SES-000343,BAT-000343,ZONE-008,2024-08-09 14:52:12,2024-09-02 14:52:12,2024-09-02 14:52:12,2,24
SES-000344,BAT-000344,ZONE-022,2024-09-08 17:39:00,2024-11-12 17:39:00,2024-11-12 17:39:00,8,65
SES-000345,BAT-000345,ZONE-006,2024-09-09 15:55:12,2024-11-21 15:55:12,2024-11-22 15:55:12,7,73
SES-000346,BAT-000346,ZONE-016,2024-10-15 14:52:12,2025-01-20 14:52:12,2025-01-20 14:52:12,3,97
SES-000347,BAT-000347,ZONE-017,2024-09-22 14:39:36,2024-10-10 14:39:36,2024-10-11 14:39:36,1,18
SES-000348,BAT-000348,ZONE-018,2024-08-08 16:55:12,2024-08-18 16:55:12,2024-08-18 16:55:12,8,10
SES-000349,BAT-000349,ZONE-010,2024-08-27 12:07:48,2024-11-08 12:07:48,2024-11-09 12:07:48,1,73
SES-000350,BAT-000350,ZONE-001,2024-08-08 15:11:24,2024-09-12 15:11:24,2024-09-11 15:11:24,7,35
SES-000351,BAT-000351,ZONE-022,2024-10-12 13:45:00,2024-12-16 13:45:00,2024-12-16 13:45:00,8,65
SES-000352,BAT-000352,ZONE-001,2024-05-29 17:07:12,2024-06-03 17:07:12,2024-06-03 17:07:12,1,5
SES-000353,BAT-000353,ZONE-002,2024-09-20 20:21:00,2024-11-27 20:21:00,2024-11-28 20:21:00,5,68
SES-000354,BAT-000354,ZONE-006,2024-09-28 17:37:12,2025-02-02 17:37:12,2025-02-02 17:37:12,1,127
SES-000355,BAT-000355,ZONE-013,2024-09-21 16:34:12,2024-11-18 16:34:12,2024-11-19 16:34:12,3,58
SES-000356,BAT-000356,ZONE-022,2024-10-01 15:20:24,2024-11-29 15:20:24,2024-11-30 03:20:24,3,59
SES-000357,BAT-000357,ZONE-017,2024-09-17 18:06:36,2024-12-04 18:06:36,2024-12-04 18:06:36,7,78
SES-000358,BAT-000358,ZONE-018,2024-09-16 13:09:36,2024-09-26 13:09:36,2024-09-26 13:09:36,6,10
SES-000359,BAT-000359,ZONE-010,2024-09-03 11:39:36,2024-11-18 11:39:36,2024-11-18 11:39:36,4,76
SES-000360,BAT-000360,ZONE-005,2024-08-21 18:27:36,2024-08-29 18:27:36,2024-08-30 18:27:36,4,8
SES-000361,BAT-000361,ZONE-022,2024-09-21 17:40:12,2024-10-15 17:40:12,2024-10-16 05:40:12,2,24
SES-000362,BAT-000362,ZONE-001,2024-10-22 20:27:36,2025-03-20 20:27:36,2025-03-21 20:27:36,7,149
SES-000363,BAT-000363,ZONE-024,2024-09-24 10:34:48,2024-11-24 10:34:48,2024-11-25 10:34:48,5,61
SES-000364,BAT-000364,ZONE-025,2024-08-03 17:00:00,2024-08-14 17:00:00,2024-08-14 17:00:00,3,11
SES-000365,BAT-000365,ZONE-022,2024-09-19 16:15:36,2024-11-13 16:15:36,2024-11-14 04:15:36,8,55
SES-000366,BAT-000366,ZONE-022,2024-10-14 17:35:24,2024-12-09 17:35:24,2024-12-10 17:35:24,4,56
SES-000367,BAT-000367,ZONE-007,2024-09-10 14:06:36,2024-09-19 14:06:36,2024-09-19 14:06:36,6,9
SES-000368,BAT-000368,ZONE-011,2024-05-20 13:39:36,2024-05-25 13:39:36,2024-05-26 01:39:36,2,5
SES-000369,BAT-000369,ZONE-024,2024-10-18 17:34:48,2024-12-05 17:34:48,2024-12-04 17:34:48,5,48
SES-000370,BAT-000370,ZONE-006,2024-08-23 12:11:24,2024-11-02 12:11:24,2024-11-03 12:11:24,3,71
SES-000371,BAT-000371,ZONE-019,2024-10-04 20:57:00,2024-11-14 20:57:00,2024-11-15 08:57:00,7,41
SES-000372,BAT-000372,ZONE-001,2024-08-14 14:28:12,2024-08-19 14:28:12,2024-08-19 14:28:12,7,5
SES-000373,BAT-000373,ZONE-013,2024-06-30 11:34:48,2024-07-03 11:34:48,2024-07-03 23:34:48,6,3
SES-000374,BAT-000374,ZONE-005,2024-07-30 12:36:00,2024-08-10 12:36:00,2024-08-10 12:36:00,1,11
SES-000375,BAT-000375,ZONE-006,2024-09-20 11:28:48,2024-10-15 11:28:48,2024-10-15 11:28:48,8,25
SES-000376,BAT-000376,ZONE-012,2024-08-16 09:58:12,2024-09-01 09:58:12,2024-09-01 09:58:12,5,16
SES-000377,BAT-000377,ZONE-025,2024-09-06 15:17:24,2024-11-08 15:17:24,2024-11-07 15:17:24,7,63
SES-000378,BAT-000378,ZONE-004,2024-09-08 10:07:12,2024-11-03 10:07:12,2024-11-04 10:07:12,7,56
SES-000379,BAT-000379,ZONE-004,2024-10-23 16:24:00,2025-04-11 16:24:00,2025-04-10 16:24:00,3,170
SES-000380,BAT-000380,ZONE-006,2024-10-16 16:13:48,2025-02-02 16:13:48,2025-02-03 04:13:48,1,109
SES-000381,BAT-000381,ZONE-020,2024-09-03 14:54:36,2024-10-05 14:54:36,2024-10-05 14:54:36,4,32
SES-000382,BAT-000382,ZONE-013,2024-10-08 20:00:36,2024-11-21 20:00:36,2024-11-22 08:00:36,7,44
SES-000383,BAT-000383,ZONE-024,2024-10-05 12:28:48,2025-01-14 12:28:48,2025-01-15 00:28:48,5,101
SES-000384,BAT-000384,ZONE-004,2024-09-27 15:20:24,2025-01-04 15:20:24,2025-01-04 15:20:24,3,99
SES-000385,BAT-000385,ZONE-009,2024-10-09 14:19:12,2024-11-22 14:19:12,2024-11-22 14:19:12,5,44
SES-000386,BAT-000386,ZONE-001,2024-10-21 13:40:48,2025-01-09 13:40:48,2025-01-09 13:40:48,2,80
SES-000387,BAT-000387,ZONE-004,2024-09-22 10:57:36,2025-01-31 10:57:36,2025-02-01 10:57:36,8,131
SES-000388,BAT-000388,ZONE-012,2024-07-01 12:58:48,2024-07-09 12:58:48,2024-07-09 12:58:48,4,8
SES-000389,BAT-000389,ZONE-006,2024-08-28 18:25:48,2025-01-17 18:25:48,2025-01-17 18:25:48,8,142
SES-000390,BAT-000390,ZONE-022,2024-09-05 12:16:48,2024-11-19 12:16:48,2024-11-19 12:16:48,6,75
SES-000391,BAT-000391,ZONE-019,2024-09-09 17:06:00,2024-11-11 17:06:00,2024-11-12 17:06:00,4,63
SES-000392,BAT-000392,ZONE-016,2024-09-17 12:17:24,2024-11-17 12:17:24,2024-11-17 12:17:24,4,61
SES-000393,BAT-000393,ZONE-002,2024-10-04 11:09:00,2024-12-30 11:09:00,2024-12-31 11:09:00,4,87
SES-000394,BAT-000394,ZONE-006,2024-10-02 16:41:24,2025-02-19 16:41:24,2025-02-19 16:41:24,5,140
SES-000395,BAT-000395,ZONE-014,2024-09-19 14:39:36,2024-10-13 14:39:36,2024-10-13 14:39:36,7,24
SES-000396,BAT-000396,ZONE-006,2024-09-24 13:51:36,2024-12-24 13:51:36,2024-12-25 13:51:36,7,91
SES-000397,BAT-000397,ZONE-024,2024-10-03 17:07:12,2024-10-22 17:07:12,2024-10-22 17:07:12,4,19
SES-000398,BAT-000398,ZONE-005,2024-09-17 17:19:48,2024-09-22 17:19:48,2024-09-21 17:19:48,4,5
SES-000399,BAT-000399,ZONE-023,2024-10-10 16:46:12,2024-10-25 16:46:12,2024-10-25 16:46:12,2,15
SES-000400,BAT-000400,ZONE-022,2024-10-02 15:35:24,2024-11-23 15:35:24,2024-11-24 03:35:24,5,52
SES-000401,BAT-000401,ZONE-006,2024-10-22 16:40:48,2025-01-13 16:40:48,2025-01-12 16:40:48,7,83
SES-000402,BAT-000402,ZONE-004,2024-09-26 16:17:24,2024-12-25 16:17:24,2024-12-25 16:17:24,2,90
SES-000403,BAT-000403,ZONE-015,2024-07-09 16:57:36,2024-07-18 16:57:36,2024-07-18 16:57:36,7,9
SES-000404,BAT-000404,ZONE-025,2024-09-01 11:13:48,2024-09-22 11:13:48,2024-09-23 11:13:48,2,21
SES-000405,BAT-000405,ZONE-004,2024-10-04 13:58:12,2024-12-10 13:58:12,2024-12-10 13:58:12,5,67
SES-000406,BAT-000406,ZONE-022,2024-09-29 13:00:00,2024-12-09 13:00:00,2024-12-09 13:00:00,5,71
SES-000407,BAT-000407,ZONE-004,2024-09-11 13:36:36,2025-01-15 13:36:36,2025-01-14 13:36:36,2,126
SES-000408,BAT-000408,ZONE-001,2024-08-22 10:20:24,2025-01-12 10:20:24,2025-01-12 10:20:24,6,143
SES-000409,BAT-000409,ZONE-008,2024-09-04 13:43:48,2024-09-26 13:43:48,2024-09-26 13:43:48,8,22
SES-000410,BAT-000410,ZONE-013,2024-09-30 19:17:24,2024-10-27 19:17:24,2024-10-27 19:17:24,5,27
SES-000411,BAT-000411,ZONE-001,2024-09-01 20:53:24,2024-10-03 20:53:24,2024-10-04 20:53:24,1,32
SES-000412,BAT-000412,ZONE-011,2024-09-05 20:03:00,2024-11-13 20:03:00,2024-11-13 20:03:00,6,69
SES-000413,BAT-000413,ZONE-004,2024-10-03 15:49:12,2025-01-07 15:49:12,2025-01-06 15:49:12,3,96
SES-000414,BAT-000414,ZONE-008,2024-05-22 11:11:24,2024-05-27 11:11:24,2024-05-27 11:11:24,3,5
SES-000415,BAT-000415,ZONE-008,2024-08-10 18:43:12,2024-08-29 18:43:12,2024-08-29 18:43:12,8,19
SES-000416,BAT-000416,ZONE-013,2024-09-18 15:39:36,2025-01-23 15:39:36,2025-01-23 15:39:36,8,127
SES-000417,BAT-000417,ZONE-011,2024-08-27 17:01:48,2024-09-16 17:01:48,2024-09-16 17:01:48,8,20
SES-000418,BAT-000418,ZONE-023,2024-07-17 12:57:00,2024-07-25 12:57:00,2024-07-24 12:57:00,3,8
SES-000419,BAT-000419,ZONE-007,2024-07-19 10:09:00,2024-07-30 10:09:00,2024-07-29 10:09:00,5,11
SES-000420,BAT-000420,ZONE-005,2024-08-09 15:19:48,2024-08-23 15:19:48,2024-08-23 15:19:48,4,14
SES-000421,BAT-000421,ZONE-006,2024-10-02 20:16:12,2025-01-04 20:16:12,2025-01-04 20:16:12,4,94
SES-000422,BAT-000422,ZONE-006,2024-09-04 10:52:12,2024-12-05 10:52:12,2024-12-05 10:52:12,4,92
SES-000423,BAT-000423,ZONE-022,2024-10-18 19:42:36,2024-12-31 19:42:36,2024-12-31 19:42:36,7,74
SES-000424,BAT-000424,ZONE-004,2024-09-17 20:43:12,2024-12-17 20:43:12,2024-12-18 08:43:12,4,91
SES-000425,BAT-000425,ZONE-017,2024-09-13 14:13:12,2024-11-27 14:13:12,2024-11-27 14:13:12,7,75
SES-000426,BAT-000426,ZONE-004,2024-09-26 12:41:24,2025-01-03 12:41:24,2025-01-03 12:41:24,5,99
SES-000427,BAT-000427,ZONE-014,2024-10-03 10:50:24,2025-01-29 10:50:24,2025-01-29 10:50:24,3,118
SES-000428,BAT-000428,ZONE-002,2024-09-11 17:03:00,2025-01-22 17:03:00,2025-01-21 17:03:00,4,133
SES-000429,BAT-000429,ZONE-007,2024-09-15 17:15:36,2024-09-28 17:15:36,2024-09-29 05:15:36,6,13
SES-000430,BAT-000430,ZONE-006,2024-09-16 14:33:00,2024-11-30 14:33:00,2024-12-01 02:33:00,8,75
SES-000431,BAT-000431,ZONE-006,2024-09-25 13:02:24,2025-03-04 13:02:24,2025-03-05 01:02:24,3,160
SES-000432,BAT-000432,ZONE-004,2024-09-18 12:48:36,2024-12-28 12:48:36,2024-12-28 12:48:36,6,101
SES-000433,BAT-000433,ZONE-011,2024-08-20 14:27:00,2025-02-07 14:27:00,2025-02-08 02:27:00,4,171
SES-000434,BAT-000434,ZONE-017,2024-09-19 12:12:36,2024-12-01 12:12:36,2024-12-02 12:12:36,2,73
SES-000435,BAT-000435,ZONE-009,2024-07-25 14:33:00,2024-08-05 14:33:00,2024-08-06 14:33:00,5,11
SES-000436,BAT-000436,ZONE-003,2024-10-15 12:57:36,2025-01-05 12:57:36,2025-01-05 12:57:36,2,82
SES-000437,BAT-000437,ZONE-013,2024-10-06 13:21:36,2024-11-22 13:21:36,2024-11-21 13:21:36,1,47
SES-000438,BAT-000438,ZONE-001,2024-08-21 17:31:12,2024-11-04 17:31:12,2024-11-04 17:31:12,2,75
SES-000439,BAT-000439,ZONE-001,2024-09-29 19:37:48,2025-02-14 19:37:48,2025-02-14 19:37:48,5,138
SES-000440,BAT-000440,ZONE-019,2024-10-12 17:30:36,2024-11-19 17:30:36,2024-11-20 17:30:36,5,38
SES-000441,BAT-000441,ZONE-006,2024-09-27 08:57:00,2024-12-27 08:57:00,2024-12-27 20:57:00,3,91
SES-000442,BAT-000442,ZONE-020,2024-10-02 14:52:48,2024-12-31 14:52:48,2025-01-01 14:52:48,4,90
SES-000443,BAT-000443,ZONE-021,2024-09-25 10:36:00,2024-11-04 10:36:00,2024-11-04 10:36:00,2,40
SES-000444,BAT-000444,ZONE-023,2024-08-29 16:46:12,2024-09-13 16:46:12,2024-09-13 16:46:12,3,15
SES-000445,BAT-000445,ZONE-017,2024-10-07 13:41:24,2024-11-11 13:41:24,2024-11-11 13:41:24,3,35
SES-000446,BAT-000446,ZONE-017,2024-09-03 19:46:48,2024-09-23 19:46:48,2024-09-24 19:46:48,3,20
SES-000447,BAT-000447,ZONE-010,2024-08-02 14:27:00,2024-09-03 14:27:00,2024-09-03 14:27:00,4,32
SES-000448,BAT-000448,ZONE-006,2024-08-30 14:17:24,2024-11-09 14:17:24,2024-11-09 14:17:24,8,71
SES-000449,BAT-000449,ZONE-002,2024-09-06 17:30:00,2024-11-21 17:30:00,2024-11-22 17:30:00,4,76
SES-000450,BAT-000450,ZONE-006,2024-05-22 12:32:24,2024-05-30 12:32:24,2024-05-29 12:32:24,5,8
SES-000451,BAT-000451,ZONE-002,2024-10-25 19:54:00,2025-03-09 19:54:00,2025-03-10 07:54:00,8,135
SES-000452,BAT-000452,ZONE-006,2024-07-01 11:52:48,2024-07-10 11:52:48,2024-07-10 11:52:48,7,9
SES-000453,BAT-000453,ZONE-017,2024-08-05 12:13:48,2024-08-20 12:13:48,2024-08-21 00:13:48,3,15
SES-000454,BAT-000454,ZONE-016,2024-09-26 16:37:48,2025-01-11 16:37:48,2025-01-11 16:37:48,5,107
SES-000455,BAT-000455,ZONE-004,2024-09-17 16:00:36,2025-01-07 16:00:36,2025-01-06 16:00:36,3,112
SES-000456,BAT-000456,ZONE-010,2024-09-17 11:16:12,2025-01-21 11:16:12,2025-01-21 23:16:12,5,126
SES-000457,BAT-000457,ZONE-006,2024-10-12 11:55:12,2025-01-18 11:55:12,2025-01-18 23:55:12,2,98
SES-000458,BAT-000458,ZONE-004,2024-09-23 13:49:12,2025-01-21 13:49:12,2025-01-22 13:49:12,6,120
SES-000459,BAT-000459,ZONE-010,2024-08-22 18:28:12,2024-09-20 18:28:12,2024-09-20 18:28:12,6,29
SES-000460,BAT-000460,ZONE-006,2024-06-27 12:41:24,2024-07-02 12:41:24,2024-07-02 12:41:24,4,5
SES-000461,BAT-000461,ZONE-016,2024-08-10 15:03:36,2024-09-01 15:03:36,2024-09-01 15:03:36,1,22
SES-000462,BAT-000462,ZONE-006,2024-08-30 20:26:24,2024-12-26 20:26:24,2024-12-26 20:26:24,1,118
SES-000463,BAT-000463,ZONE-018,2024-08-24 18:10:48,2024-09-04 18:10:48,2024-09-03 18:10:48,8,11
SES-000464,BAT-000464,ZONE-004,2024-09-16 16:08:24,2024-12-14 16:08:24,2024-12-14 16:08:24,1,89
SES-000465,BAT-000465,ZONE-017,2024-09-08 16:13:48,2024-10-25 16:13:48,2024-10-25 16:13:48,3,47
SES-000466,BAT-000466,ZONE-003,2024-08-21 20:42:00,2024-11-17 20:42:00,2024-11-17 20:42:00,3,88
SES-000467,BAT-000467,ZONE-006,2024-09-28 14:20:24,2025-01-08 14:20:24,2025-01-08 14:20:24,6,102
SES-000468,BAT-000468,ZONE-003,2024-08-24 11:45:36,2024-09-27 11:45:36,2024-09-28 11:45:36,4,34
SES-000469,BAT-000469,ZONE-006,2024-10-04 15:32:24,2025-01-13 15:32:24,2025-01-13 15:32:24,5,101
SES-000470,BAT-000470,ZONE-016,2024-09-08 10:22:48,2024-10-04 10:22:48,2024-10-04 10:22:48,1,26
SES-000471,BAT-000471,ZONE-017,2024-10-18 19:40:48,2025-01-01 19:40:48,2025-01-02 07:40:48,5,75
SES-000472,BAT-000472,ZONE-011,2024-09-09 13:02:24,2024-10-20 13:02:24,2024-10-19 13:02:24,7,41
SES-000473,BAT-000473,ZONE-022,2024-09-02 17:13:48,2024-10-26 17:13:48,2024-10-26 17:13:48,7,54
SES-000474,BAT-000474,ZONE-013,2024-09-29 18:28:48,2024-10-10 18:28:48,2024-10-11 06:28:48,2,11
SES-000475,BAT-000475,ZONE-010,2024-10-07 14:05:24,2024-11-06 14:05:24,2024-11-07 14:05:24,6,30
SES-000476,BAT-000476,ZONE-013,2024-09-24 16:48:00,2024-11-16 16:48:00,2024-11-16 16:48:00,7,53
SES-000477,BAT-000477,ZONE-022,2024-09-27 12:35:24,2024-11-17 12:35:24,2024-11-17 12:35:24,8,51
SES-000478,BAT-000478,ZONE-015,2024-07-30 19:03:00,2024-08-15 19:03:00,2024-08-14 19:03:00,3,16
SES-000479,BAT-000479,ZONE-006,2024-09-26 12:47:24,2024-12-16 12:47:24,2024-12-16 12:47:24,8,81
SES-000480,BAT-000480,ZONE-005,2024-07-21 12:37:48,2024-08-06 12:37:48,2024-08-06 12:37:48,8,16
SES-000481,BAT-000481,ZONE-008,2024-09-11 12:18:36,2024-12-09 12:18:36,2024-12-09 12:18:36,6,89
SES-000482,BAT-000482,ZONE-001,2024-10-21 19:39:36,2025-01-25 19:39:36,2025-01-25 19:39:36,1,96
SES-000483,BAT-000483,ZONE-006,2024-10-03 18:04:48,2025-03-02 18:04:48,2025-03-02 18:04:48,1,150
SES-000484,BAT-000484,ZONE-022,2024-09-25 11:12:00,2024-10-13 11:12:00,2024-10-12 11:12:00,2,18
SES-000485,BAT-000485,ZONE-022,2024-08-08 16:42:36,2024-08-27 16:42:36,2024-08-26 16:42:36,3,19
SES-000486,BAT-000486,ZONE-003,2024-09-27 16:46:12,2025-01-10 16:46:12,2025-01-11 04:46:12,5,105
SES-000487,BAT-000487,ZONE-004,2024-09-16 20:00:36,2024-09-27 20:00:36,2024-09-28 08:00:36,3,11
SES-000488,BAT-000488,ZONE-003,2024-09-10 17:22:12,2025-02-13 17:22:12,2025-02-14 17:22:12,7,156
SES-000489,BAT-000489,ZONE-006,2024-09-29 18:49:48,2025-02-18 18:49:48,2025-02-18 18:49:48,4,142
SES-000490,BAT-000490,ZONE-020,2024-10-10 19:43:48,2024-10-27 19:43:48,2024-10-26 19:43:48,1,17
SES-000491,BAT-000491,ZONE-012,2024-08-01 11:31:48,2024-08-12 11:31:48,2024-08-13 11:31:48,8,11
SES-000492,BAT-000492,ZONE-022,2024-10-02 17:43:48,2024-11-19 17:43:48,2024-11-18 17:43:48,3,48
SES-000493,BAT-000493,ZONE-006,2024-08-17 18:00:00,2024-08-29 18:00:00,2024-08-29 18:00:00,5,12
SES-000494,BAT-000494,ZONE-002,2024-09-15 13:19:12,2024-12-11 13:19:12,2024-12-12 01:19:12,4,87
SES-000495,BAT-000495,ZONE-025,2024-10-23 11:10:48,2024-12-19 11:10:48,2024-12-20 11:10:48,6,57
SES-000496,BAT-000496,ZONE-006,2024-10-08 12:30:00,2024-12-09 12:30:00,2024-12-09 12:30:00,8,62
SES-000497,BAT-000497,ZONE-003,2024-09-08 11:52:48,2024-12-30 11:52:48,2024-12-30 11:52:48,6,113
SES-000498,BAT-000498,ZONE-004,2024-08-29 20:39:36,2024-11-04 20:39:36,2024-11-04 20:39:36,1,67
SES-000499,BAT-000499,ZONE-008,2024-09-23 14:57:00,2024-11-11 14:57:00,2024-11-11 14:57:00,3,49
SES-000500,BAT-000500,ZONE-022,2024-10-04 19:32:24,2024-11-29 19:32:24,2024-11-30 07:32:24,6,56
SES-000501,BAT-000501,ZONE-006,2024-09-30 16:37:48,2024-12-03 16:37:48,2024-12-02 16:37:48,4,64
SES-000502,BAT-000502,ZONE-003,2024-09-10 18:57:36,2024-10-11 18:57:36,2024-10-12 06:57:36,5,31
SES-000503,BAT-000503,ZONE-007,2024-08-21 18:46:48,2024-09-01 18:46:48,2024-09-01 18:46:48,3,11
SES-000504,BAT-000504,ZONE-004,2024-10-06 16:05:24,2024-10-19 16:05:24,2024-10-19 16:05:24,3,13
SES-000505,BAT-000505,ZONE-004,2024-09-23 16:20:24,2024-12-21 16:20:24,2024-12-22 16:20:24,2,89
SES-000506,BAT-000506,ZONE-009,2024-08-26 12:19:12,2024-09-15 12:19:12,2024-09-14 12:19:12,7,20
SES-000507,BAT-000507,ZONE-021,2024-08-22 12:51:36,2024-09-21 12:51:36,2024-09-22 00:51:36,2,30
SES-000508,BAT-000508,ZONE-001,2024-08-24 15:24:36,2024-11-28 15:24:36,2024-11-28 15:24:36,5,96
SES-000509,BAT-000509,ZONE-020,2024-09-27 11:48:36,2025-01-04 11:48:36,2025-01-04 11:48:36,3,99
SES-000510,BAT-000510,ZONE-004,2024-09-16 13:31:48,2024-12-13 13:31:48,2024-12-14 01:31:48,6,88
SES-000511,BAT-000511,ZONE-018,2024-09-15 17:41:24,2024-10-03 17:41:24,2024-10-03 17:41:24,5,18
SES-000512,BAT-000512,ZONE-006,2024-09-21 13:21:36,2025-02-25 13:21:36,2025-02-25 13:21:36,8,157
SES-000513,BAT-000513,ZONE-006,2024-09-16 16:47:24,2024-11-29 16:47:24,2024-11-30 16:47:24,5,74
SES-000514,BAT-000514,ZONE-017,2024-09-29 16:58:12,2024-10-20 16:58:12,2024-10-21 16:58:12,1,21
SES-000515,BAT-000515,ZONE-008,2024-09-03 18:52:12,2024-11-04 18:52:12,2024-11-05 06:52:12,4,62
SES-000516,BAT-000516,ZONE-025,2024-09-09 16:46:12,2024-09-23 16:46:12,2024-09-24 16:46:12,8,14
SES-000517,BAT-000517,ZONE-003,2024-09-09 11:15:00,2024-12-23 11:15:00,2024-12-22 11:15:00,8,105
SES-000518,BAT-000518,ZONE-004,2024-10-19 12:42:36,2025-01-20 12:42:36,2025-01-20 12:42:36,8,93
SES-000519,BAT-000519,ZONE-022,2024-09-20 11:22:48,2024-12-02 11:22:48,2024-12-02 11:22:48,2,73
SES-000520,BAT-000520,ZONE-019,2024-09-16 20:00:36,2024-11-27 20:00:36,2024-11-28 20:00:36,3,72
SES-000521,BAT-000521,ZONE-024,2024-09-14 17:25:12,2024-11-14 17:25:12,2024-11-14 17:25:12,5,61
SES-000522,BAT-000522,ZONE-011,2024-10-15 17:07:48,2024-11-23 17:07:48,2024-11-24 17:07:48,4,39
SES-000523,BAT-000523,ZONE-009,2024-08-27 16:13:48,2024-12-02 16:13:48,2024-12-02 16:13:48,6,97
SES-000524,BAT-000524,ZONE-022,2024-09-23 19:25:48,2024-12-01 19:25:48,2024-12-01 19:25:48,8,69
SES-000525,BAT-000525,ZONE-020,2024-09-27 16:03:36,2024-11-08 16:03:36,2024-11-08 16:03:36,8,42
SES-000526,BAT-000526,ZONE-002,2024-06-17 14:09:36,2024-06-24 14:09:36,2024-06-25 02:09:36,1,7
SES-000527,BAT-000527,ZONE-004,2024-08-23 15:19:12,2024-10-30 15:19:12,2024-10-31 03:19:12,6,68
SES-000528,BAT-000528,ZONE-004,2024-09-21 10:31:12,2025-01-22 10:31:12,2025-01-23 10:31:12,6,123
SES-000529,BAT-000529,ZONE-006,2024-06-08 13:00:36,2024-06-12 13:00:36,2024-06-12 13:00:36,4,4
SES-000530,BAT-000530,ZONE-017,2024-09-21 12:33:36,2024-12-02 12:33:36,2024-12-02 12:33:36,1,72
SES-000531,BAT-000531,ZONE-006,2024-08-28 17:09:00,2024-11-24 17:09:00,2024-11-24 17:09:00,2,88
SES-000532,BAT-000532,ZONE-018,2024-09-04 15:04:48,2024-09-19 15:04:48,2024-09-19 15:04:48,7,15
SES-000533,BAT-000533,ZONE-017,2024-09-15 16:47:24,2024-11-03 16:47:24,2024-11-02 16:47:24,7,49
SES-000534,BAT-000534,ZONE-020,2024-09-26 15:46:12,2024-11-30 15:46:12,2024-11-30 15:46:12,5,65
SES-000535,BAT-000535,ZONE-003,2024-10-25 14:43:12,2025-02-23 14:43:12,2025-02-24 02:43:12,2,121
SES-000536,BAT-000536,ZONE-006,2024-09-13 12:42:00,2024-12-28 12:42:00,2024-12-28 12:42:00,3,106
SES-000537,BAT-000537,ZONE-006,2024-07-10 17:50:24,2024-07-29 17:50:24,2024-07-30 17:50:24,6,19
SES-000538,BAT-000538,ZONE-004,2024-09-17 15:31:12,2024-12-31 15:31:12,2024-12-30 15:31:12,4,105
SES-000539,BAT-000539,ZONE-001,2024-09-19 15:04:48,2024-12-12 15:04:48,2024-12-12 15:04:48,8,84
SES-000540,BAT-000540,ZONE-004,2024-09-14 11:49:48,2024-12-05 11:49:48,2024-12-05 11:49:48,3,82
SES-000541,BAT-000541,ZONE-004,2024-10-10 14:25:12,2025-02-09 14:25:12,2025-02-10 14:25:12,7,122
SES-000542,BAT-000542,ZONE-006,2024-08-20 19:10:48,2024-12-20 19:10:48,2024-12-20 19:10:48,6,122
SES-000543,BAT-000543,ZONE-004,2024-09-30 12:07:12,2024-10-28 12:07:12,2024-10-28 12:07:12,3,28
SES-000544,BAT-000544,ZONE-002,2024-10-08 10:52:48,2025-01-02 10:52:48,2025-01-02 10:52:48,7,86
SES-000545,BAT-000545,ZONE-004,2024-10-18 14:30:00,2025-02-16 14:30:00,2025-02-15 14:30:00,5,121
SES-000546,BAT-000546,ZONE-009,2024-10-15 12:18:36,2025-01-13 12:18:36,2025-01-13 12:18:36,3,90
SES-000547,BAT-000547,ZONE-019,2024-09-25 16:33:36,2024-11-26 16:33:36,2024-11-26 16:33:36,7,62
SES-000548,BAT-000548,ZONE-006,2024-10-21 17:13:48,2024-12-16 17:13:48,2024-12-16 17:13:48,1,56
SES-000549,BAT-000549,ZONE-017,2024-08-15 10:12:36,2024-08-30 10:12:36,2024-08-31 10:12:36,8,15
SES-000550,BAT-000550,ZONE-006,2024-08-26 15:18:00,2024-11-28 15:18:00,2024-11-28 15:18:00,7,94
SES-000551,BAT-000551,ZONE-002,2024-10-10 13:37:12,2025-01-01 13:37:12,2025-01-02 13:37:12,3,83
SES-000552,BAT-000552,ZONE-006,2024-10-02 12:45:36,2024-12-26 12:45:36,2024-12-25 12:45:36,1,85
SES-000553,BAT-000553,ZONE-003,2024-10-17 17:53:24,2025-03-17 17:53:24,2025-03-16 17:53:24,5,151
SES-000554,BAT-000554,ZONE-017,2024-08-14 13:45:36,2024-09-07 13:45:36,2024-09-08 13:45:36,7,24
SES-000555,BAT-000555,ZONE-002,2024-10-03 17:46:48,2024-12-08 17:46:48,2024-12-08 17:46:48,7,66
SES-000556,BAT-000556,ZONE-024,2024-08-22 15:16:48,2024-09-05 15:16:48,2024-09-05 15:16:48,7,14
SES-000557,BAT-000557,ZONE-015,2024-07-05 11:49:12,2024-07-15 11:49:12,2024-07-14 11:49:12,8,10
SES-000558,BAT-000558,ZONE-016,2024-09-24 12:13:12,2024-11-21 12:13:12,2024-11-21 12:13:12,6,58
SES-000559,BAT-000559,ZONE-022,2024-10-16 15:15:00,2025-01-06 15:15:00,2025-01-06 15:15:00,8,82
SES-000560,BAT-000560,ZONE-005,2024-07-19 12:21:36,2024-07-30 12:21:36,2024-07-31 00:21:36,2,11
SES-000561,BAT-000561,ZONE-003,2024-10-15 16:51:00,2024-12-26 16:51:00,2024-12-27 04:51:00,1,72
SES-000562,BAT-000562,ZONE-023,2024-07-20 10:18:36,2024-08-03 10:18:36,2024-08-04 10:18:36,5,14
SES-000563,BAT-000563,ZONE-004,2024-06-13 15:03:00,2024-06-18 15:03:00,2024-06-17 15:03:00,2,5
SES-000564,BAT-000564,ZONE-001,2024-05-21 15:36:36,2024-05-27 15:36:36,2024-05-27 15:36:36,8,6
SES-000565,BAT-000565,ZONE-004,2024-06-29 18:47:24,2024-07-03 18:47:24,2024-07-02 18:47:24,1,4
SES-000566,BAT-000566,ZONE-017,2024-09-27 11:30:00,2025-01-19 11:30:00,2025-01-18 11:30:00,7,114
SES-000567,BAT-000567,ZONE-014,2024-08-05 16:10:48,2024-08-26 16:10:48,2024-08-25 16:10:48,5,21
SES-000568,BAT-000568,ZONE-004,2024-07-27 20:32:24,2024-08-10 20:32:24,2024-08-11 08:32:24,6,14
SES-000569,BAT-000569,ZONE-017,2024-05-23 19:08:24,2024-05-28 19:08:24,2024-05-29 07:08:24,4,5
SES-000570,BAT-000570,ZONE-001,2024-09-07 13:43:48,2024-12-06 13:43:48,2024-12-07 01:43:48,1,90
SES-000571,BAT-000571,ZONE-006,2024-10-11 12:01:12,2025-01-08 12:01:12,2025-01-09 12:01:12,8,89
SES-000572,BAT-000572,ZONE-011,2024-08-25 14:16:12,2024-11-28 14:16:12,2024-11-29 02:16:12,5,95
SES-000573,BAT-000573,ZONE-006,2024-10-15 20:22:48,2025-01-25 20:22:48,2025-01-26 08:22:48,2,102
SES-000574,BAT-000574,ZONE-009,2024-10-04 09:09:00,2024-10-25 09:09:00,2024-10-25 09:09:00,3,21
SES-000575,BAT-000575,ZONE-017,2024-09-06 11:59:24,2024-12-05 11:59:24,2024-12-05 23:59:24,3,90
SES-000576,BAT-000576,ZONE-003,2024-08-23 13:15:00,2024-12-01 13:15:00,2024-12-02 13:15:00,6,100
SES-000577,BAT-000577,ZONE-006,2024-09-21 12:40:12,2024-12-08 12:40:12,2024-12-08 12:40:12,5,78
SES-000578,BAT-000578,ZONE-006,2024-10-20 17:38:24,2025-01-07 17:38:24,2025-01-07 17:38:24,6,79
SES-000579,BAT-000579,ZONE-020,2024-09-09 11:05:24,2024-10-17 11:05:24,2024-10-18 11:05:24,2,38
SES-000580,BAT-000580,ZONE-008,2024-10-13 13:35:24,2025-01-02 13:35:24,2025-01-01 13:35:24,3,81
SES-000581,BAT-000581,ZONE-015,2024-08-25 14:54:36,2024-09-05 14:54:36,2024-09-04 14:54:36,1,11
SES-000582,BAT-000582,ZONE-006,2024-08-20 13:39:00,2024-12-02 13:39:00,2024-12-02 13:39:00,7,104
SES-000583,BAT-000583,ZONE-011,2024-09-25 17:22:12,2024-12-11 17:22:12,2024-12-11 17:22:12,4,77
SES-000584,BAT-000584,ZONE-017,2024-10-08 11:41:24,2024-11-11 11:41:24,2024-11-11 11:41:24,3,34
SES-000585,BAT-000585,ZONE-022,2024-09-03 18:27:00,2024-10-04 18:27:00,2024-10-03 18:27:00,4,31
SES-000586,BAT-000586,ZONE-008,2024-06-01 21:02:24,2024-06-07 21:02:24,2024-06-07 21:02:24,7,6
SES-000587,BAT-000587,ZONE-004,2024-10-05 14:09:00,2025-02-22 14:09:00,2025-02-23 14:09:00,4,140
SES-000588,BAT-000588,ZONE-017,2024-06-23 19:45:36,2024-06-27 19:45:36,2024-06-26 19:45:36,2,4
SES-000589,BAT-000589,ZONE-011,2024-10-16 15:13:12,2025-03-20 15:13:12,2025-03-21 03:13:12,1,155
SES-000590,BAT-000590,ZONE-022,2024-10-08 15:26:24,2024-12-03 15:26:24,2024-12-04 15:26:24,2,56
SES-000591,BAT-000591,ZONE-006,2024-09-12 21:16:48,2025-01-06 21:16:48,2025-01-05 21:16:48,8,116
SES-000592,BAT-000592,ZONE-022,2024-10-22 12:24:00,2024-12-09 12:24:00,2024-12-09 12:24:00,1,48
SES-000593,BAT-000593,ZONE-006,2024-09-18 14:37:48,2025-01-20 14:37:48,2025-01-21 14:37:48,4,124
SES-000594,BAT-000594,ZONE-011,2024-10-03 12:54:36,2024-11-11 12:54:36,2024-11-12 12:54:36,5,39
SES-000595,BAT-000595,ZONE-006,2024-09-08 17:07:48,2025-02-01 17:07:48,2025-02-01 17:07:48,6,146
SES-000596,BAT-000596,ZONE-017,2024-09-07 16:13:48,2024-10-22 16:13:48,2024-10-23 16:13:48,3,45
SES-000597,BAT-000597,ZONE-001,2024-09-12 09:19:12,2024-11-16 09:19:12,2024-11-16 09:19:12,7,65
SES-000598,BAT-000598,ZONE-017,2024-09-21 17:16:48,2024-11-14 17:16:48,2024-11-14 17:16:48,3,54
SES-000599,BAT-000599,ZONE-020,2024-09-24 17:24:36,2024-11-07 17:24:36,2024-11-07 17:24:36,4,44
SES-000600,BAT-000600,ZONE-021,2024-08-22 16:00:00,2024-09-30 16:00:00,2024-10-01 16:00:00,3,39
SES-000601,BAT-000601,ZONE-011,2024-06-20 17:02:24,2024-06-25 17:02:24,2024-06-24 17:02:24,3,5
SES-000602,BAT-000602,ZONE-019,2024-10-24 13:31:48,2024-12-15 13:31:48,2024-12-15 13:31:48,6,52
SES-000603,BAT-000603,ZONE-011,2024-09-16 13:08:24,2025-02-09 13:08:24,2025-02-09 13:08:24,3,146
SES-000604,BAT-000604,ZONE-014,2024-10-15 13:07:48,2025-02-16 13:07:48,2025-02-16 13:07:48,5,124
SES-000605,BAT-000605,ZONE-001,2024-10-21 17:05:24,2025-03-08 17:05:24,2025-03-08 17:05:24,3,138
SES-000606,BAT-000606,ZONE-004,2024-09-16 12:00:36,2024-11-29 12:00:36,2024-11-30 12:00:36,7,74
SES-000607,BAT-000607,ZONE-004,2024-09-25 17:46:12,2025-01-02 17:46:12,2025-01-02 17:46:12,1,99
SES-000608,BAT-000608,ZONE-013,2024-08-04 18:10:12,2024-08-08 18:10:12,2024-08-07 18:10:12,4,4
SES-000609,BAT-000609,ZONE-001,2024-06-25 14:08:24,2024-07-07 14:08:24,2024-07-08 02:08:24,2,12
SES-000610,BAT-000610,ZONE-001,2024-08-29 17:46:12,2024-11-19 17:46:12,2024-11-20 05:46:12,7,82
SES-000611,BAT-000611,ZONE-008,2024-07-01 18:27:00,2024-07-14 18:27:00,2024-07-14 18:27:00,8,13
SES-000612,BAT-000612,ZONE-013,2024-10-01 12:23:24,2025-01-12 12:23:24,2025-01-13 12:23:24,8,103
SES-000613,BAT-000613,ZONE-022,2024-08-27 17:16:12,2025-01-12 17:16:12,2025-01-12 17:16:12,8,138
SES-000614,BAT-000614,ZONE-011,2024-06-12 18:58:12,2024-06-17 18:58:12,2024-06-17 18:58:12,5,5
SES-000615,BAT-000615,ZONE-024,2024-10-04 18:59:24,2024-12-17 18:59:24,2024-12-17 18:59:24,2,74
SES-000616,BAT-000616,ZONE-017,2024-09-21 15:30:36,2024-10-08 15:30:36,2024-10-08 15:30:36,1,17
SES-000617,BAT-000617,ZONE-004,2024-09-03 16:42:36,2024-11-24 16:42:36,2024-11-23 16:42:36,6,82
SES-000618,BAT-000618,ZONE-005,2024-10-03 10:51:36,2024-10-14 10:51:36,2024-10-14 22:51:36,3,11
SES-000619,BAT-000619,ZONE-004,2024-10-15 13:43:12,2025-01-10 13:43:12,2025-01-11 01:43:12,6,87
SES-000620,BAT-000620,ZONE-006,2024-09-28 11:18:00,2025-02-16 11:18:00,2025-02-16 11:18:00,6,141
SES-000621,BAT-000621,ZONE-006,2024-10-10 19:33:00,2025-01-27 19:33:00,2025-01-26 19:33:00,8,109
SES-000622,BAT-000622,ZONE-002,2024-09-02 18:23:24,2024-09-25 18:23:24,2024-09-25 18:23:24,8,23
SES-000623,BAT-000623,ZONE-001,2024-09-28 14:42:00,2025-01-06 14:42:00,2025-01-06 14:42:00,5,100
SES-000624,BAT-000624,ZONE-003,2024-08-25 14:52:12,2024-11-25 14:52:12,2024-11-24 14:52:12,2,92
SES-000625,BAT-000625,ZONE-011,2024-09-05 19:33:00,2024-09-20 19:33:00,2024-09-21 07:33:00,6,15
SES-000626,BAT-000626,ZONE-025,2024-08-01 18:04:12,2024-08-31 18:04:12,2024-08-31 18:04:12,3,30
SES-000627,BAT-000627,ZONE-014,2024-10-22 11:36:36,2025-01-07 11:36:36,2025-01-06 11:36:36,3,77
SES-000628,BAT-000628,ZONE-025,2024-10-09 13:00:00,2024-11-04 13:00:00,2024-11-04 13:00:00,3,26
SES-000629,BAT-000629,ZONE-006,2024-10-09 13:48:00,2025-02-13 13:48:00,2025-02-13 13:48:00,3,127
SES-000630,BAT-000630,ZONE-016,2024-09-02 15:55:12,2024-10-13 15:55:12,2024-10-14 03:55:12,3,41
SES-000631,BAT-000631,ZONE-001,2024-09-07 13:16:48,2025-02-11 13:16:48,2025-02-11 13:16:48,2,157
SES-000632,BAT-000632,ZONE-004,2024-09-20 13:06:00,2024-12-17 13:06:00,2024-12-18 13:06:00,3,88
SES-000633,BAT-000633,ZONE-025,2024-09-28 17:27:36,2024-11-10 17:27:36,2024-11-11 17:27:36,7,43
SES-000634,BAT-000634,ZONE-004,2024-10-01 17:40:48,2024-12-28 17:40:48,2024-12-28 17:40:48,7,88
SES-000635,BAT-000635,ZONE-011,2024-08-27 15:44:24,2025-01-10 15:44:24,2025-01-10 15:44:24,8,136
SES-000636,BAT-000636,ZONE-023,2024-09-04 16:56:24,2024-09-16 16:56:24,2024-09-17 16:56:24,8,12
SES-000637,BAT-000637,ZONE-014,2024-09-04 13:56:24,2024-11-02 13:56:24,2024-11-02 13:56:24,2,59
SES-000638,BAT-000638,ZONE-006,2024-08-10 14:15:00,2024-08-14 14:15:00,2024-08-14 14:15:00,8,4
SES-000639,BAT-000639,ZONE-009,2024-08-15 14:33:00,2024-08-24 14:33:00,2024-08-24 14:33:00,6,9
SES-000640,BAT-000640,ZONE-020,2024-09-05 14:36:36,2024-10-29 14:36:36,2024-10-29 14:36:36,4,54
SES-000641,BAT-000641,ZONE-006,2024-07-14 16:48:36,2024-07-19 16:48:36,2024-07-19 16:48:36,8,5
SES-000642,BAT-000642,ZONE-006,2024-10-17 14:58:48,2024-12-12 14:58:48,2024-12-12 14:58:48,1,56
SES-000643,BAT-000643,ZONE-017,2024-06-22 14:45:00,2024-06-27 14:45:00,2024-06-27 14:45:00,8,5
SES-000644,BAT-000644,ZONE-017,2024-08-30 13:32:24,2024-12-04 13:32:24,2024-12-05 01:32:24,8,96
SES-000645,BAT-000645,ZONE-012,2024-07-07 14:34:12,2024-07-23 14:34:12,2024-07-23 14:34:12,8,16
SES-000646,BAT-000646,ZONE-001,2024-09-27 11:49:12,2025-01-26 11:49:12,2025-01-26 11:49:12,7,121
SES-000647,BAT-000647,ZONE-017,2024-07-19 12:04:48,2024-07-23 12:04:48,2024-07-23 12:04:48,1,4
SES-000648,BAT-000648,ZONE-004,2024-07-13 11:55:48,2024-07-26 11:55:48,2024-07-26 11:55:48,2,13
SES-000649,BAT-000649,ZONE-001,2024-09-13 15:51:36,2025-02-02 15:51:36,2025-02-03 03:51:36,3,142
SES-000650,BAT-000650,ZONE-016,2024-08-13 16:04:48,2024-09-20 16:04:48,2024-09-19 16:04:48,7,38
SES-000651,BAT-000651,ZONE-014,2024-07-13 16:58:12,2024-07-16 16:58:12,2024-07-16 16:58:12,6,3
SES-000652,BAT-000652,ZONE-014,2024-08-01 21:09:00,2024-08-16 21:09:00,2024-08-15 21:09:00,8,15
SES-000653,BAT-000653,ZONE-008,2024-09-12 13:43:48,2025-01-22 13:43:48,2025-01-22 13:43:48,6,132
SES-000654,BAT-000654,ZONE-006,2024-08-20 13:57:36,2024-12-07 13:57:36,2024-12-08 01:57:36,7,109
SES-000655,BAT-000655,ZONE-004,2024-10-05 10:30:00,2025-01-26 10:30:00,2025-01-25 10:30:00,2,113
SES-000656,BAT-000656,ZONE-004,2024-08-27 17:06:36,2024-11-23 17:06:36,2024-11-24 05:06:36,8,88
SES-000657,BAT-000657,ZONE-022,2024-07-19 18:51:00,2024-08-01 18:51:00,2024-08-02 18:51:00,7,13
SES-000658,BAT-000658,ZONE-002,2024-07-16 17:51:36,2024-07-21 17:51:36,2024-07-22 05:51:36,5,5
SES-000659,BAT-000659,ZONE-015,2024-07-10 10:46:12,2024-07-24 10:46:12,2024-07-25 10:46:12,7,14
SES-000660,BAT-000660,ZONE-019,2024-10-01 16:54:36,2024-11-15 16:54:36,2024-11-16 16:54:36,2,45
SES-000661,BAT-000661,ZONE-023,2024-08-19 20:19:48,2024-08-31 20:19:48,2024-08-31 20:19:48,5,12
SES-000662,BAT-000662,ZONE-006,2024-09-17 16:25:48,2024-12-21 16:25:48,2024-12-21 16:25:48,5,95
SES-000663,BAT-000663,ZONE-017,2024-09-25 10:31:48,2024-11-29 10:31:48,2024-11-29 10:31:48,6,65
SES-000664,BAT-000664,ZONE-022,2024-09-21 15:18:00,2024-11-15 15:18:00,2024-11-16 03:18:00,8,55
SES-000665,BAT-000665,ZONE-025,2024-09-19 12:10:12,2024-10-17 12:10:12,2024-10-18 12:10:12,5,28
SES-000666,BAT-000666,ZONE-023,2024-07-01 10:49:48,2024-07-09 10:49:48,2024-07-09 22:49:48,4,8
SES-000667,BAT-000667,ZONE-008,2024-08-24 15:04:48,2024-09-23 15:04:48,2024-09-24 15:04:48,1,30
SES-000668,BAT-000668,ZONE-006,2024-07-06 12:40:48,2024-07-11 12:40:48,2024-07-11 12:40:48,8,5
SES-000669,BAT-000669,ZONE-017,2024-10-13 13:39:36,2024-11-08 13:39:36,2024-11-08 13:39:36,8,26
SES-000670,BAT-000670,ZONE-025,2024-09-18 16:29:24,2024-12-15 16:29:24,2024-12-14 16:29:24,4,88
SES-000671,BAT-000671,ZONE-019,2024-09-18 12:18:36,2024-10-03 12:18:36,2024-10-03 12:18:36,6,15
SES-000672,BAT-000672,ZONE-016,2024-10-06 12:55:12,2025-01-01 12:55:12,2025-01-02 12:55:12,2,87
SES-000673,BAT-000673,ZONE-024,2024-09-26 14:00:36,2024-11-04 14:00:36,2024-11-04 14:00:36,7,39
SES-000674,BAT-000674,ZONE-016,2024-08-04 15:33:36,2024-08-28 15:33:36,2024-08-28 15:33:36,4,24
SES-000675,BAT-000675,ZONE-017,2024-10-03 13:33:00,2024-10-30 13:33:00,2024-10-30 13:33:00,6,27
SES-000676,BAT-000676,ZONE-006,2024-09-17 15:54:00,2024-10-01 15:54:00,2024-10-01 15:54:00,2,14
SES-000677,BAT-000677,ZONE-011,2024-10-23 12:04:48,2025-01-29 12:04:48,2025-01-30 00:04:48,4,98
SES-000678,BAT-000678,ZONE-022,2024-09-01 13:51:00,2024-10-16 13:51:00,2024-10-16 13:51:00,6,45
SES-000679,BAT-000679,ZONE-017,2024-08-09 17:41:24,2024-08-25 17:41:24,2024-08-24 17:41:24,1,16
SES-000680,BAT-000680,ZONE-019,2024-09-18 15:30:00,2024-10-31 15:30:00,2024-11-01 03:30:00,4,43
SES-000681,BAT-000681,ZONE-025,2024-09-12 11:37:48,2024-11-01 11:37:48,2024-10-31 11:37:48,4,50
SES-000682,BAT-000682,ZONE-004,2024-09-30 12:46:48,2025-01-13 12:46:48,2025-01-14 12:46:48,4,105
SES-000683,BAT-000683,ZONE-024,2024-09-20 10:55:48,2024-11-01 10:55:48,2024-11-01 10:55:48,2,42
SES-000684,BAT-000684,ZONE-007,2024-08-02 14:02:24,2024-08-12 14:02:24,2024-08-13 14:02:24,1,10
SES-000685,BAT-000685,ZONE-004,2024-08-04 18:17:24,2024-08-25 18:17:24,2024-08-25 18:17:24,5,21
SES-000686,BAT-000686,ZONE-001,2024-10-21 18:12:36,2025-03-05 18:12:36,2025-03-06 18:12:36,8,135
SES-000687,BAT-000687,ZONE-012,2024-08-11 15:34:12,2024-08-26 15:34:12,2024-08-25 15:34:12,8,15
SES-000688,BAT-000688,ZONE-006,2024-10-06 19:16:12,2025-02-14 19:16:12,2025-02-13 19:16:12,3,131
SES-000689,BAT-000689,ZONE-024,2024-09-05 14:16:12,2024-10-14 14:16:12,2024-10-14 14:16:12,8,39
SES-000690,BAT-000690,ZONE-025,2024-09-05 14:39:36,2024-09-30 14:39:36,2024-10-01 14:39:36,8,25
SES-000691,BAT-000691,ZONE-017,2024-09-11 17:37:12,2025-01-05 17:37:12,2025-01-06 17:37:12,5,116
SES-000692,BAT-000692,ZONE-004,2024-10-08 13:51:00,2025-02-23 13:51:00,2025-02-23 13:51:00,3,138
SES-000693,BAT-000693,ZONE-006,2024-08-31 12:33:36,2024-12-12 12:33:36,2024-12-12 12:33:36,4,103
SES-000694,BAT-000694,ZONE-011,2024-09-07 14:27:00,2024-09-25 14:27:00,2024-09-26 14:27:00,8,18
SES-000695,BAT-000695,ZONE-020,2024-09-15 12:31:48,2024-10-18 12:31:48,2024-10-19 00:31:48,4,33
SES-000696,BAT-000696,ZONE-003,2024-09-27 13:55:48,2025-01-01 13:55:48,2025-01-01 13:55:48,4,96
SES-000697,BAT-000697,ZONE-008,2024-10-02 12:31:12,2024-10-19 12:31:12,2024-10-20 00:31:12,2,17
SES-000698,BAT-000698,ZONE-002,2024-09-30 18:04:48,2024-12-12 18:04:48,2024-12-12 18:04:48,7,73
SES-000699,BAT-000699,ZONE-004,2024-09-05 18:15:36,2024-09-23 18:15:36,2024-09-24 18:15:36,6,18
SES-000700,BAT-000700,ZONE-016,2024-08-22 09:00:36,2024-11-18 09:00:36,2024-11-18 09:00:36,3,88
SES-000701,BAT-000701,ZONE-002,2024-09-08 16:43:12,2024-11-30 16:43:12,2024-11-30 16:43:12,1,83
SES-000702,BAT-000702,ZONE-004,2024-08-25 13:24:00,2024-12-13 13:24:00,2024-12-13 13:24:00,7,110
SES-000703,BAT-000703,ZONE-006,2024-05-20 12:05:24,2024-05-27 12:05:24,2024-05-26 12:05:24,6,7
SES-000704,BAT-000704,ZONE-001,2024-08-26 13:42:00,2024-11-23 13:42:00,2024-11-23 13:42:00,7,89
SES-000705,BAT-000705,ZONE-019,2024-10-25 19:00:36,2025-01-04 19:00:36,2025-01-04 19:00:36,6,71
SES-000706,BAT-000706,ZONE-002,2024-10-01 17:00:00,2024-11-30 17:00:00,2024-11-29 17:00:00,8,60
SES-000707,BAT-000707,ZONE-023,2024-07-29 16:48:36,2024-08-08 16:48:36,2024-08-09 04:48:36,8,10
SES-000708,BAT-000708,ZONE-009,2024-10-15 12:58:12,2025-01-19 12:58:12,2025-01-18 12:58:12,2,96
SES-000709,BAT-000709,ZONE-021,2024-09-26 11:34:48,2024-11-04 11:34:48,2024-11-04 11:34:48,1,39
SES-000710,BAT-000710,ZONE-018,2024-09-23 16:38:24,2024-09-30 16:38:24,2024-10-01 16:38:24,3,7
SES-000711,BAT-000711,ZONE-002,2024-09-03 13:08:24,2024-12-08 13:08:24,2024-12-08 13:08:24,6,96
SES-000712,BAT-000712,ZONE-001,2024-10-06 15:14:24,2025-02-01 15:14:24,2025-01-31 15:14:24,6,118
SES-000713,BAT-000713,ZONE-012,2024-08-10 10:47:24,2024-08-21 10:47:24,2024-08-21 10:47:24,3,11
SES-000714,BAT-000714,ZONE-009,2024-09-19 12:15:36,2024-12-11 12:15:36,2024-12-12 00:15:36,5,83
SES-000715,BAT-000715,ZONE-017,2024-09-17 14:03:00,2024-12-07 14:03:00,2024-12-07 14:03:00,1,81
SES-000716,BAT-000716,ZONE-022,2024-09-13 09:42:36,2024-10-11 09:42:36,2024-10-11 21:42:36,7,28
SES-000717,BAT-000717,ZONE-014,2024-10-07 17:26:24,2024-10-28 17:26:24,2024-10-28 17:26:24,6,21
SES-000718,BAT-000718,ZONE-022,2024-09-24 12:39:36,2024-10-12 12:39:36,2024-10-11 12:39:36,3,18
SES-000719,BAT-000719,ZONE-008,2024-10-14 12:36:00,2024-12-01 12:36:00,2024-11-30 12:36:00,8,48
SES-000720,BAT-000720,ZONE-003,2024-09-23 17:38:24,2024-10-12 17:38:24,2024-10-13 17:38:24,4,19
SES-000721,BAT-000721,ZONE-008,2024-09-03 16:54:00,2024-09-27 16:54:00,2024-09-27 16:54:00,4,24
SES-000722,BAT-000722,ZONE-004,2024-09-22 20:03:00,2025-01-03 20:03:00,2025-01-02 20:03:00,7,103
SES-000723,BAT-000723,ZONE-011,2024-09-22 15:49:12,2024-10-24 15:49:12,2024-10-24 15:49:12,1,32
SES-000724,BAT-000724,ZONE-010,2024-09-18 15:27:00,2024-10-10 15:27:00,2024-10-10 15:27:00,7,22
SES-000725,BAT-000725,ZONE-025,2024-09-07 19:10:12,2024-10-10 19:10:12,2024-10-11 07:10:12,7,33
SES-000726,BAT-000726,ZONE-011,2024-09-23 12:01:12,2024-10-22 12:01:12,2024-10-23 00:01:12,3,29
SES-000727,BAT-000727,ZONE-010,2024-08-27 14:00:36,2024-12-08 14:00:36,2024-12-08 14:00:36,4,103
SES-000728,BAT-000728,ZONE-014,2024-07-17 13:42:00,2024-07-27 13:42:00,2024-07-28 01:42:00,6,10
SES-000729,BAT-000729,ZONE-016,2024-10-22 14:17:24,2024-12-19 14:17:24,2024-12-19 14:17:24,2,58
SES-000730,BAT-000730,ZONE-014,2024-08-27 15:40:12,2025-01-05 15:40:12,2025-01-06 15:40:12,2,131
SES-000731,BAT-000731,ZONE-024,2024-05-29 16:51:00,2024-06-02 16:51:00,2024-06-03 16:51:00,5,4
SES-000732,BAT-000732,ZONE-017,2024-08-30 14:09:36,2024-11-26 14:09:36,2024-11-26 14:09:36,1,88
SES-000733,BAT-000733,ZONE-022,2024-10-14 15:19:12,2024-12-15 15:19:12,2024-12-16 15:19:12,4,62
SES-000734,BAT-000734,ZONE-004,2024-09-26 13:19:12,2024-12-15 13:19:12,2024-12-15 13:19:12,5,80
SES-000735,BAT-000735,ZONE-006,2024-09-18 15:12:00,2024-12-24 15:12:00,2024-12-25 03:12:00,6,97
SES-000736,BAT-000736,ZONE-007,2024-07-04 15:16:48,2024-07-16 15:16:48,2024-07-16 15:16:48,6,12
SES-000737,BAT-000737,ZONE-016,2024-08-28 10:07:48,2024-11-27 10:07:48,2024-11-26 10:07:48,3,91
SES-000738,BAT-000738,ZONE-022,2024-09-27 15:22:48,2024-10-16 15:22:48,2024-10-17 03:22:48,7,19
SES-000739,BAT-000739,ZONE-024,2024-09-11 13:28:12,2024-11-12 13:28:12,2024-11-11 13:28:12,1,62
SES-000740,BAT-000740,ZONE-006,2024-07-26 17:28:48,2024-07-31 17:28:48,2024-07-31 17:28:48,8,5
SES-000741,BAT-000741,ZONE-011,2024-05-30 11:07:12,2024-06-03 11:07:12,2024-06-03 11:07:12,6,4
SES-000742,BAT-000742,ZONE-004,2024-08-27 15:41:24,2024-11-06 15:41:24,2024-11-07 03:41:24,2,71
SES-000743,BAT-000743,ZONE-022,2024-07-30 12:26:24,2024-08-13 12:26:24,2024-08-13 12:26:24,6,14
SES-000744,BAT-000744,ZONE-011,2024-08-30 12:23:24,2024-09-16 12:23:24,2024-09-17 12:23:24,5,17
SES-000745,BAT-000745,ZONE-004,2024-08-26 20:15:36,2024-11-04 20:15:36,2024-11-05 08:15:36,7,70
SES-000746,BAT-000746,ZONE-021,2024-09-07 17:06:36,2024-09-29 17:06:36,2024-09-30 17:06:36,2,22
SES-000747,BAT-000747,ZONE-020,2024-08-03 19:20:24,2024-08-31 19:20:24,2024-08-31 19:20:24,1,28
SES-000748,BAT-000748,ZONE-004,2024-08-23 17:26:24,2024-11-25 17:26:24,2024-11-25 17:26:24,4,94
SES-000749,BAT-000749,ZONE-025,2024-10-02 14:32:24,2024-11-30 14:32:24,2024-12-01 14:32:24,8,59
SES-000750,BAT-000750,ZONE-013,2024-07-27 15:31:48,2024-08-22 15:31:48,2024-08-22 15:31:48,3,26
SES-000751,BAT-000751,ZONE-006,2024-10-14 14:12:36,2024-12-27 14:12:36,2024-12-27 14:12:36,1,74
SES-000752,BAT-000752,ZONE-023,2024-07-27 18:15:36,2024-08-05 18:15:36,2024-08-04 18:15:36,8,9
SES-000753,BAT-000753,ZONE-003,2024-09-23 10:46:48,2024-12-04 10:46:48,2024-12-04 10:46:48,7,72
SES-000754,BAT-000754,ZONE-020,2024-10-21 09:59:24,2024-12-18 09:59:24,2024-12-19 09:59:24,4,58
SES-000755,BAT-000755,ZONE-006,2024-09-27 20:21:00,2025-01-28 20:21:00,2025-01-29 20:21:00,7,123
SES-000756,BAT-000756,ZONE-008,2024-09-24 13:16:48,2024-10-23 13:16:48,2024-10-24 13:16:48,7,29
SES-000757,BAT-000757,ZONE-024,2024-10-18 13:05:24,2024-11-25 13:05:24,2024-11-26 01:05:24,7,38
SES-000758,BAT-000758,ZONE-001,2024-10-03 15:14:24,2024-10-30 15:14:24,2024-10-30 15:14:24,6,27
SES-000759,BAT-000759,ZONE-016,2024-08-27 16:38:24,2025-01-27 16:38:24,2025-01-28 16:38:24,7,153
SES-000760,BAT-000760,ZONE-023,2024-09-10 11:42:00,2024-09-19 11:42:00,2024-09-19 11:42:00,5,9
SES-000761,BAT-000761,ZONE-001,2024-09-21 19:51:36,2024-11-24 19:51:36,2024-11-24 19:51:36,7,64
SES-000762,BAT-000762,ZONE-022,2024-09-20 16:31:48,2024-10-18 16:31:48,2024-10-19 16:31:48,1,28
SES-000763,BAT-000763,ZONE-002,2024-10-10 16:28:48,2025-01-28 16:28:48,2025-01-29 16:28:48,7,110
SES-000764,BAT-000764,ZONE-006,2024-10-05 14:18:00,2024-12-27 14:18:00,2024-12-28 14:18:00,1,83
SES-000765,BAT-000765,ZONE-014,2024-09-23 16:06:00,2024-11-30 16:06:00,2024-11-30 16:06:00,2,68
SES-000766,BAT-000766,ZONE-020,2024-08-07 15:09:36,2024-08-30 15:09:36,2024-08-30 15:09:36,3,23
SES-000767,BAT-000767,ZONE-012,2024-10-10 12:39:36,2024-10-21 12:39:36,2024-10-22 12:39:36,3,11
SES-000768,BAT-000768,ZONE-010,2024-10-02 12:49:48,2024-10-31 12:49:48,2024-11-01 00:49:48,2,29
SES-000769,BAT-000769,ZONE-004,2024-08-21 19:38:24,2025-01-31 19:38:24,2025-02-01 19:38:24,2,163
SES-000770,BAT-000770,ZONE-019,2024-10-07 17:50:24,2025-02-26 17:50:24,2025-02-25 17:50:24,8,142
SES-000771,BAT-000771,ZONE-006,2024-08-20 14:12:00,2024-10-29 14:12:00,2024-10-30 14:12:00,2,70
SES-000772,BAT-000772,ZONE-013,2024-10-10 15:18:36,2025-02-14 15:18:36,2025-02-14 15:18:36,4,127
SES-000773,BAT-000773,ZONE-006,2024-09-22 15:48:36,2025-02-27 15:48:36,2025-02-27 15:48:36,7,158
SES-000774,BAT-000774,ZONE-018,2024-07-08 16:03:36,2024-07-27 16:03:36,2024-07-28 04:03:36,3,19
SES-000775,BAT-000775,ZONE-006,2024-09-23 11:41:24,2024-12-17 11:41:24,2024-12-17 11:41:24,7,85
SES-000776,BAT-000776,ZONE-004,2024-09-28 12:31:48,2025-01-16 12:31:48,2025-01-17 12:31:48,5,110
SES-000777,BAT-000777,ZONE-006,2024-08-30 09:48:00,2025-01-16 09:48:00,2025-01-16 09:48:00,6,139
SES-000778,BAT-000778,ZONE-011,2024-08-11 18:28:48,2024-08-29 18:28:48,2024-08-29 18:28:48,7,18
SES-000779,BAT-000779,ZONE-014,2024-10-10 15:11:24,2024-11-01 15:11:24,2024-11-02 03:11:24,6,22
SES-000780,BAT-000780,ZONE-012,2024-10-06 19:32:24,2024-10-25 19:32:24,2024-10-25 19:32:24,6,19
SES-000781,BAT-000781,ZONE-010,2024-08-25 16:48:00,2024-12-07 16:48:00,2024-12-08 16:48:00,4,104
SES-000782,BAT-000782,ZONE-022,2024-09-13 18:21:00,2024-12-09 18:21:00,2024-12-08 18:21:00,5,87
SES-000783,BAT-000783,ZONE-004,2024-10-13 12:59:24,2025-02-11 12:59:24,2025-02-11 12:59:24,2,121
SES-000784,BAT-000784,ZONE-002,2024-09-06 15:40:12,2024-12-27 15:40:12,2024-12-27 15:40:12,1,112
SES-000785,BAT-000785,ZONE-022,2024-10-24 15:44:24,2024-12-10 15:44:24,2024-12-10 15:44:24,6,47
SES-000786,BAT-000786,ZONE-011,2024-09-15 16:14:24,2024-10-05 16:14:24,2024-10-06 16:14:24,1,20
SES-000787,BAT-000787,ZONE-011,2024-09-22 19:16:48,2024-10-12 19:16:48,2024-10-11 19:16:48,5,20
SES-000788,BAT-000788,ZONE-002,2024-09-19 10:18:00,2025-01-27 10:18:00,2025-01-27 10:18:00,5,130
SES-000789,BAT-000789,ZONE-003,2024-09-18 17:51:36,2024-12-13 17:51:36,2024-12-12 17:51:36,2,86
SES-000790,BAT-000790,ZONE-001,2024-09-22 16:16:12,2025-02-01 16:16:12,2025-02-01 16:16:12,2,132
SES-000791,BAT-000791,ZONE-014,2024-05-26 15:41:24,2024-05-31 15:41:24,2024-06-01 15:41:24,6,5
SES-000792,BAT-000792,ZONE-011,2024-10-09 15:04:48,2025-02-08 15:04:48,2025-02-08 15:04:48,1,122
SES-000793,BAT-000793,ZONE-017,2024-05-31 14:02:24,2024-06-09 14:02:24,2024-06-09 14:02:24,2,9
SES-000794,BAT-000794,ZONE-008,2024-09-30 16:01:48,2024-10-24 16:01:48,2024-10-24 16:01:48,6,24
SES-000795,BAT-000795,ZONE-017,2024-08-24 16:13:12,2025-01-29 16:13:12,2025-01-28 16:13:12,6,158
SES-000796,BAT-000796,ZONE-004,2024-10-06 14:49:12,2024-12-13 14:49:12,2024-12-13 14:49:12,4,68
SES-000797,BAT-000797,ZONE-005,2024-07-21 13:34:12,2024-07-30 13:34:12,2024-07-29 13:34:12,8,9
SES-000798,BAT-000798,ZONE-006,2024-10-14 14:34:48,2025-02-18 14:34:48,2025-02-18 14:34:48,3,127
SES-000799,BAT-000799,ZONE-021,2024-09-06 09:52:48,2024-11-29 09:52:48,2024-11-30 09:52:48,2,84
SES-000800,BAT-000800,ZONE-018,2024-08-01 15:00:00,2024-08-13 15:00:00,2024-08-13 15:00:00,3,12
SES-000801,BAT-000801,ZONE-006,2024-08-23 12:16:48,2024-09-22 12:16:48,2024-09-22 12:16:48,8,30
SES-000802,BAT-000802,ZONE-006,2024-09-13 17:19:48,2024-11-30 17:19:48,2024-11-29 17:19:48,8,78
SES-000803,BAT-000803,ZONE-001,2024-06-15 09:06:00,2024-06-18 09:06:00,2024-06-17 09:06:00,8,3
SES-000804,BAT-000804,ZONE-009,2024-09-22 13:13:48,2024-10-06 13:13:48,2024-10-06 13:13:48,1,14
SES-000805,BAT-000805,ZONE-004,2024-08-26 13:24:00,2024-11-28 13:24:00,2024-11-28 13:24:00,3,94
SES-000806,BAT-000806,ZONE-004,2024-09-17 11:29:24,2024-11-30 11:29:24,2024-11-30 23:29:24,5,74
SES-000807,BAT-000807,ZONE-018,2024-09-22 17:19:12,2024-09-29 17:19:12,2024-09-29 17:19:12,4,7
SES-000808,BAT-000808,ZONE-016,2024-10-07 16:43:48,2024-11-28 16:43:48,2024-11-29 16:43:48,6,52
SES-000809,BAT-000809,ZONE-024,2024-08-25 12:05:24,2025-01-01 12:05:24,2025-01-01 12:05:24,6,129
SES-000810,BAT-000810,ZONE-021,2024-10-13 15:08:24,2024-12-04 15:08:24,2024-12-04 15:08:24,5,52
SES-000811,BAT-000811,ZONE-015,2024-09-01 13:28:48,2024-09-14 13:28:48,2024-09-15 13:28:48,2,13
SES-000812,BAT-000812,ZONE-017,2024-09-23 13:12:36,2025-01-14 13:12:36,2025-01-15 13:12:36,4,113
SES-000813,BAT-000813,ZONE-004,2024-09-13 09:03:00,2024-12-23 09:03:00,2024-12-23 21:03:00,3,101
SES-000814,BAT-000814,ZONE-006,2024-08-28 13:16:12,2025-02-18 13:16:12,2025-02-18 13:16:12,8,174
SES-000815,BAT-000815,ZONE-020,2024-08-25 17:40:12,2024-11-12 17:40:12,2024-11-12 17:40:12,4,79
SES-000816,BAT-000816,ZONE-017,2024-09-03 17:07:48,2024-10-05 17:07:48,2024-10-06 17:07:48,6,32
SES-000817,BAT-000817,ZONE-015,2024-08-30 21:03:00,2024-09-07 21:03:00,2024-09-07 21:03:00,3,8
SES-000818,BAT-000818,ZONE-024,2024-10-18 20:28:48,2025-01-04 20:28:48,2025-01-05 08:28:48,6,78
SES-000819,BAT-000819,ZONE-017,2024-10-06 14:48:36,2024-10-27 14:48:36,2024-10-28 02:48:36,6,21
SES-000820,BAT-000820,ZONE-004,2024-09-12 16:48:36,2025-01-02 16:48:36,2025-01-02 16:48:36,2,112
SES-000821,BAT-000821,ZONE-001,2024-10-12 12:07:48,2025-01-07 12:07:48,2025-01-08 12:07:48,2,87
SES-000822,BAT-000822,ZONE-004,2024-08-14 17:06:36,2024-08-17 17:06:36,2024-08-16 17:06:36,5,3
SES-000823,BAT-000823,ZONE-017,2024-09-09 10:30:00,2024-11-15 10:30:00,2024-11-15 22:30:00,2,67
SES-000824,BAT-000824,ZONE-001,2024-09-15 17:10:12,2024-10-13 17:10:12,2024-10-14 05:10:12,7,28
SES-000825,BAT-000825,ZONE-022,2024-10-12 11:26:24,2024-12-13 11:26:24,2024-12-13 11:26:24,3,62
SES-000826,BAT-000826,ZONE-001,2024-10-20 13:02:24,2025-01-12 13:02:24,2025-01-12 13:02:24,7,84
SES-000827,BAT-000827,ZONE-006,2024-10-06 17:15:00,2024-12-02 17:15:00,2024-12-02 17:15:00,8,57
SES-000828,BAT-000828,ZONE-008,2024-10-23 15:53:24,2024-12-28 15:53:24,2024-12-28 15:53:24,1,66
SES-000829,BAT-000829,ZONE-006,2024-08-03 16:28:12,2024-08-09 16:28:12,2024-08-09 16:28:12,4,6
SES-000830,BAT-000830,ZONE-004,2024-10-11 18:19:12,2024-12-17 18:19:12,2024-12-18 06:19:12,8,67
SES-000831,BAT-000831,ZONE-003,2024-07-05 13:12:36,2024-07-08 13:12:36,2024-07-09 13:12:36,5,3
SES-000832,BAT-000832,ZONE-014,2024-07-24 11:44:24,2024-08-03 11:44:24,2024-08-03 11:44:24,3,10
SES-000833,BAT-000833,ZONE-002,2024-06-22 09:53:24,2024-06-26 09:53:24,2024-06-26 09:53:24,2,4
SES-000834,BAT-000834,ZONE-017,2024-08-06 14:16:12,2024-08-27 14:16:12,2024-08-27 14:16:12,3,21
SES-000835,BAT-000835,ZONE-006,2024-10-03 14:02:24,2024-12-30 14:02:24,2024-12-31 14:02:24,2,88
SES-000836,BAT-000836,ZONE-004,2024-08-18 17:52:12,2024-09-13 17:52:12,2024-09-14 05:52:12,5,26
SES-000837,BAT-000837,ZONE-006,2024-08-25 17:30:00,2024-12-25 17:30:00,2024-12-24 17:30:00,7,122
SES-000838,BAT-000838,ZONE-022,2024-09-08 12:25:48,2024-11-18 12:25:48,2024-11-17 12:25:48,2,71
SES-000839,BAT-000839,ZONE-013,2024-10-15 09:58:12,2024-12-11 09:58:12,2024-12-11 09:58:12,7,57
SES-000840,BAT-000840,ZONE-002,2024-09-16 18:38:24,2025-02-06 18:38:24,2025-02-07 18:38:24,2,143
SES-000841,BAT-000841,ZONE-014,2024-09-18 16:17:24,2025-01-23 16:17:24,2025-01-22 16:17:24,1,127
SES-000842,BAT-000842,ZONE-006,2024-07-28 12:34:48,2024-07-31 12:34:48,2024-08-01 12:34:48,8,3
SES-000843,BAT-000843,ZONE-004,2024-09-06 13:46:48,2024-09-15 13:46:48,2024-09-14 13:46:48,8,9
SES-000844,BAT-000844,ZONE-006,2024-09-30 12:05:24,2024-12-23 12:05:24,2024-12-22 12:05:24,7,84
SES-000845,BAT-000845,ZONE-004,2024-10-03 11:48:00,2025-02-05 11:48:00,2025-02-06 11:48:00,4,125
SES-000846,BAT-000846,ZONE-006,2024-05-28 12:32:24,2024-05-31 12:32:24,2024-06-01 12:32:24,5,3
SES-000847,BAT-000847,ZONE-010,2024-07-27 13:27:00,2024-08-01 13:27:00,2024-08-02 13:27:00,8,5
SES-000848,BAT-000848,ZONE-017,2024-09-18 09:39:36,2024-10-31 09:39:36,2024-10-30 09:39:36,2,43
SES-000849,BAT-000849,ZONE-022,2024-10-17 09:31:12,2024-12-07 09:31:12,2024-12-07 09:31:12,2,51
SES-000850,BAT-000850,ZONE-003,2024-09-23 10:33:00,2025-01-11 10:33:00,2025-01-10 10:33:00,6,110
SES-000851,BAT-000851,ZONE-014,2024-09-06 13:12:36,2024-10-11 13:12:36,2024-10-11 13:12:36,8,35
SES-000852,BAT-000852,ZONE-015,2024-08-09 13:34:12,2024-08-24 13:34:12,2024-08-24 13:34:12,4,15
SES-000853,BAT-000853,ZONE-016,2024-07-07 09:55:48,2024-07-21 09:55:48,2024-07-21 09:55:48,2,14
SES-000854,BAT-000854,ZONE-020,2024-09-22 13:33:36,2024-11-27 13:33:36,2024-11-27 13:33:36,7,66
SES-000855,BAT-000855,ZONE-025,2024-09-03 17:07:12,2024-10-15 17:07:12,2024-10-16 05:07:12,8,42
SES-000856,BAT-000856,ZONE-006,2024-08-06 17:46:48,2024-08-22 17:46:48,2024-08-22 17:46:48,5,16
SES-000857,BAT-000857,ZONE-008,2024-09-11 10:57:00,2024-10-06 10:57:00,2024-10-07 10:57:00,8,25
SES-000858,BAT-000858,ZONE-025,2024-10-03 15:22:12,2024-11-21 15:22:12,2024-11-22 15:22:12,7,49
SES-000859,BAT-000859,ZONE-002,2024-09-11 15:13:12,2024-11-16 15:13:12,2024-11-15 15:13:12,6,66
SES-000860,BAT-000860,ZONE-009,2024-08-18 20:05:24,2024-09-27 20:05:24,2024-09-27 20:05:24,7,40
SES-000861,BAT-000861,ZONE-020,2024-09-03 13:26:24,2024-10-17 13:26:24,2024-10-17 13:26:24,5,44
SES-000862,BAT-000862,ZONE-001,2024-09-20 13:11:24,2024-12-05 13:11:24,2024-12-06 13:11:24,7,76
SES-000863,BAT-000863,ZONE-009,2024-09-01 16:58:48,2024-12-28 16:58:48,2024-12-29 16:58:48,8,118
SES-000864,BAT-000864,ZONE-011,2024-08-31 15:06:36,2024-09-09 15:06:36,2024-09-09 15:06:36,5,9
SES-000865,BAT-000865,ZONE-021,2024-10-21 18:12:36,2024-12-12 18:12:36,2024-12-13 06:12:36,2,52
SES-000866,BAT-000866,ZONE-006,2024-09-25 20:19:12,2025-02-06 20:19:12,2025-02-06 20:19:12,2,134
SES-000867,BAT-000867,ZONE-004,2024-08-22 18:29:24,2025-01-05 18:29:24,2025-01-05 18:29:24,3,136
SES-000868,BAT-000868,ZONE-006,2024-09-20 20:40:12,2025-01-27 20:40:12,2025-01-28 20:40:12,7,129
SES-000869,BAT-000869,ZONE-014,2024-08-12 19:10:48,2024-09-01 19:10:48,2024-09-01 19:10:48,6,20
SES-000870,BAT-000870,ZONE-003,2024-10-08 16:40:12,2025-01-08 16:40:12,2025-01-09 16:40:12,5,92
SES-000871,BAT-000871,ZONE-025,2024-10-17 15:46:12,2024-12-10 15:46:12,2024-12-09 15:46:12,7,54
SES-000872,BAT-000872,ZONE-016,2024-08-01 15:34:48,2024-08-11 15:34:48,2024-08-12 03:34:48,1,10
SES-000873,BAT-000873,ZONE-022,2024-09-23 14:23:24,2024-10-17 14:23:24,2024-10-17 14:23:24,1,24
SES-000874,BAT-000874,ZONE-005,2024-08-06 10:56:24,2024-08-11 10:56:24,2024-08-11 22:56:24,4,5
SES-000875,BAT-000875,ZONE-001,2024-08-19 11:37:12,2024-08-23 11:37:12,2024-08-23 11:37:12,5,4
SES-000876,BAT-000876,ZONE-011,2024-08-03 15:19:48,2024-08-23 15:19:48,2024-08-23 15:19:48,6,20
SES-000877,BAT-000877,ZONE-004,2024-09-21 13:13:12,2024-11-19 13:13:12,2024-11-19 13:13:12,6,59
SES-000878,BAT-000878,ZONE-004,2024-10-25 12:15:00,2025-01-17 12:15:00,2025-01-18 00:15:00,8,84
SES-000879,BAT-000879,ZONE-023,2024-10-08 10:08:24,2024-10-23 10:08:24,2024-10-23 10:08:24,6,15
SES-000880,BAT-000880,ZONE-004,2024-08-26 18:37:12,2024-10-25 18:37:12,2024-10-25 18:37:12,5,60
SES-000881,BAT-000881,ZONE-011,2024-09-07 15:18:36,2024-10-07 15:18:36,2024-10-07 15:18:36,4,30
SES-000882,BAT-000882,ZONE-017,2024-09-10 17:48:00,2024-09-27 17:48:00,2024-09-27 17:48:00,5,17
SES-000883,BAT-000883,ZONE-021,2024-10-05 14:22:48,2025-01-19 14:22:48,2025-01-20 02:22:48,4,106
SES-000884,BAT-000884,ZONE-017,2024-09-09 12:46:12,2024-10-08 12:46:12,2024-10-08 12:46:12,4,29
SES-000885,BAT-000885,ZONE-017,2024-10-01 18:22:48,2024-11-09 18:22:48,2024-11-09 18:22:48,7,39
SES-000886,BAT-000886,ZONE-017,2024-06-30 12:49:48,2024-07-15 12:49:48,2024-07-15 12:49:48,7,15
SES-000887,BAT-000887,ZONE-012,2024-09-16 16:56:24,2024-09-24 16:56:24,2024-09-25 04:56:24,2,8
SES-000888,BAT-000888,ZONE-004,2024-09-08 16:23:24,2024-11-18 16:23:24,2024-11-17 16:23:24,8,71
SES-000889,BAT-000889,ZONE-003,2024-09-01 14:01:12,2024-09-29 14:01:12,2024-09-29 14:01:12,6,28
SES-000890,BAT-000890,ZONE-014,2024-09-20 12:37:48,2024-12-02 12:37:48,2024-12-02 12:37:48,3,73
SES-000891,BAT-000891,ZONE-002,2024-08-03 16:07:48,2024-08-24 16:07:48,2024-08-24 16:07:48,2,21
SES-000892,BAT-000892,ZONE-006,2024-08-29 18:36:36,2024-12-17 18:36:36,2024-12-16 18:36:36,6,110
SES-000893,BAT-000893,ZONE-006,2024-10-01 19:19:48,2025-03-07 19:19:48,2025-03-07 19:19:48,2,157
SES-000894,BAT-000894,ZONE-011,2024-09-16 15:20:24,2024-10-20 15:20:24,2024-10-20 15:20:24,3,34
SES-000895,BAT-000895,ZONE-002,2024-10-13 14:23:24,2024-12-13 14:23:24,2024-12-13 14:23:24,1,61
SES-000896,BAT-000896,ZONE-004,2024-08-31 16:01:48,2024-09-25 16:01:48,2024-09-26 16:01:48,5,25
SES-000897,BAT-000897,ZONE-002,2024-08-07 18:42:00,2024-08-24 18:42:00,2024-08-24 18:42:00,5,17
SES-000898,BAT-000898,ZONE-004,2024-09-01 11:18:00,2024-11-17 11:18:00,2024-11-17 11:18:00,8,77
SES-000899,BAT-000899,ZONE-023,2024-07-26 19:51:36,2024-08-07 19:51:36,2024-08-06 19:51:36,6,12
SES-000900,BAT-000900,ZONE-020,2024-10-16 17:44:24,2025-01-01 17:44:24,2025-01-02 17:44:24,6,77
SES-000901,BAT-000901,ZONE-006,2025-10-14 15:38:24,2025-12-31 15:38:24,2026-01-01 03:38:24,2,78
SES-000902,BAT-000902,ZONE-011,2025-07-27 16:06:00,2025-08-04 16:06:00,2025-08-03 16:06:00,6,8
SES-000903,BAT-000903,ZONE-004,2025-09-19 13:51:00,2026-02-07 13:51:00,2026-02-08 13:51:00,1,141
SES-000904,BAT-000904,ZONE-017,2025-09-13 20:40:12,2025-10-23 20:40:12,2025-10-22 20:40:12,6,40
SES-000905,BAT-000905,ZONE-024,2025-09-10 17:07:12,2025-11-09 17:07:12,2025-11-08 17:07:12,2,60
SES-000906,BAT-000906,ZONE-018,2025-07-23 18:09:36,2025-08-02 18:09:36,2025-08-03 06:09:36,4,10
SES-000907,BAT-000907,ZONE-001,2025-06-17 09:47:24,2025-06-21 09:47:24,2025-06-22 09:47:24,1,4
SES-000908,BAT-000908,ZONE-006,2025-10-02 19:57:36,2026-01-09 19:57:36,2026-01-10 07:57:36,5,99
SES-000909,BAT-000909,ZONE-006,2025-10-13 17:57:36,2026-02-13 17:57:36,2026-02-13 17:57:36,8,123
SES-000910,BAT-000910,ZONE-010,2025-10-21 16:13:48,2025-11-30 16:13:48,2025-12-01 04:13:48,7,40
SES-000911,BAT-000911,ZONE-010,2025-09-21 11:27:36,2025-11-23 11:27:36,2025-11-22 11:27:36,5,63
SES-000912,BAT-000912,ZONE-011,2025-10-12 15:26:24,2026-03-16 15:26:24,2026-03-16 15:26:24,3,155
SES-000913,BAT-000913,ZONE-017,2025-06-23 14:11:24,2025-07-10 14:11:24,2025-07-10 14:11:24,6,17
SES-000914,BAT-000914,ZONE-004,2025-09-18 17:14:24,2025-10-12 17:14:24,2025-10-11 17:14:24,8,24
SES-000915,BAT-000915,ZONE-002,2025-08-23 12:45:00,2025-08-27 12:45:00,2025-08-26 12:45:00,7,4
SES-000916,BAT-000916,ZONE-012,2025-08-20 13:27:00,2025-09-02 13:27:00,2025-09-03 01:27:00,5,13
SES-000917,BAT-000917,ZONE-017,2025-09-07 11:18:00,2025-09-22 11:18:00,2025-09-22 11:18:00,4,15
SES-000918,BAT-000918,ZONE-006,2025-10-09 10:52:48,2026-02-14 10:52:48,2026-02-13 10:52:48,5,128
SES-000919,BAT-000919,ZONE-017,2025-10-23 15:09:00,2026-03-01 15:09:00,2026-03-01 15:09:00,8,129
SES-000920,BAT-000920,ZONE-004,2025-06-28 11:59:24,2025-07-02 11:59:24,2025-07-02 11:59:24,8,4
SES-000921,BAT-000921,ZONE-004,2025-10-13 15:16:48,2026-02-27 15:16:48,2026-02-28 15:16:48,5,137
SES-000922,BAT-000922,ZONE-020,2025-10-22 14:24:36,2025-11-22 14:24:36,2025-11-23 02:24:36,5,31
SES-000923,BAT-000923,ZONE-006,2025-10-21 10:43:48,2026-03-31 10:43:48,2026-03-31 22:43:48,5,161
SES-000924,BAT-000924,ZONE-004,2025-09-20 12:01:48,2026-01-21 12:01:48,2026-01-21 12:01:48,2,123
SES-000925,BAT-000925,ZONE-006,2025-10-01 11:25:48,2026-03-05 11:25:48,2026-03-05 11:25:48,2,155
SES-000926,BAT-000926,ZONE-004,2025-10-01 10:32:24,2026-02-24 10:32:24,2026-02-24 10:32:24,3,146
SES-000927,BAT-000927,ZONE-014,2025-08-24 16:27:00,2025-11-23 16:27:00,2025-11-24 16:27:00,2,91
SES-000928,BAT-000928,ZONE-021,2025-10-15 10:14:24,2025-12-15 10:14:24,2025-12-14 10:14:24,6,61
SES-000929,BAT-000929,ZONE-017,2025-09-17 20:03:36,2025-11-22 20:03:36,2025-11-23 20:03:36,7,66
SES-000930,BAT-000930,ZONE-001,2025-10-05 19:49:12,2025-10-17 19:49:12,2025-10-18 19:49:12,6,12
SES-000931,BAT-000931,ZONE-003,2025-09-23 19:39:36,2026-01-18 19:39:36,2026-01-18 19:39:36,2,117
SES-000932,BAT-000932,ZONE-004,2025-10-17 12:02:24,2026-01-23 12:02:24,2026-01-24 00:02:24,6,98
SES-000933,BAT-000933,ZONE-006,2025-09-27 18:55:12,2026-01-18 18:55:12,2026-01-19 06:55:12,7,113
SES-000934,BAT-000934,ZONE-013,2025-10-08 18:48:00,2025-11-15 18:48:00,2025-11-15 18:48:00,5,38
SES-000935,BAT-000935,ZONE-019,2025-09-29 20:48:00,2025-11-17 20:48:00,2025-11-18 20:48:00,5,49
SES-000936,BAT-000936,ZONE-023,2025-07-27 18:28:12,2025-08-12 18:28:12,2025-08-11 18:28:12,5,16
SES-000937,BAT-000937,ZONE-009,2025-10-11 16:52:12,2026-01-30 16:52:12,2026-01-30 16:52:12,3,111
SES-000938,BAT-000938,ZONE-005,2025-08-04 13:53:24,2025-08-13 13:53:24,2025-08-13 13:53:24,3,9
SES-000939,BAT-000939,ZONE-006,2025-07-04 13:18:00,2025-07-15 13:18:00,2025-07-16 13:18:00,6,11
SES-000940,BAT-000940,ZONE-006,2025-09-28 15:30:36,2026-01-15 15:30:36,2026-01-15 15:30:36,2,109
SES-000941,BAT-000941,ZONE-025,2025-09-10 12:43:12,2025-12-06 12:43:12,2025-12-05 12:43:12,4,87
SES-000942,BAT-000942,ZONE-020,2025-08-04 13:45:36,2025-09-12 13:45:36,2025-09-11 13:45:36,3,39
SES-000943,BAT-000943,ZONE-014,2025-09-10 16:01:12,2026-02-07 16:01:12,2026-02-06 16:01:12,2,150
SES-000944,BAT-000944,ZONE-025,2025-10-14 19:43:12,2025-11-27 19:43:12,2025-11-27 19:43:12,4,44
SES-000945,BAT-000945,ZONE-007,2025-07-10 10:06:00,2025-07-19 10:06:00,2025-07-19 10:06:00,4,9
SES-000946,BAT-000946,ZONE-024,2025-10-24 11:26:24,2025-12-14 11:26:24,2025-12-14 11:26:24,4,51
SES-000947,BAT-000947,ZONE-017,2025-10-13 18:24:36,2025-12-16 18:24:36,2025-12-17 06:24:36,2,64
SES-000948,BAT-000948,ZONE-011,2025-09-09 14:16:12,2025-10-22 14:16:12,2025-10-21 14:16:12,1,43
SES-000949,BAT-000949,ZONE-009,2025-09-04 09:21:00,2025-09-23 09:21:00,2025-09-23 09:21:00,1,19
SES-000950,BAT-000950,ZONE-016,2025-10-20 21:11:24,2025-11-29 21:11:24,2025-11-29 21:11:24,5,40
SES-000951,BAT-000951,ZONE-001,2025-08-12 15:54:36,2025-09-10 15:54:36,2025-09-11 15:54:36,3,29
SES-000952,BAT-000952,ZONE-006,2025-09-25 09:46:48,2025-12-29 09:46:48,2025-12-29 09:46:48,4,95
SES-000953,BAT-000953,ZONE-003,2025-09-25 12:01:12,2025-12-01 12:01:12,2025-12-01 12:01:12,7,67
SES-000954,BAT-000954,ZONE-006,2025-07-09 15:15:00,2025-07-25 15:15:00,2025-07-25 15:15:00,7,16
SES-000955,BAT-000955,ZONE-013,2025-10-05 21:25:48,2025-10-26 21:25:48,2025-10-26 21:25:48,4,21
SES-000956,BAT-000956,ZONE-001,2025-09-07 15:03:36,2025-12-14 15:03:36,2025-12-14 15:03:36,1,98
SES-000957,BAT-000957,ZONE-006,2025-08-29 10:27:00,2026-01-03 10:27:00,2026-01-03 22:27:00,3,127
SES-000958,BAT-000958,ZONE-002,2025-08-24 10:27:00,2026-01-19 10:27:00,2026-01-18 10:27:00,3,148
SES-000959,BAT-000959,ZONE-019,2025-10-21 12:10:12,2025-11-15 12:10:12,2025-11-15 12:10:12,8,25
SES-000960,BAT-000960,ZONE-017,2025-08-30 18:30:36,2025-09-13 18:30:36,2025-09-12 18:30:36,4,14
SES-000961,BAT-000961,ZONE-017,2025-09-27 10:40:48,2025-11-19 10:40:48,2025-11-19 10:40:48,5,53
SES-000962,BAT-000962,ZONE-002,2025-09-03 17:31:48,2025-11-28 17:31:48,2025-11-29 05:31:48,6,86
SES-000963,BAT-000963,ZONE-004,2025-09-17 09:28:12,2026-01-25 09:28:12,2026-01-24 09:28:12,3,130
SES-000964,BAT-000964,ZONE-006,2025-08-21 19:37:12,2025-11-06 19:37:12,2025-11-05 19:37:12,7,77
SES-000965,BAT-000965,ZONE-021,2025-09-15 13:13:12,2025-11-16 13:13:12,2025-11-17 13:13:12,7,62
SES-000966,BAT-000966,ZONE-006,2025-07-10 15:31:48,2025-07-23 15:31:48,2025-07-23 15:31:48,5,13
SES-000967,BAT-000967,ZONE-002,2025-10-22 17:47:24,2026-03-05 17:47:24,2026-03-06 05:47:24,8,134
SES-000968,BAT-000968,ZONE-004,2025-09-29 16:33:00,2026-02-25 16:33:00,2026-02-25 16:33:00,8,149
SES-000969,BAT-000969,ZONE-014,2025-10-06 13:53:24,2025-12-06 13:53:24,2025-12-06 13:53:24,2,61
SES-000970,BAT-000970,ZONE-013,2025-06-25 13:24:00,2025-07-02 13:24:00,2025-07-02 13:24:00,2,7
SES-000971,BAT-000971,ZONE-022,2025-10-22 16:28:48,2025-11-26 16:28:48,2025-11-26 16:28:48,3,35
SES-000972,BAT-000972,ZONE-004,2025-09-14 15:01:48,2025-11-11 15:01:48,2025-11-10 15:01:48,2,58
SES-000973,BAT-000973,ZONE-021,2025-10-14 20:40:48,2025-12-02 20:40:48,2025-12-03 08:40:48,4,49
SES-000974,BAT-000974,ZONE-006,2025-09-08 09:34:12,2026-01-08 09:34:12,2026-01-08 09:34:12,1,122
SES-000975,BAT-000975,ZONE-005,2025-08-09 13:46:48,2025-08-18 13:46:48,2025-08-18 13:46:48,3,9
SES-000976,BAT-000976,ZONE-006,2025-09-16 16:06:36,2025-12-29 16:06:36,2025-12-29 16:06:36,5,104
SES-000977,BAT-000977,ZONE-023,2025-09-04 17:06:00,2025-09-21 17:06:00,2025-09-21 17:06:00,6,17
SES-000978,BAT-000978,ZONE-001,2025-08-24 20:29:24,2025-09-15 20:29:24,2025-09-15 20:29:24,2,22
SES-000979,BAT-000979,ZONE-024,2025-09-15 12:47:24,2025-10-27 12:47:24,2025-10-27 12:47:24,7,42
SES-000980,BAT-000980,ZONE-005,2025-07-12 16:42:36,2025-07-29 16:42:36,2025-07-30 04:42:36,5,17
SES-000981,BAT-000981,ZONE-004,2025-10-09 17:48:36,2026-01-24 17:48:36,2026-01-24 17:48:36,8,107
SES-000982,BAT-000982,ZONE-006,2025-08-30 12:40:12,2025-12-23 12:40:12,2025-12-23 12:40:12,8,115
SES-000983,BAT-000983,ZONE-002,2025-09-09 12:06:00,2026-01-04 12:06:00,2026-01-05 12:06:00,5,117
SES-000984,BAT-000984,ZONE-015,2025-09-27 13:36:00,2025-10-11 13:36:00,2025-10-11 13:36:00,4,14
SES-000985,BAT-000985,ZONE-003,2025-09-11 16:50:24,2025-11-12 16:50:24,2025-11-13 16:50:24,8,62
SES-000986,BAT-000986,ZONE-003,2025-10-17 17:52:12,2026-01-26 17:52:12,2026-01-27 17:52:12,2,101
SES-000987,BAT-000987,ZONE-008,2025-08-25 15:48:36,2025-12-15 15:48:36,2025-12-16 03:48:36,4,112
SES-000988,BAT-000988,ZONE-004,2025-09-03 17:12:00,2025-12-09 17:12:00,2025-12-08 17:12:00,8,97
SES-000989,BAT-000989,ZONE-013,2025-06-16 10:10:48,2025-06-22 10:10:48,2025-06-23 10:10:48,5,6
SES-000990,BAT-000990,ZONE-004,2025-09-26 11:08:24,2025-11-05 11:08:24,2025-11-04 11:08:24,2,40
SES-000991,BAT-000991,ZONE-006,2025-09-04 19:27:00,2025-11-23 19:27:00,2025-11-24 19:27:00,5,80
SES-000992,BAT-000992,ZONE-016,2025-10-05 11:51:00,2025-12-12 11:51:00,2025-12-13 11:51:00,6,68
SES-000993,BAT-000993,ZONE-010,2025-05-26 09:24:36,2025-06-01 09:24:36,2025-06-01 09:24:36,1,6
SES-000994,BAT-000994,ZONE-004,2025-10-12 14:31:12,2026-02-23 14:31:12,2026-02-23 14:31:12,5,134
SES-000995,BAT-000995,ZONE-001,2025-10-25 16:25:12,2026-03-11 16:25:12,2026-03-12 16:25:12,7,137
SES-000996,BAT-000996,ZONE-002,2025-05-31 09:36:36,2025-06-08 09:36:36,2025-06-08 09:36:36,3,8
SES-000997,BAT-000997,ZONE-001,2025-09-24 17:11:24,2025-11-17 17:11:24,2025-11-17 17:11:24,8,54
SES-000998,BAT-000998,ZONE-019,2025-10-07 14:59:24,2026-01-18 14:59:24,2026-01-19 14:59:24,2,103
SES-000999,BAT-000999,ZONE-014,2025-10-04 17:49:12,2025-10-17 17:49:12,2025-10-17 17:49:12,1,13
SES-001000,BAT-001000,ZONE-022,2025-09-02 17:03:36,2025-10-09 17:03:36,2025-10-09 17:03:36,4,37
SES-001001,BAT-001001,ZONE-003,2025-09-29 14:24:00,2025-10-31 14:24:00,2025-11-01 02:24:00,8,32
SES-001002,BAT-001002,ZONE-025,2025-10-13 16:15:00,2025-12-19 16:15:00,2025-12-19 16:15:00,6,67
SES-001003,BAT-001003,ZONE-006,2025-07-04 13:37:12,2025-07-31 13:37:12,2025-08-01 13:37:12,5,27
SES-001004,BAT-001004,ZONE-023,2025-07-15 18:24:00,2025-07-30 18:24:00,2025-07-29 18:24:00,3,15
SES-001005,BAT-001005,ZONE-021,2025-10-13 14:08:24,2025-12-08 14:08:24,2025-12-09 02:08:24,5,56
SES-001006,BAT-001006,ZONE-004,2025-09-28 13:03:36,2025-11-17 13:03:36,2025-11-18 01:03:36,8,50
SES-001007,BAT-001007,ZONE-021,2025-10-21 10:00:00,2025-12-11 10:00:00,2025-12-10 10:00:00,5,51
SES-001008,BAT-001008,ZONE-006,2025-10-24 14:39:36,2026-01-02 14:39:36,2026-01-03 14:39:36,1,70
SES-001009,BAT-001009,ZONE-019,2025-10-02 20:19:12,2025-11-19 20:19:12,2025-11-19 20:19:12,2,48
SES-001010,BAT-001010,ZONE-022,2025-10-01 16:33:36,2025-11-15 16:33:36,2025-11-16 04:33:36,4,45
SES-001011,BAT-001011,ZONE-022,2025-10-04 19:54:00,2025-11-21 19:54:00,2025-11-22 19:54:00,6,48
SES-001012,BAT-001012,ZONE-006,2025-09-23 16:51:00,2025-12-02 16:51:00,2025-12-02 16:51:00,8,70
SES-001013,BAT-001013,ZONE-006,2025-10-10 18:39:00,2025-10-28 18:39:00,2025-10-28 18:39:00,4,18
SES-001014,BAT-001014,ZONE-022,2025-10-08 11:31:12,2025-12-07 11:31:12,2025-12-08 11:31:12,5,60
SES-001015,BAT-001015,ZONE-001,2025-10-09 12:59:24,2026-01-29 12:59:24,2026-01-30 00:59:24,2,112
SES-001016,BAT-001016,ZONE-006,2025-10-25 15:08:24,2026-03-26 15:08:24,2026-03-25 15:08:24,8,152
SES-001017,BAT-001017,ZONE-006,2025-09-29 13:34:48,2025-12-23 13:34:48,2025-12-24 01:34:48,7,85
SES-001018,BAT-001018,ZONE-017,2025-08-08 14:51:00,2025-09-01 14:51:00,2025-09-02 02:51:00,6,24
SES-001019,BAT-001019,ZONE-001,2025-09-02 18:33:00,2026-01-21 18:33:00,2026-01-21 18:33:00,5,141
SES-001020,BAT-001020,ZONE-024,2025-09-04 16:33:36,2025-10-05 16:33:36,2025-10-06 04:33:36,2,31
SES-001021,BAT-001021,ZONE-014,2025-10-04 14:48:00,2025-10-31 14:48:00,2025-11-01 02:48:00,1,27
SES-001022,BAT-001022,ZONE-003,2025-08-24 17:07:12,2025-09-07 17:07:12,2025-09-08 05:07:12,6,14
SES-001023,BAT-001023,ZONE-006,2025-08-26 11:17:24,2026-01-19 11:17:24,2026-01-18 11:17:24,7,146
SES-001024,BAT-001024,ZONE-017,2025-09-08 14:33:00,2025-09-28 14:33:00,2025-09-28 14:33:00,6,20
SES-001025,BAT-001025,ZONE-015,2025-07-23 19:10:48,2025-08-02 19:10:48,2025-08-03 19:10:48,4,10
SES-001026,BAT-001026,ZONE-017,2025-10-03 15:25:48,2026-01-15 15:25:48,2026-01-15 15:25:48,4,104
SES-001027,BAT-001027,ZONE-001,2025-10-19 12:27:00,2026-01-19 12:27:00,2026-01-19 12:27:00,2,92
SES-001028,BAT-001028,ZONE-017,2025-08-30 19:10:12,2025-11-24 19:10:12,2025-11-24 19:10:12,5,86
SES-001029,BAT-001029,ZONE-022,2025-09-15 15:56:24,2025-10-15 15:56:24,2025-10-14 15:56:24,3,30
SES-001030,BAT-001030,ZONE-022,2025-09-19 14:57:36,2025-10-29 14:57:36,2025-10-30 02:57:36,1,40
SES-001031,BAT-001031,ZONE-022,2025-09-06 20:21:00,2025-10-26 20:21:00,2025-10-26 20:21:00,2,50
SES-001032,BAT-001032,ZONE-006,2025-10-18 12:30:36,2026-04-03 12:30:36,2026-04-04 00:30:36,5,167
SES-001033,BAT-001033,ZONE-017,2025-07-01 16:16:48,2025-07-04 16:16:48,2025-07-03 16:16:48,7,3
SES-001034,BAT-001034,ZONE-002,2025-09-28 13:07:48,2026-01-03 13:07:48,2026-01-03 13:07:48,2,97
SES-001035,BAT-001035,ZONE-004,2025-10-22 17:50:24,2026-01-18 17:50:24,2026-01-18 17:50:24,7,88
SES-001036,BAT-001036,ZONE-003,2025-08-04 12:45:36,2025-08-25 12:45:36,2025-08-25 12:45:36,4,21
SES-001037,BAT-001037,ZONE-024,2025-09-14 18:25:12,2025-11-22 18:25:12,2025-11-21 18:25:12,1,69
SES-001038,BAT-001038,ZONE-006,2025-08-30 16:29:24,2025-11-09 16:29:24,2025-11-09 16:29:24,7,71
SES-001039,BAT-001039,ZONE-024,2025-09-29 10:35:24,2025-10-30 10:35:24,2025-10-30 10:35:24,5,31
SES-001040,BAT-001040,ZONE-022,2025-09-14 14:09:00,2025-11-16 14:09:00,2025-11-17 14:09:00,7,63
SES-001041,BAT-001041,ZONE-017,2025-09-25 16:51:00,2025-10-12 16:51:00,2025-10-13 16:51:00,1,17
SES-001042,BAT-001042,ZONE-017,2025-09-27 11:19:48,2025-10-15 11:19:48,2025-10-15 23:19:48,8,18
SES-001043,BAT-001043,ZONE-021,2025-10-23 11:54:00,2025-11-29 11:54:00,2025-11-29 11:54:00,3,37
SES-001044,BAT-001044,ZONE-006,2025-10-18 17:28:12,2026-01-29 17:28:12,2026-01-28 17:28:12,6,103
SES-001045,BAT-001045,ZONE-016,2025-10-21 16:55:48,2025-12-31 16:55:48,2025-12-31 16:55:48,3,71
SES-001046,BAT-001046,ZONE-006,2025-08-26 13:45:00,2025-12-07 13:45:00,2025-12-08 13:45:00,5,103
SES-001047,BAT-001047,ZONE-024,2025-09-28 17:43:48,2025-11-05 17:43:48,2025-11-05 17:43:48,3,38
SES-001048,BAT-001048,ZONE-025,2025-10-10 15:22:48,2025-11-06 15:22:48,2025-11-06 15:22:48,5,27
SES-001049,BAT-001049,ZONE-019,2025-09-01 19:07:12,2025-10-20 19:07:12,2025-10-20 19:07:12,2,49
SES-001050,BAT-001050,ZONE-008,2025-08-23 18:37:48,2025-12-13 18:37:48,2025-12-14 06:37:48,3,112
SES-001051,BAT-001051,ZONE-009,2025-08-08 16:43:48,2025-08-20 16:43:48,2025-08-20 16:43:48,5,12
SES-001052,BAT-001052,ZONE-003,2025-09-25 14:04:12,2026-02-10 14:04:12,2026-02-09 14:04:12,8,138
SES-001053,BAT-001053,ZONE-006,2025-09-01 11:17:24,2025-11-17 11:17:24,2025-11-17 11:17:24,3,77
SES-001054,BAT-001054,ZONE-001,2025-10-20 12:39:36,2026-01-25 12:39:36,2026-01-25 12:39:36,5,97
SES-001055,BAT-001055,ZONE-006,2025-09-29 12:47:24,2026-01-09 12:47:24,2026-01-09 12:47:24,1,102
SES-001056,BAT-001056,ZONE-017,2025-08-11 11:59:24,2025-08-29 11:59:24,2025-08-28 11:59:24,5,18
SES-001057,BAT-001057,ZONE-013,2025-06-21 19:19:12,2025-06-29 19:19:12,2025-06-30 07:19:12,8,8
SES-001058,BAT-001058,ZONE-009,2025-10-05 11:36:00,2025-10-26 11:36:00,2025-10-26 11:36:00,7,21
SES-001059,BAT-001059,ZONE-014,2025-06-29 12:14:24,2025-07-15 12:14:24,2025-07-15 12:14:24,2,16
SES-001060,BAT-001060,ZONE-006,2025-10-04 18:56:24,2025-12-11 18:56:24,2025-12-12 18:56:24,1,68
SES-001061,BAT-001061,ZONE-006,2025-09-12 16:30:00,2026-01-12 16:30:00,2026-01-12 16:30:00,8,122
SES-001062,BAT-001062,ZONE-025,2025-10-06 17:03:00,2025-12-25 17:03:00,2025-12-24 17:03:00,4,80
SES-001063,BAT-001063,ZONE-006,2025-09-26 12:49:12,2026-01-10 12:49:12,2026-01-11 12:49:12,4,106
SES-001064,BAT-001064,ZONE-011,2025-08-26 15:11:24,2025-09-06 15:11:24,2025-09-07 03:11:24,4,11
SES-001065,BAT-001065,ZONE-004,2025-09-19 12:10:12,2025-09-28 12:10:12,2025-09-28 12:10:12,8,9
SES-001066,BAT-001066,ZONE-003,2025-10-15 11:29:24,2025-12-31 11:29:24,2025-12-31 23:29:24,1,77
SES-001067,BAT-001067,ZONE-016,2025-09-19 10:15:36,2026-01-12 10:15:36,2026-01-12 10:15:36,2,115
SES-001068,BAT-001068,ZONE-004,2025-09-24 16:58:12,2025-12-13 16:58:12,2025-12-12 16:58:12,7,80
SES-001069,BAT-001069,ZONE-024,2025-09-23 16:58:12,2025-12-14 16:58:12,2025-12-15 16:58:12,7,82
SES-001070,BAT-001070,ZONE-020,2025-10-03 09:57:00,2025-10-20 09:57:00,2025-10-19 09:57:00,1,17
SES-001071,BAT-001071,ZONE-004,2025-10-22 14:21:36,2026-01-24 14:21:36,2026-01-23 14:21:36,5,94
SES-001072,BAT-001072,ZONE-004,2025-06-23 19:25:48,2025-07-13 19:25:48,2025-07-14 19:25:48,1,20
SES-001073,BAT-001073,ZONE-004,2025-09-10 15:28:12,2025-11-21 15:28:12,2025-11-21 15:28:12,8,72
SES-001074,BAT-001074,ZONE-005,2025-08-19 20:36:36,2025-09-03 20:36:36,2025-09-03 20:36:36,6,15
SES-001075,BAT-001075,ZONE-004,2025-09-07 12:46:48,2025-12-05 12:46:48,2025-12-06 12:46:48,4,89
SES-001076,BAT-001076,ZONE-004,2025-10-09 18:09:00,2025-11-10 18:09:00,2025-11-10 18:09:00,1,32
SES-001077,BAT-001077,ZONE-025,2025-10-04 17:02:24,2026-02-10 17:02:24,2026-02-09 17:02:24,1,129
SES-001078,BAT-001078,ZONE-016,2025-08-25 13:38:24,2025-09-29 13:38:24,2025-09-30 13:38:24,2,35
SES-001079,BAT-001079,ZONE-006,2025-10-10 19:29:24,2025-12-30 19:29:24,2025-12-30 19:29:24,2,81
SES-001080,BAT-001080,ZONE-006,2025-09-29 18:27:36,2025-11-02 18:27:36,2025-11-01 18:27:36,6,34
SES-001081,BAT-001081,ZONE-008,2025-10-09 12:28:48,2025-10-25 12:28:48,2025-10-25 12:28:48,1,16
SES-001082,BAT-001082,ZONE-004,2025-10-13 16:51:00,2025-12-20 16:51:00,2025-12-21 04:51:00,7,68
SES-001083,BAT-001083,ZONE-017,2025-09-23 14:30:00,2025-10-03 14:30:00,2025-10-02 14:30:00,3,10
SES-001084,BAT-001084,ZONE-020,2025-08-26 14:07:12,2025-09-21 14:07:12,2025-09-21 14:07:12,7,26
SES-001085,BAT-001085,ZONE-010,2025-08-27 17:01:48,2025-12-29 17:01:48,2025-12-29 17:01:48,1,124
SES-001086,BAT-001086,ZONE-012,2025-08-05 10:54:00,2025-08-16 10:54:00,2025-08-16 22:54:00,2,11
SES-001087,BAT-001087,ZONE-006,2025-09-27 14:51:00,2026-01-29 14:51:00,2026-01-29 14:51:00,1,124
SES-001088,BAT-001088,ZONE-011,2025-05-21 15:35:24,2025-05-25 15:35:24,2025-05-24 15:35:24,3,4
SES-001089,BAT-001089,ZONE-004,2025-10-11 12:00:00,2026-01-17 12:00:00,2026-01-18 12:00:00,5,98
SES-001090,BAT-001090,ZONE-004,2025-08-26 17:06:00,2025-11-23 17:06:00,2025-11-22 17:06:00,3,89
SES-001091,BAT-001091,ZONE-017,2025-09-12 19:45:00,2025-12-03 19:45:00,2025-12-04 07:45:00,2,82
SES-001092,BAT-001092,ZONE-014,2025-09-10 14:46:12,2025-09-30 14:46:12,2025-09-29 14:46:12,5,20
SES-001093,BAT-001093,ZONE-016,2025-09-19 16:25:12,2025-10-23 16:25:12,2025-10-24 16:25:12,7,34
SES-001094,BAT-001094,ZONE-025,2025-10-15 17:13:12,2025-12-28 17:13:12,2025-12-29 05:13:12,8,74
SES-001095,BAT-001095,ZONE-004,2025-08-26 12:52:12,2025-11-15 12:52:12,2025-11-16 00:52:12,2,81
SES-001096,BAT-001096,ZONE-011,2025-06-10 16:15:00,2025-06-14 16:15:00,2025-06-14 16:15:00,3,4
SES-001097,BAT-001097,ZONE-022,2025-10-11 11:25:12,2026-01-05 11:25:12,2026-01-05 11:25:12,5,86
SES-001098,BAT-001098,ZONE-007,2025-10-02 20:40:12,2025-10-20 20:40:12,2025-10-20 20:40:12,2,18
SES-001099,BAT-001099,ZONE-012,2025-07-06 12:43:12,2025-07-20 12:43:12,2025-07-20 12:43:12,7,14
SES-001100,BAT-001100,ZONE-002,2025-09-14 19:25:12,2025-11-08 19:25:12,2025-11-09 07:25:12,1,55
SES-001101,BAT-001101,ZONE-006,2025-09-01 16:46:12,2025-12-31 16:46:12,2025-12-31 16:46:12,3,121
SES-001102,BAT-001102,ZONE-019,2025-08-27 17:27:00,2025-11-26 17:27:00,2025-11-26 17:27:00,3,91
SES-001103,BAT-001103,ZONE-006,2025-09-28 09:48:36,2026-02-05 09:48:36,2026-02-05 09:48:36,7,130
SES-001104,BAT-001104,ZONE-014,2025-06-07 12:18:36,2025-06-12 12:18:36,2025-06-12 12:18:36,5,5
SES-001105,BAT-001105,ZONE-008,2025-09-02 18:41:24,2025-11-15 18:41:24,2025-11-15 18:41:24,4,74
SES-001106,BAT-001106,ZONE-021,2025-09-04 18:21:36,2025-10-12 18:21:36,2025-10-13 06:21:36,3,38
SES-001107,BAT-001107,ZONE-012,2025-08-09 14:46:12,2025-08-16 14:46:12,2025-08-16 14:46:12,7,7
SES-001108,BAT-001108,ZONE-017,2025-08-21 11:46:12,2025-12-29 11:46:12,2025-12-29 11:46:12,4,130
SES-001109,BAT-001109,ZONE-006,2025-09-04 18:01:48,2025-12-21 18:01:48,2025-12-20 18:01:48,8,108
SES-001110,BAT-001110,ZONE-018,2025-08-16 15:35:24,2025-08-31 15:35:24,2025-08-31 15:35:24,4,15
SES-001111,BAT-001111,ZONE-007,2025-08-28 15:29:24,2025-09-08 15:29:24,2025-09-08 15:29:24,7,11
SES-001112,BAT-001112,ZONE-008,2025-10-12 16:55:12,2026-01-19 16:55:12,2026-01-20 04:55:12,1,99
SES-001113,BAT-001113,ZONE-024,2025-10-03 12:33:00,2025-11-08 12:33:00,2025-11-09 12:33:00,3,36
SES-001114,BAT-001114,ZONE-003,2025-08-21 14:33:00,2025-09-10 14:33:00,2025-09-10 14:33:00,8,20
SES-001115,BAT-001115,ZONE-006,2025-10-23 14:39:00,2026-02-01 14:39:00,2026-02-01 14:39:00,6,101
SES-001116,BAT-001116,ZONE-008,2025-07-03 11:19:12,2025-07-24 11:19:12,2025-07-24 11:19:12,1,21
SES-001117,BAT-001117,ZONE-005,2025-09-15 19:04:48,2025-09-24 19:04:48,2025-09-23 19:04:48,5,9
SES-001118,BAT-001118,ZONE-019,2025-10-21 19:46:12,2025-12-05 19:46:12,2025-12-05 19:46:12,2,45
SES-001119,BAT-001119,ZONE-006,2025-10-07 14:37:48,2025-12-29 14:37:48,2025-12-29 14:37:48,3,83
SES-001120,BAT-001120,ZONE-002,2025-09-15 17:45:36,2026-03-01 17:45:36,2026-03-02 17:45:36,6,167
SES-001121,BAT-001121,ZONE-018,2025-09-26 11:57:36,2025-10-12 11:57:36,2025-10-11 11:57:36,3,16
SES-001122,BAT-001122,ZONE-013,2025-07-26 18:33:00,2025-08-07 18:33:00,2025-08-07 18:33:00,6,12
SES-001123,BAT-001123,ZONE-006,2025-09-18 18:05:24,2026-03-04 18:05:24,2026-03-04 18:05:24,4,167
SES-001124,BAT-001124,ZONE-003,2025-08-25 14:22:48,2025-10-27 14:22:48,2025-10-27 14:22:48,4,63
SES-001125,BAT-001125,ZONE-004,2025-10-08 09:46:48,2026-02-25 09:46:48,2026-02-26 09:46:48,2,140
SES-001126,BAT-001126,ZONE-004,2025-09-26 11:15:36,2026-01-09 11:15:36,2026-01-09 23:15:36,7,105
SES-001127,BAT-001127,ZONE-018,2025-08-11 14:52:12,2025-08-28 14:52:12,2025-08-27 14:52:12,2,17
SES-001128,BAT-001128,ZONE-018,2025-07-06 15:34:12,2025-07-22 15:34:12,2025-07-21 15:34:12,4,16
SES-001129,BAT-001129,ZONE-004,2025-10-18 10:20:24,2025-12-22 10:20:24,2025-12-22 10:20:24,5,65
SES-001130,BAT-001130,ZONE-021,2025-09-18 14:40:48,2025-10-26 14:40:48,2025-10-25 14:40:48,3,38
SES-001131,BAT-001131,ZONE-011,2025-08-24 13:39:00,2025-09-19 13:39:00,2025-09-19 13:39:00,1,26
SES-001132,BAT-001132,ZONE-015,2025-09-03 17:55:48,2025-09-09 17:55:48,2025-09-09 17:55:48,6,6
SES-001133,BAT-001133,ZONE-004,2025-09-02 16:28:12,2025-12-10 16:28:12,2025-12-10 16:28:12,8,99
SES-001134,BAT-001134,ZONE-003,2025-07-02 17:29:24,2025-07-08 17:29:24,2025-07-08 17:29:24,5,6
SES-001135,BAT-001135,ZONE-019,2025-10-02 14:27:00,2025-12-30 14:27:00,2025-12-30 14:27:00,1,89
SES-001136,BAT-001136,ZONE-005,2025-09-09 15:56:24,2025-09-20 15:56:24,2025-09-20 15:56:24,8,11
SES-001137,BAT-001137,ZONE-014,2025-10-10 11:50:24,2025-10-28 11:50:24,2025-10-27 11:50:24,2,18
SES-001138,BAT-001138,ZONE-003,2025-08-31 15:12:00,2026-01-05 15:12:00,2026-01-05 15:12:00,3,127
SES-001139,BAT-001139,ZONE-011,2025-09-26 16:03:00,2025-12-20 16:03:00,2025-12-20 16:03:00,7,85
SES-001140,BAT-001140,ZONE-006,2025-10-15 12:27:36,2026-01-07 12:27:36,2026-01-08 12:27:36,5,84
SES-001141,BAT-001141,ZONE-013,2025-10-03 13:13:12,2025-12-04 13:13:12,2025-12-04 13:13:12,7,62
SES-001142,BAT-001142,ZONE-022,2025-09-10 10:38:24,2025-10-31 10:38:24,2025-10-30 10:38:24,2,51
SES-001143,BAT-001143,ZONE-024,2025-09-07 14:49:48,2025-09-26 14:49:48,2025-09-26 14:49:48,5,19
SES-001144,BAT-001144,ZONE-004,2025-07-09 20:31:12,2025-07-14 20:31:12,2025-07-15 20:31:12,5,5
SES-001145,BAT-001145,ZONE-001,2025-10-03 15:54:00,2026-01-15 15:54:00,2026-01-15 15:54:00,3,104
SES-001146,BAT-001146,ZONE-017,2025-10-08 15:25:48,2025-12-25 15:25:48,2025-12-26 15:25:48,2,78
SES-001147,BAT-001147,ZONE-020,2025-09-13 13:33:36,2025-10-31 13:33:36,2025-10-31 13:33:36,5,48
SES-001148,BAT-001148,ZONE-013,2025-09-30 16:45:36,2025-11-22 16:45:36,2025-11-22 16:45:36,4,53
SES-001149,BAT-001149,ZONE-006,2025-09-27 20:14:24,2025-11-30 20:14:24,2025-12-01 20:14:24,6,64
SES-001150,BAT-001150,ZONE-009,2025-09-20 11:20:24,2025-11-09 11:20:24,2025-11-09 11:20:24,1,50
SES-001151,BAT-001151,ZONE-010,2025-08-15 10:52:12,2025-09-06 10:52:12,2025-09-06 10:52:12,1,22
SES-001152,BAT-001152,ZONE-025,2025-09-09 11:45:00,2025-12-20 11:45:00,2025-12-20 23:45:00,7,102
SES-001153,BAT-001153,ZONE-024,2025-08-22 16:08:24,2025-09-11 16:08:24,2025-09-10 16:08:24,7,20
SES-001154,BAT-001154,ZONE-023,2025-07-31 16:21:00,2025-08-16 16:21:00,2025-08-17 04:21:00,2,16
SES-001155,BAT-001155,ZONE-008,2025-05-30 13:20:24,2025-06-04 13:20:24,2025-06-04 13:20:24,1,5
SES-001156,BAT-001156,ZONE-004,2025-10-10 19:42:36,2026-01-20 19:42:36,2026-01-20 19:42:36,5,102
SES-001157,BAT-001157,ZONE-008,2025-10-03 11:48:00,2025-11-07 11:48:00,2025-11-06 11:48:00,2,35
SES-001158,BAT-001158,ZONE-006,2025-10-14 18:24:36,2026-01-01 18:24:36,2026-01-01 18:24:36,6,79
SES-001159,BAT-001159,ZONE-016,2025-09-01 11:13:48,2025-12-26 11:13:48,2025-12-25 11:13:48,1,116
SES-001160,BAT-001160,ZONE-024,2025-08-28 12:25:48,2025-11-15 12:25:48,2025-11-14 12:25:48,1,79
SES-001161,BAT-001161,ZONE-006,2025-10-21 17:43:12,2026-02-04 17:43:12,2026-02-05 17:43:12,1,106
SES-001162,BAT-001162,ZONE-011,2025-08-09 10:36:36,2025-09-02 10:36:36,2025-09-02 10:36:36,2,24
SES-001163,BAT-001163,ZONE-006,2025-08-24 13:31:12,2025-12-16 13:31:12,2025-12-17 13:31:12,1,114
SES-001164,BAT-001164,ZONE-002,2025-06-20 14:48:00,2025-06-28 14:48:00,2025-06-28 14:48:00,1,8
SES-001165,BAT-001165,ZONE-017,2025-06-27 20:00:36,2025-07-14 20:00:36,2025-07-15 20:00:36,5,17
SES-001166,BAT-001166,ZONE-006,2025-09-27 15:30:36,2025-12-08 15:30:36,2025-12-08 15:30:36,8,72
SES-001167,BAT-001167,ZONE-016,2025-09-20 13:33:00,2025-10-04 13:33:00,2025-10-04 13:33:00,5,14
SES-001168,BAT-001168,ZONE-022,2025-09-20 16:55:12,2025-11-23 16:55:12,2025-11-23 16:55:12,7,64
SES-001169,BAT-001169,ZONE-016,2025-09-28 19:39:36,2026-02-13 19:39:36,2026-02-14 07:39:36,6,138
SES-001170,BAT-001170,ZONE-004,2025-10-15 10:27:00,2026-01-27 10:27:00,2026-01-27 10:27:00,6,104
SES-001171,BAT-001171,ZONE-005,2025-08-12 13:15:00,2025-08-21 13:15:00,2025-08-21 13:15:00,4,9
SES-001172,BAT-001172,ZONE-001,2025-10-21 18:52:12,2026-03-05 18:52:12,2026-03-06 06:52:12,2,135
SES-001173,BAT-001173,ZONE-002,2025-08-29 19:19:12,2025-12-11 19:19:12,2025-12-12 07:19:12,6,104
SES-001174,BAT-001174,ZONE-019,2025-08-14 14:44:24,2025-08-25 14:44:24,2025-08-26 02:44:24,8,11
SES-001175,BAT-001175,ZONE-006,2025-08-22 12:34:48,2026-01-20 12:34:48,2026-01-21 12:34:48,5,151
SES-001176,BAT-001176,ZONE-021,2025-10-14 11:24:36,2025-12-04 11:24:36,2025-12-04 23:24:36,3,51
SES-001177,BAT-001177,ZONE-016,2025-10-21 14:10:12,2025-12-01 14:10:12,2025-12-01 14:10:12,6,41
SES-001178,BAT-001178,ZONE-013,2025-08-29 14:30:00,2025-09-18 14:30:00,2025-09-18 14:30:00,2,20
SES-001179,BAT-001179,ZONE-004,2025-10-17 17:31:12,2026-01-14 17:31:12,2026-01-14 17:31:12,3,89
SES-001180,BAT-001180,ZONE-006,2025-08-22 14:31:48,2025-12-10 14:31:48,2025-12-11 14:31:48,8,110
SES-001181,BAT-001181,ZONE-013,2025-09-26 16:47:24,2025-10-10 16:47:24,2025-10-10 16:47:24,5,14
SES-001182,BAT-001182,ZONE-006,2025-10-23 11:42:36,2026-01-14 11:42:36,2026-01-15 11:42:36,6,83
SES-001183,BAT-001183,ZONE-020,2025-09-15 20:16:12,2025-11-14 20:16:12,2025-11-13 20:16:12,7,60
SES-001184,BAT-001184,ZONE-006,2025-10-05 20:16:48,2026-02-10 20:16:48,2026-02-11 20:16:48,2,128
SES-001185,BAT-001185,ZONE-004,2025-08-24 19:45:00,2025-11-07 19:45:00,2025-11-08 19:45:00,3,75
SES-001186,BAT-001186,ZONE-016,2025-08-30 15:18:00,2025-09-16 15:18:00,2025-09-16 15:18:00,4,17
SES-001187,BAT-001187,ZONE-004,2025-09-27 11:26:24,2025-12-03 11:26:24,2025-12-02 11:26:24,3,67
SES-001188,BAT-001188,ZONE-004,2025-08-25 16:00:36,2025-08-28 16:00:36,2025-08-28 16:00:36,3,3
SES-001189,BAT-001189,ZONE-018,2025-07-25 16:51:00,2025-08-01 16:51:00,2025-08-01 16:51:00,3,7
SES-001190,BAT-001190,ZONE-002,2025-09-11 14:09:36,2025-12-05 14:09:36,2025-12-05 14:09:36,7,85
SES-001191,BAT-001191,ZONE-004,2025-09-17 17:28:48,2026-01-01 17:28:48,2025-12-31 17:28:48,6,106
SES-001192,BAT-001192,ZONE-025,2025-09-15 14:54:00,2025-12-03 14:54:00,2025-12-04 14:54:00,3,79
SES-001193,BAT-001193,ZONE-014,2025-09-28 16:02:24,2026-01-31 16:02:24,2026-01-31 16:02:24,5,125
SES-001194,BAT-001194,ZONE-022,2025-10-11 14:06:00,2025-12-03 14:06:00,2025-12-04 14:06:00,3,53
SES-001195,BAT-001195,ZONE-025,2025-09-11 18:17:24,2026-01-10 18:17:24,2026-01-10 18:17:24,2,121
SES-001196,BAT-001196,ZONE-017,2025-09-09 15:00:36,2025-11-29 15:00:36,2025-11-30 03:00:36,5,81
SES-001197,BAT-001197,ZONE-004,2025-10-17 09:41:24,2026-01-18 09:41:24,2026-01-18 09:41:24,8,93
SES-001198,BAT-001198,ZONE-024,2025-10-02 17:57:00,2026-01-02 17:57:00,2026-01-01 17:57:00,6,92
SES-001199,BAT-001199,ZONE-020,2025-09-21 18:00:36,2025-11-13 18:00:36,2025-11-13 18:00:36,8,53
SES-001200,BAT-001200,ZONE-020,2025-10-04 14:14:24,2025-12-05 14:14:24,2025-12-05 14:14:24,3,62
SES-001201,BAT-001201,ZONE-014,2025-10-02 17:07:48,2025-12-05 17:07:48,2025-12-04 17:07:48,6,64
SES-001202,BAT-001202,ZONE-017,2025-09-01 19:43:12,2025-09-15 19:43:12,2025-09-15 19:43:12,5,14
SES-001203,BAT-001203,ZONE-002,2025-06-22 19:54:00,2025-06-25 19:54:00,2025-06-25 19:54:00,6,3
SES-001204,BAT-001204,ZONE-006,2025-09-26 12:58:48,2026-02-25 12:58:48,2026-02-26 00:58:48,2,152
SES-001205,BAT-001205,ZONE-001,2025-10-13 14:55:48,2026-01-25 14:55:48,2026-01-26 02:55:48,3,104
SES-001206,BAT-001206,ZONE-009,2025-10-10 08:47:24,2025-10-30 08:47:24,2025-10-29 08:47:24,2,20
SES-001207,BAT-001207,ZONE-010,2025-07-15 19:08:24,2025-08-04 19:08:24,2025-08-03 19:08:24,8,20
SES-001208,BAT-001208,ZONE-002,2025-08-17 14:02:24,2025-09-08 14:02:24,2025-09-08 14:02:24,3,22
SES-001209,BAT-001209,ZONE-017,2025-08-25 12:49:48,2026-01-01 12:49:48,2026-01-02 12:49:48,2,129
SES-001210,BAT-001210,ZONE-022,2025-10-09 13:34:48,2025-10-28 13:34:48,2025-10-28 13:34:48,6,19
SES-001211,BAT-001211,ZONE-005,2025-08-03 12:20:24,2025-08-12 12:20:24,2025-08-12 12:20:24,1,9
SES-001212,BAT-001212,ZONE-016,2025-10-15 16:45:36,2026-01-13 16:45:36,2026-01-13 16:45:36,8,90
SES-001213,BAT-001213,ZONE-022,2025-10-20 13:18:00,2025-11-30 13:18:00,2025-11-30 13:18:00,2,41
SES-001214,BAT-001214,ZONE-003,2025-09-03 11:31:48,2026-01-14 11:31:48,2026-01-14 11:31:48,2,133
SES-001215,BAT-001215,ZONE-001,2025-10-07 11:59:24,2026-01-16 11:59:24,2026-01-16 11:59:24,5,101
SES-001216,BAT-001216,ZONE-017,2025-06-23 11:50:24,2025-06-27 11:50:24,2025-06-27 11:50:24,3,4
SES-001217,BAT-001217,ZONE-023,2025-09-22 16:20:24,2025-10-10 16:20:24,2025-10-11 16:20:24,5,18
SES-001218,BAT-001218,ZONE-020,2025-09-29 10:15:36,2026-02-25 10:15:36,2026-02-25 10:15:36,1,149
SES-001219,BAT-001219,ZONE-017,2025-08-15 10:04:12,2025-09-04 10:04:12,2025-09-05 10:04:12,2,20
SES-001220,BAT-001220,ZONE-008,2025-09-24 15:24:00,2025-12-08 15:24:00,2025-12-08 15:24:00,1,75
SES-001221,BAT-001221,ZONE-004,2025-10-21 16:33:00,2026-01-13 16:33:00,2026-01-14 16:33:00,6,84
SES-001222,BAT-001222,ZONE-016,2025-09-18 17:29:24,2025-10-19 17:29:24,2025-10-18 17:29:24,6,31
SES-001223,BAT-001223,ZONE-004,2025-06-14 15:50:24,2025-06-22 15:50:24,2025-06-22 15:50:24,7,8
SES-001224,BAT-001224,ZONE-007,2025-09-30 15:34:12,2025-10-10 15:34:12,2025-10-10 15:34:12,6,10
SES-001225,BAT-001225,ZONE-014,2025-10-20 13:18:00,2025-11-14 13:18:00,2025-11-14 13:18:00,5,25
SES-001226,BAT-001226,ZONE-020,2025-09-19 19:00:00,2025-10-29 19:00:00,2025-10-28 19:00:00,7,40
SES-001227,BAT-001227,ZONE-025,2025-09-14 18:06:36,2025-10-25 18:06:36,2025-10-25 18:06:36,7,41
SES-001228,BAT-001228,ZONE-008,2025-09-01 14:34:48,2025-11-18 14:34:48,2025-11-18 14:34:48,7,78
SES-001229,BAT-001229,ZONE-013,2025-10-14 19:18:00,2026-01-17 19:18:00,2026-01-17 19:18:00,6,95
SES-001230,BAT-001230,ZONE-025,2025-10-04 18:28:12,2025-11-01 18:28:12,2025-11-02 18:28:12,8,28
SES-001231,BAT-001231,ZONE-006,2025-10-06 13:58:12,2026-03-05 13:58:12,2026-03-05 13:58:12,7,150
SES-001232,BAT-001232,ZONE-014,2025-09-06 12:49:48,2025-09-16 12:49:48,2025-09-17 12:49:48,3,10
SES-001233,BAT-001233,ZONE-022,2025-08-31 13:42:36,2025-11-29 13:42:36,2025-11-29 13:42:36,7,90
SES-001234,BAT-001234,ZONE-004,2025-10-15 12:35:24,2026-02-04 12:35:24,2026-02-04 12:35:24,7,112
SES-001235,BAT-001235,ZONE-011,2025-09-26 12:59:24,2025-10-24 12:59:24,2025-10-24 12:59:24,5,28
SES-001236,BAT-001236,ZONE-024,2025-10-21 11:28:12,2025-12-09 11:28:12,2025-12-09 23:28:12,3,49
SES-001237,BAT-001237,ZONE-016,2025-09-30 12:43:12,2025-11-01 12:43:12,2025-10-31 12:43:12,7,32
SES-001238,BAT-001238,ZONE-022,2025-08-18 19:37:48,2025-09-22 19:37:48,2025-09-21 19:37:48,3,35
SES-001239,BAT-001239,ZONE-002,2025-10-17 19:09:36,2026-01-02 19:09:36,2026-01-02 19:09:36,5,77
SES-001240,BAT-001240,ZONE-023,2025-07-24 17:04:48,2025-08-07 17:04:48,2025-08-06 17:04:48,4,14
SES-001241,BAT-001241,ZONE-006,2025-09-04 15:49:48,2026-01-02 15:49:48,2026-01-01 15:49:48,7,120
SES-001242,BAT-001242,ZONE-006,2025-09-25 09:53:24,2026-03-17 09:53:24,2026-03-17 09:53:24,3,173
SES-001243,BAT-001243,ZONE-018,2025-09-14 15:49:12,2025-09-23 15:49:12,2025-09-22 15:49:12,4,9
SES-001244,BAT-001244,ZONE-019,2025-09-05 16:55:12,2025-10-23 16:55:12,2025-10-23 16:55:12,4,48
SES-001245,BAT-001245,ZONE-010,2025-09-11 14:25:12,2025-10-19 14:25:12,2025-10-19 14:25:12,8,38
SES-001246,BAT-001246,ZONE-004,2025-09-01 15:57:36,2026-01-18 15:57:36,2026-01-19 15:57:36,5,139
SES-001247,BAT-001247,ZONE-004,2025-08-24 14:09:00,2026-01-07 14:09:00,2026-01-08 14:09:00,6,136
SES-001248,BAT-001248,ZONE-006,2025-09-06 18:18:36,2025-09-15 18:18:36,2025-09-15 18:18:36,1,9
SES-001249,BAT-001249,ZONE-004,2025-08-20 19:45:00,2025-11-13 19:45:00,2025-11-14 07:45:00,5,85
SES-001250,BAT-001250,ZONE-001,2025-08-25 12:05:24,2025-11-10 12:05:24,2025-11-11 12:05:24,1,77
SES-001251,BAT-001251,ZONE-025,2025-09-22 20:35:24,2025-11-25 20:35:24,2025-11-25 20:35:24,5,64
SES-001252,BAT-001252,ZONE-021,2025-09-01 09:51:36,2025-10-14 09:51:36,2025-10-14 21:51:36,6,43
SES-001253,BAT-001253,ZONE-010,2025-08-14 15:30:36,2025-09-08 15:30:36,2025-09-08 15:30:36,1,25
SES-001254,BAT-001254,ZONE-022,2025-09-29 12:40:12,2025-10-31 12:40:12,2025-11-01 00:40:12,7,32
SES-001255,BAT-001255,ZONE-020,2025-09-18 17:04:12,2025-10-26 17:04:12,2025-10-26 17:04:12,4,38
SES-001256,BAT-001256,ZONE-022,2025-10-23 11:58:12,2025-12-27 11:58:12,2025-12-27 11:58:12,6,65
SES-001257,BAT-001257,ZONE-011,2025-10-04 13:54:36,2025-10-12 13:54:36,2025-10-12 13:54:36,7,8
SES-001258,BAT-001258,ZONE-023,2025-09-07 18:41:24,2025-09-16 18:41:24,2025-09-16 18:41:24,4,9
SES-001259,BAT-001259,ZONE-001,2025-10-11 18:15:36,2026-01-08 18:15:36,2026-01-09 06:15:36,5,89
SES-001260,BAT-001260,ZONE-017,2025-10-18 12:30:36,2026-01-12 12:30:36,2026-01-11 12:30:36,3,86
SES-001261,BAT-001261,ZONE-002,2025-10-18 20:07:12,2026-03-03 20:07:12,2026-03-02 20:07:12,7,136
SES-001262,BAT-001262,ZONE-024,2025-10-02 19:15:00,2025-10-27 19:15:00,2025-10-28 19:15:00,3,25
SES-001263,BAT-001263,ZONE-024,2025-09-14 18:09:00,2025-10-28 18:09:00,2025-10-28 18:09:00,6,44
SES-001264,BAT-001264,ZONE-004,2025-07-07 13:57:00,2025-07-11 13:57:00,2025-07-11 13:57:00,5,4
SES-001265,BAT-001265,ZONE-006,2025-10-08 17:34:12,2025-10-17 17:34:12,2025-10-17 17:34:12,6,9
SES-001266,BAT-001266,ZONE-006,2025-09-18 13:29:24,2026-03-01 13:29:24,2026-03-02 01:29:24,5,164
SES-001267,BAT-001267,ZONE-017,2025-08-31 13:41:24,2025-10-03 13:41:24,2025-10-04 13:41:24,8,33
SES-001268,BAT-001268,ZONE-002,2025-07-13 12:40:48,2025-07-17 12:40:48,2025-07-17 12:40:48,4,4
SES-001269,BAT-001269,ZONE-007,2025-09-15 18:52:12,2025-10-02 18:52:12,2025-10-02 18:52:12,7,17
SES-001270,BAT-001270,ZONE-022,2025-08-26 17:28:12,2025-09-14 17:28:12,2025-09-14 17:28:12,4,19
SES-001271,BAT-001271,ZONE-022,2025-09-12 10:11:24,2025-12-03 10:11:24,2025-12-03 22:11:24,6,82
SES-001272,BAT-001272,ZONE-015,2025-08-22 15:13:48,2025-09-01 15:13:48,2025-08-31 15:13:48,2,10
SES-001273,BAT-001273,ZONE-004,2025-08-27 12:19:12,2025-11-07 12:19:12,2025-11-07 12:19:12,2,72
SES-001274,BAT-001274,ZONE-024,2025-09-22 15:34:48,2025-12-11 15:34:48,2025-12-12 03:34:48,1,80
SES-001275,BAT-001275,ZONE-006,2025-10-21 19:03:36,2026-03-24 19:03:36,2026-03-25 07:03:36,3,154
SES-001276,BAT-001276,ZONE-001,2025-09-16 11:13:48,2026-02-04 11:13:48,2026-02-05 11:13:48,1,141
SES-001277,BAT-001277,ZONE-006,2025-10-11 14:39:36,2026-01-06 14:39:36,2026-01-06 14:39:36,2,87
SES-001278,BAT-001278,ZONE-025,2025-10-04 12:35:24,2025-10-31 12:35:24,2025-10-31 12:35:24,1,27
SES-001279,BAT-001279,ZONE-004,2025-08-18 13:30:00,2025-09-13 13:30:00,2025-09-13 13:30:00,7,26
SES-001280,BAT-001280,ZONE-004,2025-10-07 13:27:36,2026-01-01 13:27:36,2026-01-02 13:27:36,1,86
SES-001281,BAT-001281,ZONE-008,2025-08-28 11:55:48,2025-10-16 11:55:48,2025-10-16 11:55:48,8,49
SES-001282,BAT-001282,ZONE-018,2025-09-30 19:34:12,2025-10-05 19:34:12,2025-10-06 19:34:12,1,5
SES-001283,BAT-001283,ZONE-019,2025-09-14 12:42:00,2025-10-29 12:42:00,2025-10-30 00:42:00,8,45
SES-001284,BAT-001284,ZONE-022,2025-09-29 11:45:36,2025-11-19 11:45:36,2025-11-19 11:45:36,4,51
SES-001285,BAT-001285,ZONE-022,2025-09-09 17:48:00,2025-11-05 17:48:00,2025-11-05 17:48:00,1,57
SES-001286,BAT-001286,ZONE-001,2025-09-25 12:25:12,2026-02-02 12:25:12,2026-02-02 12:25:12,6,130
SES-001287,BAT-001287,ZONE-012,2025-07-27 19:01:48,2025-08-04 19:01:48,2025-08-04 19:01:48,7,8
SES-001288,BAT-001288,ZONE-014,2025-09-14 15:27:36,2025-09-29 15:27:36,2025-09-29 15:27:36,4,15
SES-001289,BAT-001289,ZONE-006,2025-10-16 16:22:12,2026-01-22 16:22:12,2026-01-23 04:22:12,3,98
SES-001290,BAT-001290,ZONE-006,2025-09-23 16:30:36,2026-01-14 16:30:36,2026-01-15 04:30:36,2,113
SES-001291,BAT-001291,ZONE-004,2025-07-16 17:39:00,2025-07-19 17:39:00,2025-07-19 17:39:00,8,3
SES-001292,BAT-001292,ZONE-004,2025-09-01 16:06:00,2025-11-28 16:06:00,2025-11-29 16:06:00,1,88
SES-001293,BAT-001293,ZONE-001,2025-09-16 13:35:24,2025-12-31 13:35:24,2025-12-30 13:35:24,7,106
SES-001294,BAT-001294,ZONE-001,2025-10-20 13:12:00,2026-01-27 13:12:00,2026-01-28 01:12:00,6,99
SES-001295,BAT-001295,ZONE-004,2025-10-05 18:06:00,2025-12-08 18:06:00,2025-12-08 18:06:00,1,64
SES-001296,BAT-001296,ZONE-024,2025-09-28 11:34:48,2025-10-21 11:34:48,2025-10-21 11:34:48,6,23
SES-001297,BAT-001297,ZONE-003,2025-09-02 18:20:24,2025-10-10 18:20:24,2025-10-10 18:20:24,7,38
SES-001298,BAT-001298,ZONE-011,2025-10-09 11:43:48,2025-10-30 11:43:48,2025-10-30 11:43:48,1,21
SES-001299,BAT-001299,ZONE-006,2025-10-11 18:46:48,2026-01-21 18:46:48,2026-01-22 18:46:48,8,102
SES-001300,BAT-001300,ZONE-017,2025-08-15 19:56:24,2025-09-17 19:56:24,2025-09-17 19:56:24,7,33
SES-001301,BAT-001301,ZONE-024,2025-09-02 16:21:36,2025-10-09 16:21:36,2025-10-10 04:21:36,7,37
SES-001302,BAT-001302,ZONE-006,2025-09-08 17:22:48,2025-12-26 17:22:48,2025-12-26 17:22:48,4,109
SES-001303,BAT-001303,ZONE-022,2025-09-11 15:30:00,2025-10-19 15:30:00,2025-10-20 03:30:00,1,38
SES-001304,BAT-001304,ZONE-011,2025-08-26 12:35:24,2025-12-25 12:35:24,2025-12-25 12:35:24,1,121
SES-001305,BAT-001305,ZONE-011,2025-08-15 12:42:36,2025-11-22 12:42:36,2025-11-22 12:42:36,7,99
SES-001306,BAT-001306,ZONE-019,2025-10-02 09:00:36,2026-01-14 09:00:36,2026-01-14 09:00:36,6,104
SES-001307,BAT-001307,ZONE-013,2025-09-09 15:52:12,2025-10-31 15:52:12,2025-10-31 15:52:12,4,52
SES-001308,BAT-001308,ZONE-001,2025-09-19 13:47:24,2026-01-06 13:47:24,2026-01-05 13:47:24,8,109
SES-001309,BAT-001309,ZONE-021,2025-10-08 13:53:24,2025-12-17 13:53:24,2025-12-16 13:53:24,6,70
SES-001310,BAT-001310,ZONE-004,2025-06-28 14:06:00,2025-07-14 14:06:00,2025-07-14 14:06:00,5,16
SES-001311,BAT-001311,ZONE-004,2025-08-25 09:14:24,2025-11-03 09:14:24,2025-11-03 21:14:24,4,70
SES-001312,BAT-001312,ZONE-023,2025-07-28 11:37:48,2025-08-14 11:37:48,2025-08-14 11:37:48,1,17
SES-001313,BAT-001313,ZONE-004,2025-10-18 10:41:24,2026-02-17 10:41:24,2026-02-18 10:41:24,1,122
SES-001314,BAT-001314,ZONE-021,2025-08-23 18:09:00,2025-11-03 18:09:00,2025-11-03 18:09:00,5,72
SES-001315,BAT-001315,ZONE-020,2025-10-13 10:16:48,2025-11-09 10:16:48,2025-11-09 10:16:48,5,27
SES-001316,BAT-001316,ZONE-022,2025-09-20 12:25:48,2025-10-15 12:25:48,2025-10-16 00:25:48,2,25
SES-001317,BAT-001317,ZONE-024,2025-09-16 18:34:12,2025-11-08 18:34:12,2025-11-08 18:34:12,5,53
SES-001318,BAT-001318,ZONE-023,2025-08-20 21:08:24,2025-09-02 21:08:24,2025-09-01 21:08:24,3,13
SES-001319,BAT-001319,ZONE-022,2025-09-30 16:00:36,2025-11-30 16:00:36,2025-12-01 04:00:36,1,61
SES-001320,BAT-001320,ZONE-013,2025-09-20 16:37:48,2025-10-28 16:37:48,2025-10-28 16:37:48,3,38
SES-001321,BAT-001321,ZONE-001,2025-06-20 14:47:24,2025-06-25 14:47:24,2025-06-25 14:47:24,7,5
SES-001322,BAT-001322,ZONE-010,2025-10-14 16:25:48,2026-02-01 16:25:48,2026-02-01 16:25:48,7,110
SES-001323,BAT-001323,ZONE-021,2025-09-20 14:03:00,2025-12-04 14:03:00,2025-12-03 14:03:00,6,75
SES-001324,BAT-001324,ZONE-004,2025-10-04 17:22:12,2026-01-16 17:22:12,2026-01-16 17:22:12,1,104
SES-001325,BAT-001325,ZONE-022,2025-10-25 20:22:12,2025-12-05 20:22:12,2025-12-05 20:22:12,2,41
SES-001326,BAT-001326,ZONE-010,2025-09-16 20:03:36,2025-10-10 20:03:36,2025-10-11 08:03:36,1,24
SES-001327,BAT-001327,ZONE-017,2025-10-05 15:50:24,2025-11-08 15:50:24,2025-11-09 15:50:24,3,34
SES-001328,BAT-001328,ZONE-017,2025-07-01 11:47:24,2025-07-10 11:47:24,2025-07-10 23:47:24,7,9
SES-001329,BAT-001329,ZONE-022,2025-09-13 16:16:48,2025-09-29 16:16:48,2025-09-30 16:16:48,7,16
SES-001330,BAT-001330,ZONE-004,2025-09-23 14:31:48,2025-11-16 14:31:48,2025-11-17 02:31:48,3,54
SES-001331,BAT-001331,ZONE-022,2025-08-10 12:55:12,2025-08-30 12:55:12,2025-08-31 12:55:12,1,20
SES-001332,BAT-001332,ZONE-006,2025-08-05 19:20:24,2025-08-09 19:20:24,2025-08-09 19:20:24,7,4
SES-001333,BAT-001333,ZONE-024,2025-09-03 09:54:00,2025-11-09 09:54:00,2025-11-09 09:54:00,3,67
SES-001334,BAT-001334,ZONE-004,2025-09-19 17:15:00,2025-12-23 17:15:00,2025-12-23 17:15:00,4,95
SES-001335,BAT-001335,ZONE-002,2025-10-12 11:15:00,2026-01-24 11:15:00,2026-01-23 11:15:00,2,104
SES-001336,BAT-001336,ZONE-005,2025-08-06 16:30:36,2025-08-16 16:30:36,2025-08-17 16:30:36,7,10
SES-001337,BAT-001337,ZONE-022,2025-09-01 16:40:48,2025-10-08 16:40:48,2025-10-07 16:40:48,7,37
SES-001338,BAT-001338,ZONE-005,2025-10-03 11:24:36,2025-10-11 11:24:36,2025-10-10 11:24:36,5,8
SES-001339,BAT-001339,ZONE-009,2025-10-01 10:50:24,2025-12-06 10:50:24,2025-12-06 22:50:24,2,66
SES-001340,BAT-001340,ZONE-004,2025-08-29 09:59:24,2025-11-06 09:59:24,2025-11-07 09:59:24,5,69
SES-001341,BAT-001341,ZONE-022,2025-09-17 13:00:36,2025-12-02 13:00:36,2025-12-03 13:00:36,8,76
SES-001342,BAT-001342,ZONE-024,2025-10-17 16:47:24,2026-02-02 16:47:24,2026-02-03 04:47:24,7,108
SES-001343,BAT-001343,ZONE-004,2025-10-19 16:50:24,2026-01-29 16:50:24,2026-01-28 16:50:24,6,102
SES-001344,BAT-001344,ZONE-023,2025-07-19 13:07:48,2025-07-25 13:07:48,2025-07-25 13:07:48,4,6
SES-001345,BAT-001345,ZONE-008,2025-07-14 12:14:24,2025-07-25 12:14:24,2025-07-25 12:14:24,1,11
SES-001346,BAT-001346,ZONE-004,2025-10-21 19:21:36,2026-01-21 19:21:36,2026-01-21 19:21:36,7,92
SES-001347,BAT-001347,ZONE-004,2025-09-03 16:10:48,2026-01-29 16:10:48,2026-01-29 16:10:48,6,148
SES-001348,BAT-001348,ZONE-002,2025-08-05 10:16:12,2025-08-15 10:16:12,2025-08-15 22:16:12,7,10
SES-001349,BAT-001349,ZONE-002,2025-09-09 15:44:24,2025-12-06 15:44:24,2025-12-07 03:44:24,2,88
SES-001350,BAT-001350,ZONE-017,2025-10-20 16:33:36,2026-02-12 16:33:36,2026-02-12 16:33:36,7,115
SES-001351,BAT-001351,ZONE-004,2025-07-20 13:04:48,2025-08-12 13:04:48,2025-08-13 01:04:48,1,23
SES-001352,BAT-001352,ZONE-019,2025-08-24 11:53:24,2025-09-29 11:53:24,2025-09-30 11:53:24,4,36
SES-001353,BAT-001353,ZONE-006,2025-08-30 18:45:00,2025-11-04 18:45:00,2025-11-04 18:45:00,1,66
SES-001354,BAT-001354,ZONE-006,2025-09-13 17:45:00,2025-11-14 17:45:00,2025-11-14 17:45:00,5,62
SES-001355,BAT-001355,ZONE-023,2025-09-16 16:37:12,2025-10-02 16:37:12,2025-10-02 16:37:12,6,16
SES-001356,BAT-001356,ZONE-022,2025-07-15 11:10:12,2025-07-25 11:10:12,2025-07-25 11:10:12,1,10
SES-001357,BAT-001357,ZONE-016,2025-08-27 09:15:36,2025-11-17 09:15:36,2025-11-17 09:15:36,4,82
SES-001358,BAT-001358,ZONE-004,2025-08-24 18:21:36,2025-11-13 18:21:36,2025-11-13 18:21:36,3,81
SES-001359,BAT-001359,ZONE-004,2025-09-12 20:01:48,2025-12-06 20:01:48,2025-12-07 08:01:48,5,85
SES-001360,BAT-001360,ZONE-018,2025-08-15 14:51:36,2025-09-03 14:51:36,2025-09-04 02:51:36,2,19
SES-001361,BAT-001361,ZONE-011,2025-10-02 14:49:12,2026-02-21 14:49:12,2026-02-22 02:49:12,8,142
SES-001362,BAT-001362,ZONE-024,2025-08-28 14:45:00,2025-11-17 14:45:00,2025-11-17 14:45:00,2,81
SES-001363,BAT-001363,ZONE-024,2025-10-16 16:10:48,2025-11-29 16:10:48,2025-11-29 16:10:48,4,44
SES-001364,BAT-001364,ZONE-007,2025-08-26 12:53:24,2025-09-06 12:53:24,2025-09-06 12:53:24,1,11
SES-001365,BAT-001365,ZONE-002,2025-09-24 17:58:12,2025-12-28 17:58:12,2025-12-27 17:58:12,5,95
SES-001366,BAT-001366,ZONE-020,2025-09-19 14:54:36,2025-10-23 14:54:36,2025-10-23 14:54:36,8,34
SES-001367,BAT-001367,ZONE-014,2025-09-14 19:41:24,2025-11-15 19:41:24,2025-11-16 07:41:24,1,62
SES-001368,BAT-001368,ZONE-004,2025-08-25 14:18:00,2025-11-11 14:18:00,2025-11-12 14:18:00,1,78
SES-001369,BAT-001369,ZONE-002,2025-10-21 14:54:36,2026-01-29 14:54:36,2026-01-29 14:54:36,1,100
SES-001370,BAT-001370,ZONE-024,2025-09-12 10:27:36,2025-10-29 10:27:36,2025-10-28 10:27:36,2,47
SES-001371,BAT-001371,ZONE-004,2025-10-18 15:49:48,2026-01-30 15:49:48,2026-01-30 15:49:48,3,104
SES-001372,BAT-001372,ZONE-004,2025-10-02 16:51:00,2025-12-06 16:51:00,2025-12-05 16:51:00,7,65
SES-001373,BAT-001373,ZONE-017,2025-09-20 10:36:00,2025-12-25 10:36:00,2025-12-25 10:36:00,1,96
SES-001374,BAT-001374,ZONE-006,2025-06-22 11:15:36,2025-06-28 11:15:36,2025-06-29 11:15:36,1,6
SES-001375,BAT-001375,ZONE-004,2025-09-21 14:25:12,2026-01-01 14:25:12,2026-01-01 14:25:12,4,102
SES-001376,BAT-001376,ZONE-024,2025-09-17 12:01:12,2025-11-13 12:01:12,2025-11-14 00:01:12,4,57
SES-001377,BAT-001377,ZONE-008,2025-08-14 16:00:36,2025-09-07 16:00:36,2025-09-06 16:00:36,2,24
SES-001378,BAT-001378,ZONE-017,2025-10-11 08:59:24,2025-12-07 08:59:24,2025-12-07 08:59:24,7,57
SES-001379,BAT-001379,ZONE-021,2025-10-06 10:13:48,2025-11-30 10:13:48,2025-11-30 10:13:48,4,55
SES-001380,BAT-001380,ZONE-001,2025-10-15 13:55:48,2026-01-09 13:55:48,2026-01-08 13:55:48,6,86
SES-001381,BAT-001381,ZONE-021,2025-09-17 19:03:36,2025-11-03 19:03:36,2025-11-04 19:03:36,7,47
SES-001382,BAT-001382,ZONE-006,2025-10-18 15:31:48,2026-01-02 15:31:48,2026-01-01 15:31:48,3,76
SES-001383,BAT-001383,ZONE-012,2025-09-19 16:13:48,2025-09-26 16:13:48,2025-09-25 16:13:48,8,7
SES-001384,BAT-001384,ZONE-015,2025-10-01 17:28:48,2025-10-18 17:28:48,2025-10-17 17:28:48,8,17
SES-001385,BAT-001385,ZONE-006,2025-09-23 14:19:12,2026-01-02 14:19:12,2026-01-01 14:19:12,3,101
SES-001386,BAT-001386,ZONE-008,2025-10-20 12:17:24,2025-12-21 12:17:24,2025-12-22 12:17:24,8,62
SES-001387,BAT-001387,ZONE-017,2025-10-03 14:00:00,2026-01-17 14:00:00,2026-01-18 02:00:00,7,106
SES-001388,BAT-001388,ZONE-002,2025-09-29 12:05:24,2026-02-04 12:05:24,2026-02-05 12:05:24,8,128
SES-001389,BAT-001389,ZONE-009,2025-10-19 14:23:24,2025-11-12 14:23:24,2025-11-12 14:23:24,8,24
SES-001390,BAT-001390,ZONE-022,2025-09-03 13:36:00,2025-09-12 13:36:00,2025-09-12 13:36:00,5,9
SES-001391,BAT-001391,ZONE-002,2025-10-21 16:06:36,2026-01-18 16:06:36,2026-01-17 16:06:36,4,89
SES-001392,BAT-001392,ZONE-006,2025-09-18 18:32:24,2025-12-11 18:32:24,2025-12-12 18:32:24,4,84
SES-001393,BAT-001393,ZONE-006,2025-09-28 14:49:12,2025-11-03 14:49:12,2025-11-03 14:49:12,1,36
SES-001394,BAT-001394,ZONE-006,2025-09-23 18:25:48,2025-12-23 18:25:48,2025-12-22 18:25:48,2,91
SES-001395,BAT-001395,ZONE-010,2025-09-30 16:37:48,2025-10-27 16:37:48,2025-10-28 16:37:48,7,27
SES-001396,BAT-001396,ZONE-010,2025-09-30 14:23:24,2025-11-19 14:23:24,2025-11-19 14:23:24,6,50
SES-001397,BAT-001397,ZONE-004,2025-10-20 11:04:12,2026-02-05 11:04:12,2026-02-04 11:04:12,8,108
SES-001398,BAT-001398,ZONE-022,2025-09-27 10:32:24,2025-11-15 10:32:24,2025-11-15 10:32:24,6,49
SES-001399,BAT-001399,ZONE-014,2025-05-31 14:24:36,2025-06-06 14:24:36,2025-06-07 14:24:36,5,6
SES-001400,BAT-001400,ZONE-013,2025-06-05 13:40:48,2025-06-09 13:40:48,2025-06-08 13:40:48,1,4
SES-001401,BAT-001401,ZONE-022,2025-08-20 11:28:48,2025-09-16 11:28:48,2025-09-16 11:28:48,6,27
SES-001402,BAT-001402,ZONE-006,2025-09-23 17:49:12,2026-02-03 17:49:12,2026-02-03 17:49:12,3,133
SES-001403,BAT-001403,ZONE-016,2025-09-30 15:12:36,2025-12-07 15:12:36,2025-12-08 03:12:36,3,68
SES-001404,BAT-001404,ZONE-001,2025-10-16 18:56:24,2026-02-16 18:56:24,2026-02-16 18:56:24,7,123
SES-001405,BAT-001405,ZONE-006,2025-08-29 14:10:48,2025-10-31 14:10:48,2025-10-31 14:10:48,2,63
SES-001406,BAT-001406,ZONE-013,2025-07-04 20:28:12,2025-07-18 20:28:12,2025-07-17 20:28:12,1,14
SES-001407,BAT-001407,ZONE-014,2025-10-07 18:49:12,2026-02-17 18:49:12,2026-02-18 06:49:12,6,133
SES-001408,BAT-001408,ZONE-006,2025-10-19 19:09:36,2026-02-09 19:09:36,2026-02-09 19:09:36,6,113
SES-001409,BAT-001409,ZONE-003,2025-09-20 16:24:36,2026-01-31 16:24:36,2026-01-31 16:24:36,4,133
SES-001410,BAT-001410,ZONE-004,2025-06-26 15:07:12,2025-06-30 15:07:12,2025-06-30 15:07:12,5,4
SES-001411,BAT-001411,ZONE-004,2025-08-01 13:44:24,2025-09-05 13:44:24,2025-09-05 13:44:24,6,35
SES-001412,BAT-001412,ZONE-004,2025-09-28 16:03:36,2026-02-08 16:03:36,2026-02-07 16:03:36,2,133
SES-001413,BAT-001413,ZONE-006,2025-08-24 19:06:00,2025-10-27 19:06:00,2025-10-28 07:06:00,8,64
SES-001414,BAT-001414,ZONE-021,2025-10-21 16:43:48,2025-11-22 16:43:48,2025-11-22 16:43:48,3,32
SES-001415,BAT-001415,ZONE-001,2025-10-17 11:28:12,2026-01-16 11:28:12,2026-01-16 23:28:12,4,91
SES-001416,BAT-001416,ZONE-006,2025-10-17 16:12:00,2025-12-18 16:12:00,2025-12-19 16:12:00,8,62
SES-001417,BAT-001417,ZONE-001,2025-10-08 14:51:00,2025-12-25 14:51:00,2025-12-25 14:51:00,6,78
SES-001418,BAT-001418,ZONE-011,2025-09-10 18:05:24,2026-01-06 18:05:24,2026-01-06 18:05:24,1,118
SES-001419,BAT-001419,ZONE-001,2025-08-26 18:16:12,2025-11-05 18:16:12,2025-11-06 06:16:12,1,71
SES-001420,BAT-001420,ZONE-004,2025-09-25 10:22:12,2025-11-16 10:22:12,2025-11-16 22:22:12,3,52
SES-001421,BAT-001421,ZONE-001,2025-08-28 10:06:00,2025-12-04 10:06:00,2025-12-05 10:06:00,1,98
SES-001422,BAT-001422,ZONE-010,2025-10-02 17:26:24,2025-10-18 17:26:24,2025-10-19 17:26:24,4,16
SES-001423,BAT-001423,ZONE-006,2025-10-08 12:30:00,2025-12-31 12:30:00,2025-12-31 12:30:00,1,84
SES-001424,BAT-001424,ZONE-015,2025-09-28 15:48:00,2025-10-05 15:48:00,2025-10-06 15:48:00,7,7
SES-001425,BAT-001425,ZONE-011,2025-08-16 12:24:36,2025-08-21 12:24:36,2025-08-21 12:24:36,7,5
SES-001426,BAT-001426,ZONE-022,2025-10-08 14:19:48,2025-12-19 14:19:48,2025-12-19 14:19:48,2,72
SES-001427,BAT-001427,ZONE-017,2025-08-12 10:17:24,2025-09-06 10:17:24,2025-09-06 22:17:24,7,25
SES-001428,BAT-001428,ZONE-019,2025-08-12 10:04:12,2025-08-31 10:04:12,2025-08-31 10:04:12,8,19
SES-001429,BAT-001429,ZONE-006,2025-10-23 19:55:48,2026-01-25 19:55:48,2026-01-26 07:55:48,8,94
SES-001430,BAT-001430,ZONE-002,2025-09-10 13:10:48,2025-12-24 13:10:48,2025-12-24 13:10:48,6,105
SES-001431,BAT-001431,ZONE-013,2025-09-20 14:36:36,2026-02-03 14:36:36,2026-02-02 14:36:36,8,136
SES-001432,BAT-001432,ZONE-010,2025-08-18 15:51:36,2025-08-26 15:51:36,2025-08-26 15:51:36,3,8
SES-001433,BAT-001433,ZONE-017,2025-09-08 18:45:36,2025-10-10 18:45:36,2025-10-10 18:45:36,7,32
SES-001434,BAT-001434,ZONE-025,2025-09-17 17:07:48,2025-11-05 17:07:48,2025-11-05 17:07:48,6,49
SES-001435,BAT-001435,ZONE-008,2025-05-29 13:52:12,2025-06-01 13:52:12,2025-06-01 13:52:12,3,3
SES-001436,BAT-001436,ZONE-004,2025-07-25 13:26:24,2025-08-09 13:26:24,2025-08-08 13:26:24,1,15
SES-001437,BAT-001437,ZONE-002,2025-09-20 15:06:36,2025-10-16 15:06:36,2025-10-16 15:06:36,1,26
SES-001438,BAT-001438,ZONE-021,2025-10-10 08:51:36,2025-11-12 08:51:36,2025-11-13 08:51:36,7,33
SES-001439,BAT-001439,ZONE-006,2025-09-08 10:13:12,2026-01-13 10:13:12,2026-01-13 10:13:12,7,127
SES-001440,BAT-001440,ZONE-022,2025-10-20 16:22:48,2025-12-14 16:22:48,2025-12-15 16:22:48,3,55
SES-001441,BAT-001441,ZONE-004,2025-08-30 19:27:00,2025-12-19 19:27:00,2025-12-19 19:27:00,1,111
SES-001442,BAT-001442,ZONE-004,2025-10-10 12:18:00,2026-02-02 12:18:00,2026-02-02 12:18:00,8,115
SES-001443,BAT-001443,ZONE-009,2025-09-30 18:20:24,2025-10-21 18:20:24,2025-10-22 06:20:24,6,21
SES-001444,BAT-001444,ZONE-002,2025-09-16 11:59:24,2025-12-24 11:59:24,2025-12-24 11:59:24,1,99
SES-001445,BAT-001445,ZONE-013,2025-05-27 18:46:48,2025-06-02 18:46:48,2025-06-01 18:46:48,6,6
SES-001446,BAT-001446,ZONE-014,2025-06-19 09:12:36,2025-06-28 09:12:36,2025-06-28 09:12:36,4,9
SES-001447,BAT-001447,ZONE-001,2025-09-05 12:51:00,2025-11-07 12:51:00,2025-11-06 12:51:00,4,63
SES-001448,BAT-001448,ZONE-006,2025-10-05 13:25:48,2025-11-27 13:25:48,2025-11-28 13:25:48,6,53
SES-001449,BAT-001449,ZONE-023,2025-09-14 09:25:12,2025-09-21 09:25:12,2025-09-21 09:25:12,3,7
SES-001450,BAT-001450,ZONE-004,2025-10-12 13:09:36,2026-01-04 13:09:36,2026-01-04 13:09:36,1,84
SES-001451,BAT-001451,ZONE-004,2025-08-26 15:21:36,2025-12-27 15:21:36,2025-12-28 03:21:36,2,123
SES-001452,BAT-001452,ZONE-017,2025-09-27 19:38:24,2025-12-31 19:38:24,2025-12-31 19:38:24,7,95
SES-001453,BAT-001453,ZONE-017,2025-10-16 16:32:24,2025-12-14 16:32:24,2025-12-15 16:32:24,5,59
SES-001454,BAT-001454,ZONE-001,2025-09-16 14:03:00,2025-10-01 14:03:00,2025-09-30 14:03:00,4,15
SES-001455,BAT-001455,ZONE-022,2025-10-10 16:43:48,2026-03-31 16:43:48,2026-03-31 16:43:48,1,172
SES-001456,BAT-001456,ZONE-017,2025-08-19 16:04:12,2025-09-12 16:04:12,2025-09-11 16:04:12,5,24
SES-001457,BAT-001457,ZONE-015,2025-07-25 11:22:12,2025-08-08 11:22:12,2025-08-08 11:22:12,7,14
SES-001458,BAT-001458,ZONE-012,2025-08-18 15:28:48,2025-08-27 15:28:48,2025-08-26 15:28:48,3,9
SES-001459,BAT-001459,ZONE-013,2025-09-06 13:19:48,2025-09-29 13:19:48,2025-09-28 13:19:48,1,23
SES-001460,BAT-001460,ZONE-006,2025-09-02 13:23:24,2025-11-29 13:23:24,2025-11-29 13:23:24,5,88
SES-001461,BAT-001461,ZONE-004,2025-10-01 13:08:24,2026-03-02 13:08:24,2026-03-01 13:08:24,1,152
SES-001462,BAT-001462,ZONE-017,2025-09-07 17:36:36,2025-10-19 17:36:36,2025-10-20 17:36:36,8,42
SES-001463,BAT-001463,ZONE-011,2025-10-04 15:46:12,2025-12-24 15:46:12,2025-12-23 15:46:12,4,81
SES-001464,BAT-001464,ZONE-004,2025-07-10 13:45:36,2025-07-13 13:45:36,2025-07-14 01:45:36,4,3
SES-001465,BAT-001465,ZONE-006,2025-10-03 11:19:48,2025-11-30 11:19:48,2025-11-30 11:19:48,3,58
SES-001466,BAT-001466,ZONE-013,2025-08-21 15:00:36,2025-09-24 15:00:36,2025-09-25 15:00:36,2,34
SES-001467,BAT-001467,ZONE-017,2025-10-09 10:58:12,2025-11-03 10:58:12,2025-11-02 10:58:12,1,25
SES-001468,BAT-001468,ZONE-006,2025-09-17 18:46:12,2025-12-16 18:46:12,2025-12-17 06:46:12,6,90
SES-001469,BAT-001469,ZONE-004,2025-08-05 13:46:12,2025-08-20 13:46:12,2025-08-19 13:46:12,5,15
SES-001470,BAT-001470,ZONE-011,2025-08-15 09:09:00,2025-09-05 09:09:00,2025-09-05 09:09:00,3,21
SES-001471,BAT-001471,ZONE-022,2025-10-10 19:47:24,2025-12-29 19:47:24,2025-12-29 19:47:24,7,80
SES-001472,BAT-001472,ZONE-004,2025-08-12 14:19:48,2025-09-03 14:19:48,2025-09-04 02:19:48,5,22
SES-001473,BAT-001473,ZONE-004,2025-08-11 11:10:48,2025-08-16 11:10:48,2025-08-16 11:10:48,4,5
SES-001474,BAT-001474,ZONE-019,2025-10-15 19:23:24,2025-11-28 19:23:24,2025-11-27 19:23:24,8,44
SES-001475,BAT-001475,ZONE-023,2025-09-03 12:25:12,2025-09-15 12:25:12,2025-09-15 12:25:12,4,12
SES-001476,BAT-001476,ZONE-004,2025-09-27 16:49:12,2026-01-27 16:49:12,2026-01-27 16:49:12,6,122
SES-001477,BAT-001477,ZONE-004,2025-09-21 12:08:24,2025-12-01 12:08:24,2025-12-02 00:08:24,1,71
SES-001478,BAT-001478,ZONE-001,2025-09-17 15:09:00,2026-01-22 15:09:00,2026-01-23 15:09:00,1,127
SES-001479,BAT-001479,ZONE-017,2025-10-17 15:57:00,2026-02-28 15:57:00,2026-02-28 15:57:00,7,134
SES-001480,BAT-001480,ZONE-024,2025-10-17 16:33:00,2025-11-30 16:33:00,2025-12-01 04:33:00,6,44
SES-001481,BAT-001481,ZONE-022,2025-09-18 20:41:24,2025-10-13 20:41:24,2025-10-13 20:41:24,6,25
SES-001482,BAT-001482,ZONE-025,2025-08-08 14:59:24,2025-09-02 14:59:24,2025-09-02 14:59:24,7,25
SES-001483,BAT-001483,ZONE-004,2025-08-23 13:17:24,2025-10-21 13:17:24,2025-10-21 13:17:24,7,59
SES-001484,BAT-001484,ZONE-011,2025-09-06 11:45:36,2025-10-17 11:45:36,2025-10-17 23:45:36,3,41
SES-001485,BAT-001485,ZONE-002,2025-09-21 18:06:36,2025-11-26 18:06:36,2025-11-26 18:06:36,8,66
SES-001486,BAT-001486,ZONE-017,2025-06-21 17:36:00,2025-06-25 17:36:00,2025-06-25 17:36:00,3,4
SES-001487,BAT-001487,ZONE-017,2025-10-07 16:00:36,2025-10-17 16:00:36,2025-10-18 16:00:36,8,10
SES-001488,BAT-001488,ZONE-011,2025-07-07 17:36:36,2025-07-18 17:36:36,2025-07-19 17:36:36,3,11
SES-001489,BAT-001489,ZONE-004,2025-08-20 11:52:48,2025-08-26 11:52:48,2025-08-26 11:52:48,2,6
SES-001490,BAT-001490,ZONE-018,2025-07-12 19:40:12,2025-07-22 19:40:12,2025-07-21 19:40:12,2,10
SES-001491,BAT-001491,ZONE-003,2025-08-26 16:34:48,2026-01-21 16:34:48,2026-01-22 16:34:48,1,148
SES-001492,BAT-001492,ZONE-023,2025-09-29 15:31:12,2025-10-13 15:31:12,2025-10-13 15:31:12,8,14
SES-001493,BAT-001493,ZONE-004,2025-07-14 12:37:48,2025-08-01 12:37:48,2025-08-01 12:37:48,1,18
SES-001494,BAT-001494,ZONE-004,2025-09-18 18:53:24,2025-12-05 18:53:24,2025-12-05 18:53:24,4,78
SES-001495,BAT-001495,ZONE-020,2025-10-01 12:34:48,2025-12-13 12:34:48,2025-12-13 12:34:48,1,73
SES-001496,BAT-001496,ZONE-006,2025-09-21 13:21:36,2025-12-26 13:21:36,2025-12-27 13:21:36,4,96
SES-001497,BAT-001497,ZONE-014,2025-10-09 18:24:00,2025-11-06 18:24:00,2025-11-07 06:24:00,3,28
SES-001498,BAT-001498,ZONE-015,2025-09-26 15:47:24,2025-10-07 15:47:24,2025-10-06 15:47:24,4,11
SES-001499,BAT-001499,ZONE-016,2025-08-29 17:49:48,2025-09-16 17:49:48,2025-09-16 17:49:48,6,18
SES-001500,BAT-001500,ZONE-015,2025-07-25 12:35:24,2025-07-30 12:35:24,2025-07-31 00:35:24,7,5
SES-001501,BAT-001501,ZONE-017,2025-08-18 14:03:00,2025-09-01 14:03:00,2025-09-02 02:03:00,3,14
SES-001502,BAT-001502,ZONE-006,2025-09-22 16:34:12,2025-10-15 16:34:12,2025-10-14 16:34:12,4,23
SES-001503,BAT-001503,ZONE-006,2025-10-09 19:07:48,2025-12-30 19:07:48,2025-12-30 19:07:48,2,82
SES-001504,BAT-001504,ZONE-002,2025-10-02 11:10:12,2025-12-31 11:10:12,2025-12-31 23:10:12,7,90
SES-001505,BAT-001505,ZONE-019,2025-08-17 15:06:36,2025-09-11 15:06:36,2025-09-11 15:06:36,5,25
SES-001506,BAT-001506,ZONE-023,2025-10-04 12:18:00,2025-10-11 12:18:00,2025-10-11 12:18:00,7,7
SES-001507,BAT-001507,ZONE-022,2025-10-07 12:17:24,2025-11-03 12:17:24,2025-11-02 12:17:24,3,27
SES-001508,BAT-001508,ZONE-022,2025-10-10 16:07:12,2025-11-13 16:07:12,2025-11-13 16:07:12,2,34
SES-001509,BAT-001509,ZONE-024,2025-09-29 14:28:48,2025-11-04 14:28:48,2025-11-04 14:28:48,2,36
SES-001510,BAT-001510,ZONE-015,2025-09-05 18:09:00,2025-09-23 18:09:00,2025-09-24 06:09:00,7,18
SES-001511,BAT-001511,ZONE-001,2025-09-26 18:36:00,2025-12-13 18:36:00,2025-12-12 18:36:00,7,78
SES-001512,BAT-001512,ZONE-011,2025-08-14 14:46:48,2025-09-05 14:46:48,2025-09-05 14:46:48,4,22
SES-001513,BAT-001513,ZONE-001,2025-09-02 12:12:00,2025-09-27 12:12:00,2025-09-28 00:12:00,7,25
SES-001514,BAT-001514,ZONE-019,2025-10-06 15:41:24,2026-01-30 15:41:24,2026-01-30 15:41:24,2,116
SES-001515,BAT-001515,ZONE-003,2025-10-15 16:25:12,2026-01-25 16:25:12,2026-01-25 16:25:12,6,102
SES-001516,BAT-001516,ZONE-022,2025-09-28 13:34:48,2025-12-12 13:34:48,2025-12-13 13:34:48,1,75
SES-001517,BAT-001517,ZONE-010,2025-09-21 12:52:12,2025-10-09 12:52:12,2025-10-08 12:52:12,2,18
SES-001518,BAT-001518,ZONE-013,2025-09-13 16:31:12,2025-10-12 16:31:12,2025-10-12 16:31:12,6,29
SES-001519,BAT-001519,ZONE-013,2025-06-22 14:57:36,2025-06-30 14:57:36,2025-06-30 14:57:36,4,8
SES-001520,BAT-001520,ZONE-017,2025-06-06 11:45:36,2025-06-13 11:45:36,2025-06-13 11:45:36,3,7
SES-001521,BAT-001521,ZONE-003,2025-08-26 18:41:24,2025-12-12 18:41:24,2025-12-13 18:41:24,7,108
SES-001522,BAT-001522,ZONE-004,2025-10-20 17:29:24,2026-01-28 17:29:24,2026-01-28 17:29:24,1,100
SES-001523,BAT-001523,ZONE-004,2025-10-21 11:28:48,2026-01-19 11:28:48,2026-01-19 11:28:48,2,90
SES-001524,BAT-001524,ZONE-008,2025-09-30 12:19:48,2026-02-15 12:19:48,2026-02-16 12:19:48,4,138
SES-001525,BAT-001525,ZONE-019,2025-09-06 17:22:48,2026-01-21 17:22:48,2026-01-21 17:22:48,5,137
SES-001526,BAT-001526,ZONE-024,2025-08-01 09:24:36,2025-08-27 09:24:36,2025-08-27 09:24:36,2,26
SES-001527,BAT-001527,ZONE-006,2025-08-15 10:46:48,2025-08-27 10:46:48,2025-08-28 10:46:48,6,12
SES-001528,BAT-001528,ZONE-004,2025-09-12 14:15:00,2026-01-02 14:15:00,2026-01-02 14:15:00,3,112
SES-001529,BAT-001529,ZONE-006,2025-09-22 19:43:12,2025-10-23 19:43:12,2025-10-22 19:43:12,8,31
SES-001530,BAT-001530,ZONE-022,2025-09-17 18:35:24,2025-11-12 18:35:24,2025-11-11 18:35:24,7,56
SES-001531,BAT-001531,ZONE-004,2025-08-22 11:39:36,2025-09-16 11:39:36,2025-09-16 11:39:36,4,25
SES-001532,BAT-001532,ZONE-002,2025-07-23 13:21:36,2025-07-26 13:21:36,2025-07-26 13:21:36,3,3
SES-001533,BAT-001533,ZONE-006,2025-09-13 10:00:36,2026-02-13 10:00:36,2026-02-13 10:00:36,6,153
SES-001534,BAT-001534,ZONE-014,2025-10-05 12:13:12,2025-10-31 12:13:12,2025-11-01 00:13:12,5,26
SES-001535,BAT-001535,ZONE-004,2025-09-05 13:42:36,2025-12-03 13:42:36,2025-12-04 13:42:36,4,89
SES-001536,BAT-001536,ZONE-001,2025-08-22 15:16:48,2025-10-24 15:16:48,2025-10-25 03:16:48,2,63
SES-001537,BAT-001537,ZONE-004,2025-09-13 16:37:48,2026-02-22 16:37:48,2026-02-22 16:37:48,3,162
SES-001538,BAT-001538,ZONE-012,2025-10-06 16:42:36,2025-10-14 16:42:36,2025-10-14 16:42:36,1,8
SES-001539,BAT-001539,ZONE-009,2025-08-10 17:00:00,2025-09-10 17:00:00,2025-09-10 17:00:00,6,31
SES-001540,BAT-001540,ZONE-023,2025-07-20 20:21:36,2025-07-27 20:21:36,2025-07-28 08:21:36,7,7
SES-001541,BAT-001541,ZONE-004,2025-06-21 19:12:36,2025-06-25 19:12:36,2025-06-26 07:12:36,1,4
SES-001542,BAT-001542,ZONE-025,2025-06-28 19:25:12,2025-07-18 19:25:12,2025-07-18 19:25:12,6,20
SES-001543,BAT-001543,ZONE-004,2025-08-23 20:22:48,2025-11-12 20:22:48,2025-11-13 20:22:48,4,81
SES-001544,BAT-001544,ZONE-006,2025-10-12 16:16:48,2025-12-14 16:16:48,2025-12-15 16:16:48,6,63
SES-001545,BAT-001545,ZONE-006,2025-09-03 13:54:36,2025-12-02 13:54:36,2025-12-03 01:54:36,7,90
SES-001546,BAT-001546,ZONE-013,2025-09-24 17:09:36,2026-01-24 17:09:36,2026-01-25 05:09:36,7,122
SES-001547,BAT-001547,ZONE-024,2025-08-26 12:30:00,2025-09-09 12:30:00,2025-09-09 12:30:00,5,14
SES-001548,BAT-001548,ZONE-017,2025-09-20 20:04:48,2025-10-05 20:04:48,2025-10-05 20:04:48,2,15
SES-001549,BAT-001549,ZONE-006,2025-08-26 16:51:36,2025-09-16 16:51:36,2025-09-16 16:51:36,7,21
SES-001550,BAT-001550,ZONE-013,2025-08-26 16:33:00,2025-11-06 16:33:00,2025-11-05 16:33:00,5,72
SES-001551,BAT-001551,ZONE-006,2025-09-03 17:54:36,2025-09-26 17:54:36,2025-09-26 17:54:36,5,23
SES-001552,BAT-001552,ZONE-012,2025-09-05 15:07:12,2025-09-15 15:07:12,2025-09-14 15:07:12,2,10
SES-001553,BAT-001553,ZONE-018,2025-07-20 14:28:48,2025-08-07 14:28:48,2025-08-07 14:28:48,2,18
SES-001554,BAT-001554,ZONE-006,2025-09-28 14:24:00,2025-12-27 14:24:00,2025-12-26 14:24:00,3,90
SES-001555,BAT-001555,ZONE-008,2025-07-30 18:07:48,2025-08-12 18:07:48,2025-08-12 18:07:48,2,13
SES-001556,BAT-001556,ZONE-004,2025-10-10 16:16:12,2026-03-11 16:16:12,2026-03-12 16:16:12,5,152
SES-001557,BAT-001557,ZONE-006,2025-07-19 15:19:12,2025-08-06 15:19:12,2025-08-07 03:19:12,6,18
SES-001558,BAT-001558,ZONE-017,2025-10-22 19:02:24,2026-01-27 19:02:24,2026-01-26 19:02:24,4,97
SES-001559,BAT-001559,ZONE-017,2025-09-03 12:43:48,2025-10-18 12:43:48,2025-10-18 12:43:48,3,45
SES-001560,BAT-001560,ZONE-006,2025-09-23 11:09:36,2026-01-31 11:09:36,2026-01-31 11:09:36,3,130
SES-001561,BAT-001561,ZONE-008,2025-09-02 15:07:48,2025-11-01 15:07:48,2025-10-31 15:07:48,4,60
SES-001562,BAT-001562,ZONE-006,2025-09-05 17:16:12,2025-09-16 17:16:12,2025-09-17 17:16:12,6,11
SES-001563,BAT-001563,ZONE-004,2025-10-08 13:42:36,2025-12-10 13:42:36,2025-12-09 13:42:36,4,63
SES-001564,BAT-001564,ZONE-017,2025-07-27 16:39:00,2025-08-09 16:39:00,2025-08-08 16:39:00,6,13
SES-001565,BAT-001565,ZONE-006,2025-09-10 09:15:36,2025-12-13 09:15:36,2025-12-12 09:15:36,5,94
SES-001566,BAT-001566,ZONE-004,2025-09-07 12:44:24,2025-11-21 12:44:24,2025-11-21 12:44:24,7,75
SES-001567,BAT-001567,ZONE-022,2025-09-20 14:54:00,2025-10-13 14:54:00,2025-10-13 14:54:00,8,23
SES-001568,BAT-001568,ZONE-016,2025-08-25 13:18:00,2025-09-15 13:18:00,2025-09-16 13:18:00,6,21
SES-001569,BAT-001569,ZONE-019,2025-10-08 13:13:48,2025-11-02 13:13:48,2025-11-03 01:13:48,8,25
SES-001570,BAT-001570,ZONE-012,2025-08-20 11:27:00,2025-08-29 11:27:00,2025-08-30 11:27:00,7,9
SES-001571,BAT-001571,ZONE-012,2025-08-28 20:19:12,2025-09-11 20:19:12,2025-09-12 08:19:12,2,14
SES-001572,BAT-001572,ZONE-002,2025-09-09 20:04:12,2025-12-31 20:04:12,2025-12-31 20:04:12,5,113
SES-001573,BAT-001573,ZONE-006,2025-10-01 18:15:36,2026-01-03 18:15:36,2026-01-03 18:15:36,4,94
SES-001574,BAT-001574,ZONE-003,2025-10-05 08:39:36,2026-01-25 08:39:36,2026-01-25 08:39:36,6,112
SES-001575,BAT-001575,ZONE-023,2025-09-27 17:10:12,2025-10-07 17:10:12,2025-10-06 17:10:12,7,10
SES-001576,BAT-001576,ZONE-019,2025-08-16 14:42:00,2025-11-29 14:42:00,2025-11-29 14:42:00,7,105
SES-001577,BAT-001577,ZONE-017,2025-09-09 12:22:48,2025-11-15 12:22:48,2025-11-16 00:22:48,6,67
SES-001578,BAT-001578,ZONE-004,2025-08-25 19:28:12,2025-11-18 19:28:12,2025-11-18 19:28:12,7,85
SES-001579,BAT-001579,ZONE-013,2025-08-06 15:29:24,2025-08-27 15:29:24,2025-08-28 03:29:24,8,21
SES-001580,BAT-001580,ZONE-006,2025-08-08 16:55:48,2025-08-13 16:55:48,2025-08-13 16:55:48,1,5
SES-001581,BAT-001581,ZONE-024,2025-10-16 16:50:24,2025-12-02 16:50:24,2025-12-01 16:50:24,1,47
SES-001582,BAT-001582,ZONE-003,2025-10-10 10:50:24,2026-02-04 10:50:24,2026-02-04 10:50:24,3,117
SES-001583,BAT-001583,ZONE-017,2025-09-26 18:11:24,2025-10-09 18:11:24,2025-10-09 18:11:24,2,13
SES-001584,BAT-001584,ZONE-014,2025-08-18 21:10:12,2025-11-26 21:10:12,2025-11-26 21:10:12,6,100
SES-001585,BAT-001585,ZONE-010,2025-09-03 10:21:00,2025-09-19 10:21:00,2025-09-19 10:21:00,5,16
SES-001586,BAT-001586,ZONE-006,2025-10-20 17:45:00,2025-12-19 17:45:00,2025-12-20 05:45:00,4,60
SES-001587,BAT-001587,ZONE-022,2025-08-20 16:36:36,2025-08-24 16:36:36,2025-08-24 16:36:36,2,4
SES-001588,BAT-001588,ZONE-004,2025-09-17 10:53:24,2025-10-25 10:53:24,2025-10-24 10:53:24,4,38
SES-001589,BAT-001589,ZONE-003,2025-10-17 16:15:00,2026-01-13 16:15:00,2026-01-13 16:15:00,6,88
SES-001590,BAT-001590,ZONE-017,2025-09-09 13:21:36,2025-10-23 13:21:36,2025-10-23 13:21:36,4,44
SES-001591,BAT-001591,ZONE-003,2025-09-03 20:24:00,2026-01-16 20:24:00,2026-01-16 20:24:00,5,135
SES-001592,BAT-001592,ZONE-006,2025-09-18 17:38:24,2026-01-07 17:38:24,2026-01-07 17:38:24,1,111
SES-001593,BAT-001593,ZONE-007,2025-09-04 17:19:12,2025-09-13 17:19:12,2025-09-13 17:19:12,1,9
SES-001594,BAT-001594,ZONE-006,2025-10-01 15:26:24,2026-01-14 15:26:24,2026-01-14 15:26:24,7,105
SES-001595,BAT-001595,ZONE-002,2025-06-11 10:08:24,2025-06-20 10:08:24,2025-06-20 10:08:24,8,9
SES-001596,BAT-001596,ZONE-016,2025-10-01 15:46:48,2025-11-17 15:46:48,2025-11-18 03:46:48,7,47
SES-001597,BAT-001597,ZONE-006,2025-09-12 10:37:48,2025-11-19 10:37:48,2025-11-19 10:37:48,7,68
SES-001598,BAT-001598,ZONE-019,2025-10-16 12:52:12,2025-11-25 12:52:12,2025-11-25 12:52:12,3,40
SES-001599,BAT-001599,ZONE-008,2025-08-26 12:27:36,2025-09-15 12:27:36,2025-09-15 12:27:36,2,20
SES-001600,BAT-001600,ZONE-023,2025-07-07 18:58:48,2025-07-21 18:58:48,2025-07-21 18:58:48,4,14
SES-001601,BAT-001601,ZONE-012,2025-08-23 12:18:00,2025-08-30 12:18:00,2025-08-30 12:18:00,8,7
SES-001602,BAT-001602,ZONE-020,2025-08-14 12:36:36,2025-08-23 12:36:36,2025-08-24 12:36:36,6,9
SES-001603,BAT-001603,ZONE-006,2025-09-30 12:03:00,2026-03-19 12:03:00,2026-03-20 12:03:00,4,170
SES-001604,BAT-001604,ZONE-008,2025-08-19 13:36:36,2025-08-26 13:36:36,2025-08-26 13:36:36,5,7
SES-001605,BAT-001605,ZONE-025,2025-09-14 13:28:48,2025-11-07 13:28:48,2025-11-07 13:28:48,3,54
SES-001606,BAT-001606,ZONE-006,2025-09-02 15:00:00,2025-12-15 15:00:00,2025-12-15 15:00:00,8,104
SES-001607,BAT-001607,ZONE-017,2025-10-02 09:27:00,2025-12-23 09:27:00,2025-12-23 09:27:00,7,82
SES-001608,BAT-001608,ZONE-024,2025-09-08 11:58:48,2025-10-05 11:58:48,2025-10-04 11:58:48,4,27
SES-001609,BAT-001609,ZONE-022,2025-09-09 13:01:48,2025-10-16 13:01:48,2025-10-16 13:01:48,4,37
SES-001610,BAT-001610,ZONE-002,2025-09-10 11:36:00,2026-01-06 11:36:00,2026-01-06 11:36:00,3,118
SES-001611,BAT-001611,ZONE-002,2025-09-05 15:22:48,2025-09-20 15:22:48,2025-09-21 15:22:48,8,15
SES-001612,BAT-001612,ZONE-015,2025-09-06 10:46:12,2025-09-17 10:46:12,2025-09-17 10:46:12,5,11
SES-001613,BAT-001613,ZONE-009,2025-07-22 11:18:36,2025-08-04 11:18:36,2025-08-04 11:18:36,4,13
SES-001614,BAT-001614,ZONE-014,2025-08-12 10:41:24,2025-08-28 10:41:24,2025-08-28 10:41:24,4,16
SES-001615,BAT-001615,ZONE-014,2025-09-23 15:01:12,2025-10-04 15:01:12,2025-10-04 15:01:12,4,11
SES-001616,BAT-001616,ZONE-009,2025-10-08 19:22:12,2025-11-30 19:22:12,2025-11-29 19:22:12,4,53
SES-001617,BAT-001617,ZONE-012,2025-07-10 16:03:36,2025-07-23 16:03:36,2025-07-23 16:03:36,4,13
SES-001618,BAT-001618,ZONE-006,2025-09-21 11:45:00,2026-01-14 11:45:00,2026-01-14 11:45:00,3,115
SES-001619,BAT-001619,ZONE-017,2025-09-07 11:06:36,2025-10-03 11:06:36,2025-10-03 11:06:36,1,26
SES-001620,BAT-001620,ZONE-002,2025-09-23 17:24:36,2026-01-01 17:24:36,2025-12-31 17:24:36,5,100
SES-001621,BAT-001621,ZONE-004,2025-08-07 14:09:36,2025-08-11 14:09:36,2025-08-11 14:09:36,4,4
SES-001622,BAT-001622,ZONE-003,2025-09-14 15:25:48,2025-12-12 15:25:48,2025-12-13 03:25:48,7,89
SES-001623,BAT-001623,ZONE-013,2025-09-24 13:37:48,2026-01-10 13:37:48,2026-01-09 13:37:48,8,108
SES-001624,BAT-001624,ZONE-025,2025-09-10 15:42:00,2025-11-29 15:42:00,2025-11-29 15:42:00,4,80
SES-001625,BAT-001625,ZONE-004,2025-07-08 20:51:00,2025-07-30 20:51:00,2025-07-29 20:51:00,5,22
SES-001626,BAT-001626,ZONE-006,2025-08-11 13:57:00,2025-09-01 13:57:00,2025-09-02 01:57:00,1,21
SES-001627,BAT-001627,ZONE-007,2025-07-02 16:03:00,2025-07-15 16:03:00,2025-07-15 16:03:00,8,13
SES-001628,BAT-001628,ZONE-004,2025-10-21 19:11:24,2026-01-18 19:11:24,2026-01-18 19:11:24,6,89
SES-001629,BAT-001629,ZONE-002,2025-10-21 13:30:00,2025-12-10 13:30:00,2025-12-10 13:30:00,1,50
SES-001630,BAT-001630,ZONE-009,2025-09-09 20:13:12,2025-11-24 20:13:12,2025-11-23 20:13:12,5,76
SES-001631,BAT-001631,ZONE-017,2025-08-09 14:54:36,2025-08-22 14:54:36,2025-08-22 14:54:36,1,13
SES-001632,BAT-001632,ZONE-001,2025-06-26 12:57:36,2025-07-02 12:57:36,2025-07-02 12:57:36,2,6
SES-001633,BAT-001633,ZONE-003,2025-10-02 15:45:00,2026-02-17 15:45:00,2026-02-16 15:45:00,4,138
SES-001634,BAT-001634,ZONE-017,2025-10-04 12:42:36,2025-10-26 12:42:36,2025-10-26 12:42:36,3,22
SES-001635,BAT-001635,ZONE-002,2025-09-29 13:34:48,2026-03-20 13:34:48,2026-03-20 13:34:48,4,172
SES-001636,BAT-001636,ZONE-013,2025-08-31 18:47:24,2025-11-17 18:47:24,2025-11-16 18:47:24,6,78
SES-001637,BAT-001637,ZONE-025,2025-08-03 13:10:12,2025-08-25 13:10:12,2025-08-24 13:10:12,1,22
SES-001638,BAT-001638,ZONE-001,2025-10-24 15:06:00,2026-03-03 15:06:00,2026-03-03 15:06:00,1,130
SES-001639,BAT-001639,ZONE-006,2025-10-25 16:18:36,2026-03-24 16:18:36,2026-03-25 04:18:36,4,150
SES-001640,BAT-001640,ZONE-017,2025-10-11 13:25:12,2025-11-11 13:25:12,2025-11-11 13:25:12,2,31
SES-001641,BAT-001641,ZONE-006,2025-10-20 17:52:12,2026-01-29 17:52:12,2026-01-29 17:52:12,1,101
SES-001642,BAT-001642,ZONE-014,2025-10-02 15:41:24,2026-01-28 15:41:24,2026-01-29 15:41:24,7,118
SES-001643,BAT-001643,ZONE-012,2025-07-23 13:06:00,2025-07-30 13:06:00,2025-07-30 13:06:00,6,7
SES-001644,BAT-001644,ZONE-021,2025-09-09 14:43:48,2025-10-28 14:43:48,2025-10-29 14:43:48,8,49
SES-001645,BAT-001645,ZONE-007,2025-09-29 18:28:48,2025-10-13 18:28:48,2025-10-12 18:28:48,1,14
SES-001646,BAT-001646,ZONE-017,2025-08-05 16:06:36,2025-08-25 16:06:36,2025-08-25 16:06:36,2,20
SES-001647,BAT-001647,ZONE-006,2025-09-11 15:40:48,2025-12-15 15:40:48,2025-12-14 15:40:48,4,95
SES-001648,BAT-001648,ZONE-001,2025-08-31 17:07:12,2025-12-15 17:07:12,2025-12-16 05:07:12,3,106
SES-001649,BAT-001649,ZONE-017,2025-07-30 14:57:36,2025-08-17 14:57:36,2025-08-18 02:57:36,4,18
SES-001650,BAT-001650,ZONE-001,2025-10-14 10:25:48,2025-12-15 10:25:48,2025-12-14 10:25:48,2,62
SES-001651,BAT-001651,ZONE-016,2025-07-31 13:03:00,2025-08-11 13:03:00,2025-08-11 13:03:00,7,11
SES-001652,BAT-001652,ZONE-014,2025-10-10 12:42:36,2025-10-29 12:42:36,2025-10-30 00:42:36,6,19
SES-001653,BAT-001653,ZONE-017,2025-08-15 09:47:24,2025-09-12 09:47:24,2025-09-12 09:47:24,4,28
SES-001654,BAT-001654,ZONE-021,2025-09-22 14:36:00,2025-10-10 14:36:00,2025-10-11 14:36:00,7,18
SES-001655,BAT-001655,ZONE-017,2025-08-22 16:49:12,2025-09-09 16:49:12,2025-09-10 16:49:12,2,18
SES-001656,BAT-001656,ZONE-001,2025-08-25 10:58:12,2025-10-31 10:58:12,2025-10-31 10:58:12,6,67
SES-001657,BAT-001657,ZONE-004,2025-09-20 20:05:24,2026-01-30 20:05:24,2026-01-31 08:05:24,7,132
SES-001658,BAT-001658,ZONE-003,2025-10-01 15:09:00,2025-12-12 15:09:00,2025-12-12 15:09:00,7,72
SES-001659,BAT-001659,ZONE-016,2025-10-20 15:59:24,2026-02-01 15:59:24,2026-01-31 15:59:24,7,104
SES-001660,BAT-001660,ZONE-013,2025-08-30 15:28:12,2025-09-28 15:28:12,2025-09-28 15:28:12,4,29
SES-001661,BAT-001661,ZONE-009,2025-09-30 13:33:00,2025-12-12 13:33:00,2025-12-12 13:33:00,3,73
SES-001662,BAT-001662,ZONE-020,2025-10-02 18:15:36,2025-11-16 18:15:36,2025-11-17 06:15:36,6,45
SES-001663,BAT-001663,ZONE-006,2025-08-29 12:18:00,2025-10-19 12:18:00,2025-10-19 12:18:00,4,51
SES-001664,BAT-001664,ZONE-002,2025-08-28 17:12:00,2025-11-28 17:12:00,2025-11-27 17:12:00,5,92
SES-001665,BAT-001665,ZONE-023,2025-08-11 16:10:48,2025-08-22 16:10:48,2025-08-23 16:10:48,3,11
SES-001666,BAT-001666,ZONE-012,2025-09-03 15:23:24,2025-09-13 15:23:24,2025-09-12 15:23:24,5,10
SES-001667,BAT-001667,ZONE-003,2025-06-21 16:48:36,2025-06-25 16:48:36,2025-06-25 16:48:36,6,4
SES-001668,BAT-001668,ZONE-020,2025-10-03 14:42:00,2025-10-13 14:42:00,2025-10-12 14:42:00,8,10
SES-001669,BAT-001669,ZONE-009,2025-07-14 10:00:00,2025-07-30 10:00:00,2025-07-29 10:00:00,8,16
SES-001670,BAT-001670,ZONE-006,2025-07-10 20:06:00,2025-08-06 20:06:00,2025-08-06 20:06:00,6,27
SES-001671,BAT-001671,ZONE-016,2025-07-07 18:16:12,2025-07-23 18:16:12,2025-07-22 18:16:12,5,16
SES-001672,BAT-001672,ZONE-010,2025-09-03 16:51:36,2025-12-04 16:51:36,2025-12-04 16:51:36,1,92
SES-001673,BAT-001673,ZONE-008,2025-10-06 16:35:24,2025-11-26 16:35:24,2025-11-26 16:35:24,3,51
SES-001674,BAT-001674,ZONE-011,2025-09-16 15:39:00,2026-01-25 15:39:00,2026-01-25 15:39:00,7,131
SES-001675,BAT-001675,ZONE-004,2025-09-08 11:21:36,2025-11-02 11:21:36,2025-11-01 11:21:36,1,55
SES-001676,BAT-001676,ZONE-004,2025-09-26 20:18:36,2026-02-22 20:18:36,2026-02-22 20:18:36,7,149
SES-001677,BAT-001677,ZONE-004,2025-09-28 17:28:12,2025-11-19 17:28:12,2025-11-19 17:28:12,5,52
SES-001678,BAT-001678,ZONE-015,2025-08-03 16:40:12,2025-08-16 16:40:12,2025-08-16 16:40:12,8,13
SES-001679,BAT-001679,ZONE-002,2025-08-23 15:33:00,2025-09-03 15:33:00,2025-09-04 03:33:00,5,11
SES-001680,BAT-001680,ZONE-004,2025-10-05 16:52:12,2025-11-29 16:52:12,2025-11-29 16:52:12,2,55
SES-001681,BAT-001681,ZONE-008,2025-10-15 17:25:48,2026-01-14 17:25:48,2026-01-15 17:25:48,5,91
SES-001682,BAT-001682,ZONE-004,2025-09-15 16:18:00,2025-11-30 16:18:00,2025-11-30 16:18:00,7,76
SES-001683,BAT-001683,ZONE-017,2025-09-09 17:40:48,2025-10-05 17:40:48,2025-10-06 17:40:48,4,26
SES-001684,BAT-001684,ZONE-001,2025-09-26 09:37:48,2025-10-26 09:37:48,2025-10-26 21:37:48,3,30
SES-001685,BAT-001685,ZONE-024,2025-08-06 17:56:24,2025-09-10 17:56:24,2025-09-10 17:56:24,3,35
SES-001686,BAT-001686,ZONE-022,2025-09-08 14:31:48,2025-10-23 14:31:48,2025-10-24 14:31:48,7,45
SES-001687,BAT-001687,ZONE-004,2025-08-26 10:36:00,2025-11-06 10:36:00,2025-11-06 22:36:00,5,72
SES-001688,BAT-001688,ZONE-020,2025-09-02 20:43:12,2025-10-30 20:43:12,2025-10-30 20:43:12,1,58
SES-001689,BAT-001689,ZONE-006,2025-08-25 18:34:48,2025-12-07 18:34:48,2025-12-07 18:34:48,3,104
SES-001690,BAT-001690,ZONE-025,2025-10-13 12:42:36,2026-01-10 12:42:36,2026-01-10 12:42:36,8,89
SES-001691,BAT-001691,ZONE-004,2025-07-14 18:46:12,2025-07-19 18:46:12,2025-07-19 18:46:12,7,5
SES-001692,BAT-001692,ZONE-021,2025-10-10 19:35:24,2025-11-13 19:35:24,2025-11-13 19:35:24,2,34
SES-001693,BAT-001693,ZONE-017,2025-06-29 10:49:48,2025-07-18 10:49:48,2025-07-18 10:49:48,1,19
SES-001694,BAT-001694,ZONE-004,2025-05-28 18:48:00,2025-06-02 18:48:00,2025-06-01 18:48:00,6,5
SES-001695,BAT-001695,ZONE-006,2025-08-21 17:54:00,2025-10-12 17:54:00,2025-10-12 17:54:00,7,52
SES-001696,BAT-001696,ZONE-018,2025-10-02 15:12:36,2025-10-10 15:12:36,2025-10-10 15:12:36,1,8
SES-001697,BAT-001697,ZONE-014,2025-07-26 19:13:12,2025-08-13 19:13:12,2025-08-14 07:13:12,2,18
SES-001698,BAT-001698,ZONE-006,2025-10-20 17:15:00,2026-03-18 17:15:00,2026-03-18 17:15:00,8,149
SES-001699,BAT-001699,ZONE-019,2025-08-24 09:11:24,2025-09-16 09:11:24,2025-09-17 09:11:24,5,23
SES-001700,BAT-001700,ZONE-004,2025-10-20 11:16:48,2026-01-19 11:16:48,2026-01-19 23:16:48,3,91
SES-001701,BAT-001701,ZONE-006,2025-09-24 11:01:12,2026-01-11 11:01:12,2026-01-11 11:01:12,3,109
SES-001702,BAT-001702,ZONE-024,2025-10-08 16:13:12,2025-11-27 16:13:12,2025-11-27 16:13:12,4,50
SES-001703,BAT-001703,ZONE-002,2025-08-16 08:48:36,2025-08-20 08:48:36,2025-08-19 08:48:36,8,4
SES-001704,BAT-001704,ZONE-025,2025-10-09 19:43:48,2025-11-09 19:43:48,2025-11-08 19:43:48,7,31
SES-001705,BAT-001705,ZONE-013,2025-09-02 18:18:00,2025-10-19 18:18:00,2025-10-18 18:18:00,7,47
SES-001706,BAT-001706,ZONE-004,2025-08-24 17:09:36,2025-10-30 17:09:36,2025-10-31 17:09:36,3,67
SES-001707,BAT-001707,ZONE-013,2025-06-08 20:55:48,2025-06-14 20:55:48,2025-06-13 20:55:48,8,6
SES-001708,BAT-001708,ZONE-006,2025-10-02 08:51:00,2026-01-18 08:51:00,2026-01-19 08:51:00,3,108
SES-001709,BAT-001709,ZONE-012,2025-07-25 20:00:00,2025-08-10 20:00:00,2025-08-10 20:00:00,3,16
SES-001710,BAT-001710,ZONE-018,2025-10-06 09:03:00,2025-10-13 09:03:00,2025-10-13 09:03:00,4,7
SES-001711,BAT-001711,ZONE-006,2025-09-16 14:26:24,2025-11-23 14:26:24,2025-11-24 14:26:24,7,68
SES-001712,BAT-001712,ZONE-001,2025-09-08 17:40:12,2025-12-13 17:40:12,2025-12-14 17:40:12,2,96
SES-001713,BAT-001713,ZONE-021,2025-09-30 16:42:36,2025-12-08 16:42:36,2025-12-09 16:42:36,8,69
SES-001714,BAT-001714,ZONE-001,2025-10-07 14:52:12,2025-12-25 14:52:12,2025-12-26 14:52:12,8,79
SES-001715,BAT-001715,ZONE-002,2025-08-23 15:37:48,2025-10-31 15:37:48,2025-11-01 15:37:48,1,69
SES-001716,BAT-001716,ZONE-006,2025-06-17 19:52:48,2025-06-24 19:52:48,2025-06-25 07:52:48,5,7
SES-001717,BAT-001717,ZONE-006,2025-09-01 16:45:36,2026-01-06 16:45:36,2026-01-06 16:45:36,4,127
SES-001718,BAT-001718,ZONE-001,2025-09-13 10:56:24,2025-10-18 10:56:24,2025-10-18 10:56:24,3,35
SES-001719,BAT-001719,ZONE-004,2025-09-02 17:02:24,2025-12-10 17:02:24,2025-12-09 17:02:24,6,99
SES-001720,BAT-001720,ZONE-025,2025-10-08 17:14:24,2025-11-27 17:14:24,2025-11-27 17:14:24,7,50
SES-001721,BAT-001721,ZONE-006,2025-07-04 16:31:48,2025-07-07 16:31:48,2025-07-06 16:31:48,1,3
SES-001722,BAT-001722,ZONE-013,2025-08-08 20:33:36,2025-08-31 20:33:36,2025-08-31 20:33:36,2,23
SES-001723,BAT-001723,ZONE-002,2025-09-18 12:54:00,2025-12-31 12:54:00,2025-12-30 12:54:00,6,104
SES-001724,BAT-001724,ZONE-011,2025-09-12 19:28:48,2025-10-07 19:28:48,2025-10-07 19:28:48,2,25
SES-001725,BAT-001725,ZONE-004,2025-10-14 12:55:12,2026-02-21 12:55:12,2026-02-20 12:55:12,1,130
SES-001726,BAT-001726,ZONE-023,2025-07-03 14:21:36,2025-07-20 14:21:36,2025-07-21 14:21:36,3,17
SES-001727,BAT-001727,ZONE-006,2025-09-11 14:12:36,2025-11-21 14:12:36,2025-11-21 14:12:36,8,71
SES-001728,BAT-001728,ZONE-006,2025-09-12 16:46:48,2026-01-31 16:46:48,2026-01-30 16:46:48,7,141
SES-001729,BAT-001729,ZONE-004,2025-10-19 15:03:36,2026-02-23 15:03:36,2026-02-23 15:03:36,4,127
SES-001730,BAT-001730,ZONE-004,2025-05-30 17:55:48,2025-06-03 17:55:48,2025-06-02 17:55:48,6,4
SES-001731,BAT-001731,ZONE-006,2025-09-23 15:28:12,2025-10-15 15:28:12,2025-10-15 15:28:12,6,22
SES-001732,BAT-001732,ZONE-017,2025-08-27 17:48:36,2025-12-26 17:48:36,2025-12-27 17:48:36,7,121
SES-001733,BAT-001733,ZONE-004,2025-10-14 14:19:12,2026-01-22 14:19:12,2026-01-21 14:19:12,4,100
SES-001734,BAT-001734,ZONE-003,2025-10-18 12:38:24,2025-12-20 12:38:24,2025-12-20 12:38:24,1,63
SES-001735,BAT-001735,ZONE-004,2025-10-15 16:54:36,2026-01-28 16:54:36,2026-01-29 04:54:36,4,105
SES-001736,BAT-001736,ZONE-004,2025-09-28 12:46:12,2025-12-20 12:46:12,2025-12-19 12:46:12,6,83
SES-001737,BAT-001737,ZONE-004,2025-10-01 12:04:48,2025-10-18 12:04:48,2025-10-18 12:04:48,8,17
SES-001738,BAT-001738,ZONE-004,2025-09-10 11:58:48,2025-11-11 11:58:48,2025-11-11 11:58:48,2,62
SES-001739,BAT-001739,ZONE-006,2025-10-20 11:28:12,2026-02-28 11:28:12,2026-02-28 11:28:12,1,131
SES-001740,BAT-001740,ZONE-006,2025-09-16 12:32:24,2025-11-27 12:32:24,2025-11-26 12:32:24,2,72
SES-001741,BAT-001741,ZONE-006,2025-09-15 12:04:48,2025-12-02 12:04:48,2025-12-02 12:04:48,5,78
SES-001742,BAT-001742,ZONE-006,2025-09-07 15:10:48,2025-11-26 15:10:48,2025-11-25 15:10:48,7,80
SES-001743,BAT-001743,ZONE-003,2025-08-27 14:33:00,2025-12-05 14:33:00,2025-12-06 02:33:00,7,100
SES-001744,BAT-001744,ZONE-022,2025-10-11 14:22:48,2025-11-26 14:22:48,2025-11-26 14:22:48,4,46
SES-001745,BAT-001745,ZONE-004,2025-07-29 14:12:00,2025-08-20 14:12:00,2025-08-20 14:12:00,1,22
SES-001746,BAT-001746,ZONE-013,2025-07-03 09:17:24,2025-07-29 09:17:24,2025-07-28 09:17:24,8,26
SES-001747,BAT-001747,ZONE-003,2025-09-03 13:59:24,2025-12-15 13:59:24,2025-12-16 01:59:24,2,103
SES-001748,BAT-001748,ZONE-004,2025-09-23 15:28:48,2026-01-18 15:28:48,2026-01-17 15:28:48,3,117
SES-001749,BAT-001749,ZONE-005,2025-07-22 18:11:24,2025-07-28 18:11:24,2025-07-28 18:11:24,2,6
SES-001750,BAT-001750,ZONE-003,2025-10-04 09:00:00,2025-10-25 09:00:00,2025-10-25 09:00:00,3,21
SES-001751,BAT-001751,ZONE-019,2025-10-25 14:38:24,2025-12-02 14:38:24,2025-12-03 02:38:24,7,38
SES-001752,BAT-001752,ZONE-017,2025-09-03 12:02:24,2025-12-14 12:02:24,2025-12-15 12:02:24,2,102
SES-001753,BAT-001753,ZONE-013,2025-08-05 17:36:00,2025-09-05 17:36:00,2025-09-05 17:36:00,8,31
SES-001754,BAT-001754,ZONE-012,2025-08-13 17:54:36,2025-08-20 17:54:36,2025-08-21 05:54:36,5,7
SES-001755,BAT-001755,ZONE-011,2025-09-08 11:44:24,2025-10-02 11:44:24,2025-10-02 11:44:24,8,24
SES-001756,BAT-001756,ZONE-017,2025-09-08 17:15:36,2025-12-12 17:15:36,2025-12-12 17:15:36,3,95
SES-001757,BAT-001757,ZONE-002,2025-10-13 18:30:36,2025-12-16 18:30:36,2025-12-16 18:30:36,6,64
SES-001758,BAT-001758,ZONE-021,2025-09-30 13:07:48,2025-11-08 13:07:48,2025-11-08 13:07:48,5,39
SES-001759,BAT-001759,ZONE-006,2025-08-27 17:05:24,2025-12-03 17:05:24,2025-12-03 17:05:24,4,98
SES-001760,BAT-001760,ZONE-004,2025-08-07 16:59:24,2025-08-11 16:59:24,2025-08-11 16:59:24,5,4
SES-001761,BAT-001761,ZONE-008,2025-08-01 12:14:24,2025-08-31 12:14:24,2025-09-01 12:14:24,1,30
SES-001762,BAT-001762,ZONE-016,2025-09-25 08:54:00,2025-11-26 08:54:00,2025-11-25 08:54:00,8,62
SES-001763,BAT-001763,ZONE-016,2025-09-07 16:51:36,2025-11-05 16:51:36,2025-11-04 16:51:36,7,59
SES-001764,BAT-001764,ZONE-008,2025-09-05 16:25:48,2025-09-27 16:25:48,2025-09-27 16:25:48,6,22
SES-001765,BAT-001765,ZONE-014,2025-09-22 09:49:48,2025-10-15 09:49:48,2025-10-14 09:49:48,6,23
SES-001766,BAT-001766,ZONE-006,2025-06-01 17:53:24,2025-06-04 17:53:24,2025-06-04 17:53:24,7,3
SES-001767,BAT-001767,ZONE-025,2025-10-22 20:12:00,2025-12-08 20:12:00,2025-12-08 20:12:00,3,47
SES-001768,BAT-001768,ZONE-024,2025-09-05 14:20:24,2025-10-22 14:20:24,2025-10-22 14:20:24,4,47
SES-001769,BAT-001769,ZONE-004,2025-06-14 11:19:48,2025-06-19 11:19:48,2025-06-18 11:19:48,1,5
SES-001770,BAT-001770,ZONE-018,2025-08-20 14:12:36,2025-09-06 14:12:36,2025-09-06 14:12:36,1,17
SES-001771,BAT-001771,ZONE-017,2025-08-22 16:35:24,2025-12-04 16:35:24,2025-12-05 04:35:24,2,104
SES-001772,BAT-001772,ZONE-003,2025-08-06 17:08:24,2025-08-25 17:08:24,2025-08-25 17:08:24,5,19
SES-001773,BAT-001773,ZONE-012,2025-07-19 17:23:24,2025-07-30 17:23:24,2025-07-30 17:23:24,8,11
SES-001774,BAT-001774,ZONE-006,2025-09-15 18:33:36,2025-12-08 18:33:36,2025-12-08 18:33:36,5,84
SES-001775,BAT-001775,ZONE-003,2025-09-05 16:12:00,2025-11-17 16:12:00,2025-11-17 16:12:00,4,73
SES-001776,BAT-001776,ZONE-011,2025-10-13 17:54:36,2026-01-21 17:54:36,2026-01-21 17:54:36,5,100
SES-001777,BAT-001777,ZONE-020,2025-09-20 12:43:12,2025-11-03 12:43:12,2025-11-03 12:43:12,5,44
SES-001778,BAT-001778,ZONE-002,2025-09-16 14:27:36,2026-01-10 14:27:36,2026-01-09 14:27:36,2,116
SES-001779,BAT-001779,ZONE-017,2025-10-02 18:24:00,2026-02-07 18:24:00,2026-02-07 18:24:00,3,128
SES-001780,BAT-001780,ZONE-001,2025-08-25 15:20:24,2025-11-03 15:20:24,2025-11-03 15:20:24,4,70
SES-001781,BAT-001781,ZONE-016,2025-09-03 16:28:48,2025-10-09 16:28:48,2025-10-09 16:28:48,3,36
SES-001782,BAT-001782,ZONE-012,2025-07-18 14:13:12,2025-08-04 14:13:12,2025-08-03 14:13:12,7,17
SES-001783,BAT-001783,ZONE-023,2025-09-09 11:06:00,2025-09-27 11:06:00,2025-09-27 23:06:00,3,18
SES-001784,BAT-001784,ZONE-007,2025-08-10 14:12:36,2025-08-24 14:12:36,2025-08-23 14:12:36,2,14
SES-001785,BAT-001785,ZONE-013,2025-08-28 16:25:48,2025-12-08 16:25:48,2025-12-09 04:25:48,4,102
SES-001786,BAT-001786,ZONE-002,2025-10-25 16:40:48,2026-02-12 16:40:48,2026-02-12 16:40:48,7,110
SES-001787,BAT-001787,ZONE-022,2025-08-12 15:04:48,2025-09-07 15:04:48,2025-09-07 15:04:48,8,26
SES-001788,BAT-001788,ZONE-004,2025-10-17 17:16:48,2026-01-20 17:16:48,2026-01-21 17:16:48,6,95
SES-001789,BAT-001789,ZONE-006,2025-10-01 15:34:48,2026-01-25 15:34:48,2026-01-25 15:34:48,3,116
SES-001790,BAT-001790,ZONE-011,2025-07-19 16:29:24,2025-08-07 16:29:24,2025-08-07 16:29:24,2,19
SES-001791,BAT-001791,ZONE-009,2025-09-29 18:25:48,2025-12-21 18:25:48,2025-12-21 18:25:48,6,83
SES-001792,BAT-001792,ZONE-014,2025-09-01 12:37:12,2025-11-23 12:37:12,2025-11-23 12:37:12,6,83
SES-001793,BAT-001793,ZONE-004,2025-08-31 15:41:24,2025-09-30 15:41:24,2025-09-30 15:41:24,4,30
SES-001794,BAT-001794,ZONE-017,2025-10-14 17:46:12,2025-12-03 17:46:12,2025-12-04 05:46:12,7,50
SES-001795,BAT-001795,ZONE-004,2025-10-17 14:52:12,2025-12-20 14:52:12,2025-12-19 14:52:12,3,64
SES-001796,BAT-001796,ZONE-022,2025-10-24 16:19:12,2026-01-13 16:19:12,2026-01-13 16:19:12,7,81
SES-001797,BAT-001797,ZONE-024,2025-09-03 17:39:36,2025-10-15 17:39:36,2025-10-15 17:39:36,2,42
SES-001798,BAT-001798,ZONE-022,2025-10-03 12:58:48,2025-10-23 12:58:48,2025-10-23 12:58:48,5,20
SES-001799,BAT-001799,ZONE-022,2025-09-25 13:39:00,2025-12-02 13:39:00,2025-12-02 13:39:00,6,68
SES-001800,BAT-001800,ZONE-004,2025-10-16 14:10:48,2026-01-24 14:10:48,2026-01-24 14:10:48,8,100
